sample_id	GAT_embedding_1	GAT_embedding_2	GAT_embedding_3	GAT_embedding_4	GAT_embedding_5	GAT_embedding_6	GAT_embedding_7	GAT_embedding_8	GAT_embedding_9	GAT_embedding_10	GAT_embedding_11	GAT_embedding_12	GAT_embedding_13	GAT_embedding_14	GAT_embedding_15	GAT_embedding_16	GAT_embedding_17	GAT_embedding_18	GAT_embedding_19	GAT_embedding_20	GAT_embedding_21	GAT_embedding_22	GAT_embedding_23	GAT_embedding_24	GAT_embedding_25	GAT_embedding_26	GAT_embedding_27	GAT_embedding_28	GAT_embedding_29	GAT_embedding_30	GAT_embedding_31	GAT_embedding_32
TCGA-3C-AAAU-01	0.099514	0.241040	0.176665	-0.033141	0.087987	-0.148039	-0.357188	0.204127	0.040446	0.013283	0.008415	-0.183474	0.291587	-0.057306	-0.001376	-0.001071	0.090186	-0.123877	0.011940	0.112998	0.199887	0.156415	-0.050605	0.388756	0.209470	0.021247	0.061326	0.123598	0.185762	0.029092	0.114970	-0.104443
TCGA-3C-AALI-01	0.072820	0.219969	0.154495	-0.028401	-0.022907	-0.060470	-0.251451	0.068204	-0.032748	0.030129	0.048231	-0.084203	0.227626	-0.024083	-0.009262	0.032854	0.072225	-0.067576	0.024542	0.088913	0.146977	0.096475	0.024447	0.279908	0.126175	0.046060	0.022832	0.151995	0.080836	0.010439	-0.020596	-0.062824
TCGA-3C-AALJ-01	0.169322	0.272872	0.287766	-0.056179	0.013407	-0.109680	-0.306727	0.264986	0.105169	0.098640	-0.034709	-0.144338	0.379563	-0.026664	0.152676	0.134348	0.134295	-0.245610	0.102365	0.187730	0.219706	0.192640	0.010047	0.494803	0.289921	-0.040935	0.027908	0.342610	0.109800	0.051679	-0.021315	-0.038022
TCGA-3C-AALK-01	0.078878	0.060634	0.198681	-0.047124	0.044423	-0.069722	-0.056549	0.347213	0.156582	0.032348	-0.083118	-0.046078	0.216759	0.010106	0.226786	0.196164	0.127931	-0.152453	0.130816	0.161931	0.092769	0.079858	-0.065038	0.359959	0.153460	-0.227210	-0.009018	0.274901	-0.014888	0.095581	0.017068	0.045051
TCGA-4H-AAAK-01	-0.065040	-0.289573	0.000261	-0.035216	0.114377	-0.010965	0.332379	0.440737	0.219421	-0.089747	-0.172308	0.095287	-0.081886	0.072500	0.293456	0.235558	0.087396	0.017899	0.141150	0.081872	-0.105909	-0.080072	-0.187306	0.085805	-0.046708	-0.479659	-0.057687	0.096863	-0.174276	0.142503	0.119963	0.162471
TCGA-5L-AAT0-01	-0.053759	-0.268166	0.026842	-0.035156	0.131942	-0.037051	0.292358	0.475097	0.232835	-0.084375	-0.167328	0.062681	-0.053112	0.057036	0.299542	0.238277	0.105542	-0.011210	0.148629	0.106384	-0.068735	-0.061956	-0.199820	0.134280	-0.010638	-0.464364	-0.049035	0.116311	-0.157811	0.150821	0.145846	0.143902
TCGA-5T-A9QA-01	0.216401	0.397702	0.314781	-0.030747	-0.009252	-0.108873	-0.433224	0.197498	0.079051	0.159663	-0.012309	-0.209863	0.463403	-0.059872	0.095777	0.098562	0.131141	-0.267393	0.088977	0.140892	0.261016	0.258178	0.064249	0.573185	0.321917	0.051927	0.058870	0.368775	0.171822	0.011114	-0.056314	-0.063270
TCGA-A1-A0SB-01	-0.202643	-0.304438	-0.342901	0.062584	-0.056717	0.116231	0.306030	-0.412753	-0.155547	-0.091937	0.094553	0.177150	-0.409384	0.058548	-0.218494	-0.219915	-0.194773	0.229528	-0.173048	-0.214051	-0.241951	-0.226181	0.014274	-0.574699	-0.293174	0.111771	-0.030414	-0.418858	-0.102925	-0.093666	0.006086	0.018534
TCGA-A1-A0SF-01	-0.092387	-0.232678	0.008499	-0.021519	0.111843	-0.036432	0.266008	0.393452	0.179122	-0.098603	-0.116578	0.050736	-0.056838	0.040236	0.215018	0.198760	0.096165	0.031591	0.118236	0.058275	-0.079032	-0.073885	-0.189115	0.105185	-0.073154	-0.418405	-0.031074	0.062710	-0.138087	0.134363	0.122979	0.125745
TCGA-A1-A0SG-01	0.037566	0.229636	0.178272	-0.006985	0.061078	-0.127187	-0.300221	0.161328	-0.003286	-0.002341	0.082102	-0.150450	0.274891	-0.087761	-0.059598	0.024114	0.111576	-0.049535	-0.004714	0.096984	0.136087	0.110963	-0.071560	0.357774	0.096542	0.006566	0.071342	0.122805	0.133172	0.038225	0.043759	-0.069405
TCGA-A1-A0SI-01	-0.088648	-0.123642	0.027695	-0.016825	0.089872	-0.053047	0.136758	0.300041	0.110111	-0.092457	-0.054509	0.003401	0.002198	0.012841	0.112906	0.135703	0.089418	0.037696	0.073457	0.042347	-0.041630	-0.043719	-0.156278	0.131108	-0.068050	-0.309004	-0.002300	0.035801	-0.067214	0.105939	0.101640	0.073298
TCGA-A1-A0SN-01	0.088041	0.240834	0.229633	-0.033310	0.008108	-0.089073	-0.237007	0.234412	0.069556	0.048799	-0.000062	-0.120911	0.319061	-0.039672	0.089145	0.134367	0.133195	-0.135407	0.096046	0.102414	0.144767	0.139567	-0.014580	0.428372	0.141653	-0.096323	0.038366	0.264561	0.082722	0.061020	-0.027068	-0.010548
TCGA-A1-A0SQ-01	0.059764	0.088701	0.143904	-0.038475	0.110471	-0.137884	-0.187574	0.325426	0.115794	-0.015645	-0.038880	-0.123671	0.219308	-0.029435	0.096217	0.087640	0.102013	-0.132762	0.068902	0.145707	0.137488	0.102838	-0.122630	0.377298	0.169620	-0.156047	0.033636	0.141595	0.099470	0.073622	0.144653	-0.029242
TCGA-A2-A0CK-01	-0.142235	-0.458217	-0.072946	-0.028367	0.123796	0.024698	0.538303	0.458440	0.265110	-0.110708	-0.204117	0.168380	-0.231469	0.093929	0.334042	0.264479	0.067383	0.062367	0.154405	0.046128	-0.186056	-0.166836	-0.226571	-0.059810	-0.138063	-0.567250	-0.084149	0.031904	-0.282049	0.158416	0.129273	0.214513
TCGA-A2-A0CO-01	-0.067823	-0.327420	0.008444	-0.042201	0.105276	-0.006285	0.384529	0.459603	0.253350	-0.070416	-0.191269	0.107157	-0.103531	0.078248	0.340856	0.256681	0.082148	-0.021941	0.162630	0.096370	-0.099262	-0.091130	-0.188095	0.071463	-0.036479	-0.487477	-0.070652	0.115023	-0.207690	0.145841	0.112269	0.178777
TCGA-A2-A0CR-01	-0.129446	-0.398604	-0.072873	-0.028495	0.070334	0.053006	0.495743	0.341951	0.209608	-0.086183	-0.171789	0.173149	-0.229143	0.096734	0.282561	0.222270	0.039151	0.054763	0.129106	0.029223	-0.165759	-0.155255	-0.160145	-0.103328	-0.133102	-0.457921	-0.077991	0.026081	-0.274082	0.123767	0.070575	0.197247
TCGA-A2-A0EP-01	-0.219127	-0.453793	-0.281004	0.021478	0.005555	0.131130	0.551570	-0.079665	0.018809	-0.117091	-0.062403	0.240624	-0.448533	0.098298	0.024145	-0.004999	-0.091588	0.206302	-0.024658	-0.137060	-0.275634	-0.257292	-0.081673	-0.499207	-0.312835	-0.197376	-0.068794	-0.269642	-0.263390	0.012729	0.023413	0.127167
TCGA-A2-A1FV-01	0.200989	0.424552	0.319463	-0.021889	0.022418	-0.169612	-0.516701	0.230383	0.060378	0.125844	0.024101	-0.259073	0.494777	-0.103080	0.066507	0.083707	0.151242	-0.265134	0.079474	0.162246	0.285637	0.263738	0.012703	0.635469	0.326955	0.046609	0.069283	0.322946	0.224315	0.019104	0.013844	-0.097803
TCGA-A2-A1FW-01	0.196965	0.466592	0.320148	-0.014260	-0.002563	-0.156512	-0.539346	0.162302	0.011765	0.128923	0.057518	-0.255135	0.496874	-0.106443	0.010407	0.066825	0.145943	-0.234180	0.062945	0.136138	0.286835	0.263395	0.043488	0.614426	0.298972	0.095929	0.077664	0.318491	0.226944	0.004152	-0.025025	-0.110415
TCGA-A2-A1FX-01	0.172782	0.320269	0.262567	-0.052738	0.043835	-0.137422	-0.392790	0.246248	0.073452	0.097972	-0.007062	-0.194861	0.396416	-0.057137	0.090248	0.083596	0.127526	-0.236944	0.078699	0.161544	0.241912	0.215834	-0.005452	0.527144	0.293363	-0.011697	0.056411	0.273542	0.181465	0.021274	0.030698	-0.064170
TCGA-A2-A1FZ-01	-0.079114	-0.058416	0.060612	-0.012478	0.070345	-0.062278	0.081964	0.274812	0.100067	-0.070012	-0.031103	-0.023740	0.054972	-0.007686	0.086502	0.131719	0.099477	0.011470	0.076455	0.031595	-0.015466	-0.017919	-0.130080	0.179794	-0.062778	-0.275599	0.020154	0.064491	-0.043754	0.095218	0.060784	0.061342
TCGA-A2-A1G0-01	-0.078891	-0.179154	0.015894	-0.030651	0.107361	-0.066307	0.150972	0.326751	0.140772	-0.093309	-0.073607	0.018443	-0.019588	0.019939	0.137931	0.129186	0.071184	0.000364	0.069831	0.083681	-0.031216	-0.055265	-0.179077	0.114481	-0.031297	-0.317177	-0.007467	0.027878	-0.075272	0.104192	0.132625	0.072906
TCGA-A2-A1G1-01	-0.067033	0.081080	-0.234065	0.097635	-0.154254	0.127366	-0.072972	-0.708761	-0.335283	0.018419	0.224063	0.056152	-0.249743	-0.057534	-0.439413	-0.334365	-0.201173	0.219612	-0.244881	-0.259041	-0.110270	-0.119627	0.208769	-0.540253	-0.222150	0.561081	0.022585	-0.365371	0.061685	-0.182915	-0.157291	-0.135057
TCGA-A2-A1G4-01	0.140244	0.389554	0.297327	-0.008451	0.018154	-0.149679	-0.462236	0.167575	0.032742	0.098493	0.071929	-0.216780	0.448506	-0.110017	-0.004819	0.050351	0.125148	-0.206955	0.028282	0.141035	0.219597	0.210639	0.008036	0.549543	0.228331	0.068419	0.093782	0.274176	0.205877	0.012406	-0.037399	-0.087380
TCGA-A2-A1G6-01	-0.255220	-0.556141	-0.339657	0.014262	0.036787	0.109999	0.597370	-0.042781	0.039255	-0.157006	-0.070490	0.262160	-0.483250	0.128164	0.048681	-0.024458	-0.124986	0.215714	-0.045007	-0.120249	-0.319460	-0.275327	-0.132910	-0.516138	-0.319571	-0.290857	-0.076309	-0.336935	-0.265922	0.021759	0.107675	0.149376
TCGA-A2-A259-01	-0.170344	-0.472610	-0.123075	-0.039210	0.098220	0.040277	0.541708	0.354240	0.205104	-0.125116	-0.171952	0.172651	-0.290474	0.103595	0.270575	0.197009	0.029297	0.072366	0.112075	0.035754	-0.182315	-0.168894	-0.206283	-0.156165	-0.156472	-0.500593	-0.069752	-0.060400	-0.268529	0.113650	0.128502	0.200246
TCGA-A2-A25A-01	-0.078099	-0.369274	0.005328	-0.077697	0.105105	-0.020741	0.381864	0.459855	0.259657	-0.096388	-0.180871	0.126740	-0.112827	0.096446	0.348174	0.225634	0.059053	-0.072233	0.128957	0.172079	-0.094025	-0.102770	-0.207549	0.042677	-0.013628	-0.496861	-0.061363	0.077815	-0.196529	0.134329	0.116302	0.169154
TCGA-A2-A25B-01	0.137781	0.466456	0.288758	-0.008442	0.008567	-0.154443	-0.538214	0.110710	-0.043556	0.074199	0.111413	-0.246460	0.460749	-0.113033	-0.087414	0.019955	0.141934	-0.148960	0.022591	0.101360	0.267683	0.235774	0.023941	0.548854	0.224677	0.125990	0.096483	0.236190	0.242072	0.012816	-0.008294	-0.135591
TCGA-A2-A25C-01	0.005823	0.148750	0.154326	-0.019518	0.064695	-0.124181	-0.197306	0.208089	0.030175	-0.032690	0.041995	-0.119344	0.226061	-0.060383	-0.011642	0.052530	0.101889	-0.060002	0.020389	0.095157	0.096655	0.080309	-0.095843	0.325799	0.063892	-0.089503	0.058214	0.107677	0.101691	0.052383	0.051337	-0.032111
TCGA-A2-A25D-01	-0.005946	-0.126392	0.079233	-0.036349	0.057536	-0.011791	0.182981	0.347321	0.180309	-0.008200	-0.129669	0.026769	0.010552	0.041985	0.247397	0.206695	0.098699	-0.065656	0.139617	0.093429	-0.000642	-0.004016	-0.094073	0.162133	0.038072	-0.315372	-0.029443	0.161512	-0.122357	0.099584	0.044414	0.107449
TCGA-A2-A25E-01	0.098522	0.352282	0.240604	-0.017133	0.022998	-0.151043	-0.437956	0.134496	-0.022133	0.040364	0.090791	-0.198525	0.382510	-0.097965	-0.068607	0.022864	0.118139	-0.126630	0.016744	0.119631	0.223660	0.173843	-0.023378	0.470770	0.178771	0.072256	0.081574	0.189186	0.194547	0.018537	0.015843	-0.109396
TCGA-A2-A25F-01	-0.160711	-0.155872	-0.333757	0.101163	-0.106674	0.143887	0.188519	-0.645555	-0.262547	-0.044967	0.165381	0.137844	-0.415414	-0.013088	-0.360883	-0.314293	-0.195431	0.252568	-0.222865	-0.277839	-0.211707	-0.212332	0.111675	-0.692406	-0.317298	0.402515	-0.011212	-0.449623	-0.048736	-0.161875	-0.098300	-0.073352
TCGA-A2-A3KC-01	0.072117	-0.013138	0.182125	-0.056452	0.066268	-0.067521	0.026047	0.417854	0.212695	0.030059	-0.129993	-0.028318	0.182411	0.022080	0.291184	0.229726	0.130592	-0.169097	0.154504	0.169431	0.069683	0.067495	-0.098574	0.344836	0.148541	-0.300845	-0.018879	0.280023	-0.046920	0.108451	0.034799	0.083218
TCGA-A2-A3KD-01	-0.107252	-0.328633	-0.066814	-0.041079	0.111585	-0.007057	0.335109	0.323724	0.175644	-0.104519	-0.150071	0.100872	-0.158958	0.078628	0.207817	0.132562	0.027798	0.036959	0.069963	0.060875	-0.113503	-0.108876	-0.175377	-0.053405	-0.077883	-0.380138	-0.042438	-0.033047	-0.154303	0.107318	0.144390	0.122812
TCGA-A2-A3XS-01	-0.026965	0.082250	-0.254807	0.095846	-0.161383	0.145590	-0.086004	-0.755769	-0.346406	0.044969	0.218311	0.061140	-0.273362	-0.056142	-0.426228	-0.354856	-0.226743	0.216840	-0.256380	-0.267937	-0.112917	-0.119694	0.238000	-0.592344	-0.195287	0.623304	0.007440	-0.377326	0.074768	-0.208311	-0.162473	-0.142127
TCGA-A2-A3XT-01	-0.146148	-0.148872	-0.318851	0.101839	-0.109605	0.163166	0.174393	-0.655582	-0.253782	-0.034575	0.163463	0.146177	-0.432485	-0.026379	-0.369256	-0.291350	-0.204379	0.278272	-0.213282	-0.292830	-0.207547	-0.231740	0.131589	-0.728821	-0.321187	0.444584	-0.024042	-0.435547	-0.049884	-0.153168	-0.117585	-0.078269
TCGA-A2-A3XU-01	-0.038104	0.049782	-0.280782	0.096006	-0.139330	0.140901	-0.069606	-0.755734	-0.347601	0.021239	0.209646	0.064739	-0.300164	-0.043822	-0.432005	-0.370225	-0.230201	0.244196	-0.271011	-0.272256	-0.124412	-0.124910	0.214972	-0.626769	-0.198975	0.622809	0.000015	-0.410271	0.083703	-0.210481	-0.130829	-0.149931
TCGA-A2-A3XV-01	0.024277	0.086926	0.016031	-0.005135	-0.074587	0.069170	0.006726	-0.088996	-0.069591	0.051431	0.019502	0.041036	0.016531	0.036505	0.020366	0.034062	0.000773	0.014833	0.020413	-0.057126	-0.007496	0.009187	0.097567	0.007019	-0.034541	0.037898	-0.014693	0.067466	-0.046105	-0.007061	-0.102303	0.038178
TCGA-A2-A3XW-01	-0.260923	-0.667168	-0.293116	-0.018722	0.068168	0.131707	0.777972	0.200414	0.177986	-0.160526	-0.179352	0.311327	-0.510379	0.161408	0.235982	0.143764	-0.062055	0.184782	0.063000	-0.068015	-0.341952	-0.300077	-0.192946	-0.458659	-0.318302	-0.516179	-0.106100	-0.218345	-0.378788	0.097958	0.106616	0.241764
TCGA-A2-A3XX-01	-0.067292	0.009043	-0.290067	0.103482	-0.143097	0.149795	-0.018677	-0.747514	-0.327630	0.016164	0.212398	0.084077	-0.332190	-0.048726	-0.426276	-0.355504	-0.227650	0.248427	-0.257123	-0.282048	-0.142662	-0.157463	0.202921	-0.650122	-0.234924	0.588799	-0.001214	-0.418320	0.049482	-0.199760	-0.135744	-0.136684
TCGA-A2-A3XY-01	-0.110721	-0.109216	-0.306152	0.089632	-0.117999	0.157565	0.127993	-0.645150	-0.261983	-0.015816	0.157836	0.132328	-0.389698	-0.017982	-0.350043	-0.296172	-0.210609	0.247928	-0.215907	-0.267602	-0.188219	-0.200146	0.154325	-0.673708	-0.273321	0.449387	-0.018326	-0.407690	-0.029183	-0.159358	-0.115951	-0.081738
TCGA-A2-A3XZ-01	-0.156604	-0.336491	-0.182032	-0.001963	-0.012307	0.125580	0.451670	-0.002362	0.033437	-0.078427	-0.066991	0.199898	-0.340006	0.091520	0.071976	0.057787	-0.058856	0.145942	0.011210	-0.087359	-0.194882	-0.191653	-0.040830	-0.350488	-0.213723	-0.177662	-0.068027	-0.139130	-0.239841	0.028721	-0.009056	0.139888
TCGA-A2-A3Y0-01	-0.076048	0.030568	-0.275048	0.114406	-0.151521	0.148970	-0.021874	-0.775006	-0.344086	0.007379	0.225683	0.080545	-0.331946	-0.055068	-0.462370	-0.365029	-0.220319	0.253541	-0.261240	-0.287331	-0.136655	-0.158949	0.211875	-0.663983	-0.248541	0.624901	0.002484	-0.415158	0.049854	-0.197510	-0.156574	-0.149530
TCGA-A2-A4RW-01	0.097584	0.018986	0.204714	-0.061703	0.051813	-0.072532	-0.009506	0.404995	0.199966	0.037670	-0.123879	-0.028217	0.210977	0.027653	0.299442	0.215583	0.124054	-0.192698	0.154637	0.196325	0.088022	0.086445	-0.071668	0.362920	0.188502	-0.262237	-0.023704	0.304807	-0.030533	0.105142	0.028098	0.063291
TCGA-A2-A4RX-01	-0.122329	-0.172684	-0.314862	0.078508	-0.096982	0.162387	0.196737	-0.555433	-0.218877	-0.043091	0.113051	0.156318	-0.414904	0.009466	-0.288574	-0.255962	-0.199075	0.263635	-0.193776	-0.244946	-0.210164	-0.213922	0.123566	-0.672187	-0.272732	0.355609	-0.031516	-0.392959	-0.064477	-0.129815	-0.080168	-0.058296
TCGA-A2-A4RY-01	-0.157552	-0.531322	-0.127950	-0.030475	0.105684	0.051999	0.615590	0.420760	0.255607	-0.125378	-0.218985	0.216570	-0.303833	0.129453	0.356370	0.249784	0.034580	0.073808	0.150574	0.045879	-0.217159	-0.191417	-0.214408	-0.150347	-0.156405	-0.582370	-0.100496	-0.006536	-0.325166	0.153113	0.138866	0.229265
TCGA-A2-A4S0-01	0.068916	0.116189	0.086972	-0.046142	0.104711	-0.120585	-0.246227	0.162671	0.038102	-0.015575	-0.047785	-0.128014	0.155377	-0.013592	0.008272	-0.056388	0.025752	-0.077769	-0.024888	0.096627	0.143342	0.106866	-0.046436	0.199268	0.168987	0.034214	0.041744	0.015999	0.157918	0.011218	0.161267	-0.100387
TCGA-A2-A4S1-01	-0.017366	-0.017171	-0.229555	0.012593	-0.089628	0.099928	0.035624	-0.442096	-0.211556	0.017073	0.064969	0.072431	-0.188150	0.078024	-0.202611	-0.277939	-0.147938	0.101051	-0.162812	-0.142753	-0.075183	-0.051301	0.154588	-0.346435	-0.089947	0.258228	0.009386	-0.283337	0.031446	-0.128537	-0.053825	-0.081692
TCGA-A2-A4S2-01	0.037486	-0.075111	0.138436	-0.042080	0.081014	-0.062716	0.092815	0.404546	0.195366	-0.009989	-0.132987	0.006144	0.116471	0.041326	0.280360	0.211744	0.114847	-0.118662	0.135321	0.153564	0.026539	0.036091	-0.105086	0.271043	0.122173	-0.311231	-0.033512	0.236923	-0.079364	0.122835	0.065199	0.084757
TCGA-A2-A4S3-01	-0.070073	-0.113608	-0.022125	-0.011998	0.002910	0.037525	0.180368	0.101578	0.040495	-0.034044	-0.030870	0.070879	-0.093260	0.042281	0.073833	0.082514	0.026247	0.048034	0.036680	-0.000955	-0.045486	-0.063220	-0.028541	-0.044145	-0.057530	-0.136778	-0.025359	0.013976	-0.124802	0.045321	-0.000309	0.066803
TCGA-A7-A13D-01	-0.029847	0.089134	-0.253015	0.093910	-0.152820	0.133923	-0.105445	-0.745835	-0.354126	0.024717	0.219184	0.048492	-0.263261	-0.049526	-0.439873	-0.364585	-0.221189	0.230114	-0.261830	-0.255976	-0.107743	-0.113322	0.230853	-0.578305	-0.189993	0.620764	0.009661	-0.385784	0.093184	-0.203567	-0.139325	-0.156600
TCGA-A7-A13E-01	-0.007930	0.149254	-0.221918	0.097773	-0.174958	0.135694	-0.151440	-0.770496	-0.367798	0.057326	0.231469	0.038801	-0.220358	-0.067373	-0.447965	-0.361865	-0.224031	0.201808	-0.266006	-0.258833	-0.091088	-0.085265	0.263598	-0.549740	-0.169497	0.662136	0.019070	-0.349506	0.101881	-0.212533	-0.183107	-0.159331
TCGA-A7-A13F-01	0.181235	0.407354	0.312601	-0.029592	0.029202	-0.158868	-0.481987	0.230482	0.039492	0.101372	0.035466	-0.232833	0.471251	-0.089067	0.049551	0.089315	0.154816	-0.222533	0.079158	0.154514	0.274765	0.247097	0.005627	0.602363	0.300952	0.038312	0.067872	0.322768	0.207959	0.030311	0.012548	-0.090229
TCGA-A7-A13G-01	0.035086	0.133591	0.151847	-0.023057	0.096810	-0.139896	-0.213035	0.241791	0.056298	-0.025358	0.012573	-0.123093	0.241138	-0.043262	0.036495	0.049499	0.090876	-0.088048	0.018216	0.115466	0.101084	0.099957	-0.103171	0.354507	0.114931	-0.091393	0.043835	0.120699	0.126999	0.055150	0.091393	-0.038343
TCGA-A7-A13H-01	-0.090270	-0.334855	-0.015931	-0.036396	0.112934	-0.000919	0.390834	0.435855	0.234432	-0.088774	-0.180169	0.110719	-0.126885	0.077012	0.302319	0.238922	0.079889	0.017124	0.144615	0.073154	-0.117816	-0.104720	-0.195121	0.038038	-0.070506	-0.488717	-0.062363	0.075039	-0.205331	0.143939	0.118304	0.172825
TCGA-A7-A26E-01	0.023893	-0.004263	0.145927	-0.034277	0.092783	-0.080984	0.018222	0.410404	0.174833	-0.016427	-0.090502	-0.046275	0.167334	0.002546	0.225912	0.219465	0.149985	-0.086604	0.151228	0.109041	0.041258	0.046939	-0.131809	0.346103	0.068247	-0.339110	-0.002688	0.219732	-0.030507	0.118852	0.070545	0.072650
TCGA-A7-A26F-01	-0.038811	0.093489	-0.114149	0.040005	-0.123625	0.091769	-0.031808	-0.398894	-0.222351	0.016523	0.124925	0.051880	-0.109658	-0.001772	-0.227876	-0.167331	-0.096619	0.131165	-0.122321	-0.151436	-0.042134	-0.058962	0.156723	-0.257081	-0.136921	0.287514	0.011146	-0.164074	0.003598	-0.087946	-0.129157	-0.058390
TCGA-A7-A26G-01	-0.155360	-0.156755	-0.310945	0.080857	-0.091138	0.131272	0.173037	-0.558498	-0.235032	-0.056046	0.145351	0.129727	-0.376472	0.003380	-0.319145	-0.275707	-0.188067	0.250602	-0.204551	-0.252710	-0.197421	-0.201964	0.090144	-0.614834	-0.295239	0.327242	-0.012233	-0.415204	-0.043210	-0.132965	-0.067806	-0.051822
TCGA-A7-A26H-01	0.106460	0.051819	0.174854	-0.068579	0.053232	-0.076251	-0.070489	0.337890	0.148274	0.024308	-0.104854	-0.047990	0.204105	0.020134	0.237926	0.152839	0.099103	-0.184886	0.111923	0.195306	0.103849	0.099743	-0.068238	0.333629	0.193618	-0.194947	-0.016297	0.230621	0.027788	0.069181	0.044919	0.039701
TCGA-A7-A26I-01	-0.095212	0.000057	-0.267128	0.088542	-0.119269	0.128935	0.001428	-0.655402	-0.304786	-0.017293	0.194328	0.073896	-0.301049	-0.036808	-0.409248	-0.316467	-0.192660	0.252119	-0.235145	-0.258852	-0.140337	-0.153504	0.164868	-0.576955	-0.248940	0.493677	0.006126	-0.393438	0.034611	-0.166658	-0.114769	-0.119222
TCGA-A7-A26J-01	0.142780	0.339427	0.278348	-0.036897	0.035942	-0.150785	-0.416820	0.226117	0.041457	0.070763	0.038822	-0.193379	0.411741	-0.078871	0.039390	0.084372	0.138563	-0.192345	0.064932	0.156897	0.235539	0.198335	-0.019566	0.533738	0.246401	0.003039	0.062559	0.271621	0.180373	0.032713	0.015743	-0.079268
TCGA-A7-A2KD-01	-0.087378	-0.158370	0.023362	-0.019019	0.093629	-0.040697	0.183985	0.325610	0.132560	-0.090681	-0.077545	0.024578	-0.018741	0.022267	0.147383	0.157161	0.090814	0.040872	0.085424	0.045981	-0.056992	-0.053613	-0.163555	0.112486	-0.069803	-0.338183	-0.014124	0.047784	-0.093521	0.114625	0.099299	0.092970
TCGA-A7-A3IY-01	-0.123553	-0.191269	-0.104356	-0.015389	0.066737	-0.013871	0.158308	0.071130	0.019695	-0.100815	-0.035606	0.051525	-0.139036	0.038790	-0.012876	-0.033938	-0.031265	0.098939	-0.052041	-0.015630	-0.082828	-0.088549	-0.098853	-0.139129	-0.108188	-0.131512	0.006177	-0.155398	-0.048769	0.031661	0.112992	0.026973
TCGA-A7-A3IZ-01	0.171621	0.170505	0.248125	-0.054159	0.085678	-0.124053	-0.228676	0.405303	0.180031	0.080688	-0.108042	-0.149885	0.342868	-0.026491	0.250206	0.169736	0.150562	-0.247817	0.135121	0.212679	0.189943	0.190578	-0.069033	0.525484	0.301167	-0.165756	0.009100	0.317545	0.100648	0.081325	0.089567	0.004157
TCGA-A7-A3J0-01	0.016141	0.021477	0.015192	-0.046528	0.100486	-0.084243	-0.123801	0.132980	0.029653	-0.041023	-0.061049	-0.082769	0.043740	0.008447	-0.001169	-0.067073	-0.004570	-0.028528	-0.042614	0.060227	0.085675	0.057735	-0.053298	0.067533	0.102849	0.003105	0.033519	-0.059498	0.105693	0.007283	0.163357	-0.067106
TCGA-A7-A3J1-01	-0.073268	-0.317786	-0.006208	-0.048814	0.128625	-0.025479	0.339101	0.446831	0.238602	-0.086528	-0.188498	0.076436	-0.104380	0.077161	0.301832	0.213542	0.075737	-0.021510	0.135454	0.101512	-0.083441	-0.079827	-0.193165	0.063231	-0.024988	-0.459575	-0.051360	0.066366	-0.164934	0.137439	0.151550	0.148603
TCGA-A7-A3RF-01	0.086615	0.168968	0.131378	-0.044762	0.105342	-0.138233	-0.297444	0.201699	0.052386	0.001089	-0.038187	-0.158823	0.219070	-0.027308	0.022655	-0.025540	0.060087	-0.104806	0.000753	0.104952	0.175021	0.129917	-0.049217	0.294028	0.197131	0.016234	0.049151	0.069881	0.175155	0.024535	0.156029	-0.103372
TCGA-A7-A425-01	-0.146669	-0.442648	-0.081321	-0.024609	0.117064	0.013454	0.504163	0.422814	0.229983	-0.126957	-0.182795	0.159198	-0.232070	0.102257	0.304499	0.234734	0.060333	0.064269	0.138144	0.055543	-0.166038	-0.155354	-0.206553	-0.072562	-0.122756	-0.527692	-0.082262	0.013967	-0.269885	0.157913	0.149176	0.184545
TCGA-A7-A426-01	-0.077553	-0.401252	-0.026832	-0.045812	0.130560	-0.008219	0.437510	0.504501	0.278661	-0.090551	-0.218768	0.122092	-0.150254	0.102994	0.384437	0.264842	0.081098	-0.024064	0.174467	0.118065	-0.111556	-0.100425	-0.210296	0.049263	-0.022678	-0.551725	-0.080221	0.091538	-0.230264	0.160804	0.168242	0.185226
TCGA-A7-A4SA-01	-0.119698	-0.368335	-0.055621	-0.023720	0.106572	0.005105	0.417345	0.392222	0.203251	-0.109917	-0.158868	0.126384	-0.184320	0.084860	0.270219	0.212930	0.062661	0.051040	0.126131	0.058757	-0.127163	-0.124118	-0.181197	-0.030104	-0.087974	-0.459781	-0.068902	0.028760	-0.225421	0.142242	0.137700	0.156868
TCGA-A7-A4SB-01	-0.071501	-0.421776	-0.030136	-0.044797	0.152484	-0.018233	0.450371	0.551570	0.297416	-0.100936	-0.242216	0.116335	-0.151222	0.107666	0.410554	0.276949	0.092603	-0.022791	0.191420	0.127722	-0.111685	-0.094944	-0.230359	0.069428	-0.013951	-0.590159	-0.084652	0.095997	-0.228327	0.176120	0.201476	0.188756
TCGA-A7-A4SC-01	-0.083981	-0.410685	-0.029837	-0.037376	0.097451	0.020312	0.493172	0.477184	0.276603	-0.081852	-0.222037	0.160808	-0.172618	0.111257	0.400710	0.285475	0.077116	-0.011655	0.190106	0.094587	-0.138228	-0.117948	-0.186416	0.011190	-0.055830	-0.556817	-0.093315	0.114704	-0.276711	0.161754	0.117594	0.205267
TCGA-A7-A4SD-01	-0.045766	-0.008647	-0.280960	0.086646	-0.124912	0.143663	-0.004350	-0.676579	-0.310527	-0.001216	0.172985	0.085640	-0.318617	-0.017100	-0.375402	-0.332363	-0.216601	0.239194	-0.243882	-0.241990	-0.139870	-0.141276	0.200251	-0.616031	-0.191542	0.543905	-0.011940	-0.383205	0.042994	-0.177411	-0.101246	-0.126918
TCGA-A7-A4SE-01	-0.072982	-0.047116	-0.295768	0.088877	-0.122529	0.148244	0.041945	-0.668244	-0.296023	-0.012919	0.168963	0.104650	-0.348859	-0.016380	-0.371417	-0.324068	-0.216075	0.250982	-0.237180	-0.248360	-0.159592	-0.165198	0.180951	-0.644527	-0.222541	0.511947	-0.016502	-0.400197	0.019652	-0.170840	-0.099615	-0.115570
TCGA-A7-A4SF-01	0.228921	0.299608	0.278643	-0.056051	0.036053	-0.135361	-0.377192	0.279779	0.073419	0.086995	-0.054704	-0.172159	0.408171	-0.017197	0.171273	0.106547	0.131937	-0.255139	0.112626	0.212664	0.260236	0.240359	0.005644	0.555290	0.363805	-0.010721	0.000592	0.335887	0.160845	0.039778	0.069182	-0.066699
TCGA-A7-A56D-01	0.057640	-0.081078	0.143184	-0.040996	0.089233	-0.050174	0.119464	0.456975	0.227898	0.008000	-0.163701	-0.000609	0.118198	0.045330	0.342561	0.258584	0.146813	-0.123369	0.188115	0.142389	0.033972	0.047758	-0.107420	0.305337	0.128605	-0.368010	-0.042846	0.275743	-0.100082	0.136768	0.079420	0.100884
TCGA-A7-A5ZV-01	0.054540	0.203913	-0.188070	0.081439	-0.199995	0.144790	-0.191169	-0.774261	-0.369942	0.101916	0.218696	0.028520	-0.168791	-0.056661	-0.414095	-0.358709	-0.230714	0.136895	-0.248859	-0.237895	-0.059433	-0.041520	0.319228	-0.495075	-0.106090	0.690210	0.024363	-0.288969	0.113714	-0.220530	-0.217776	-0.153914
TCGA-A7-A5ZW-01	-0.110809	-0.444571	-0.113667	-0.038637	0.105355	0.041891	0.512307	0.378349	0.220366	-0.109078	-0.209599	0.177659	-0.246177	0.124980	0.311709	0.205398	0.030486	0.057367	0.130666	0.048266	-0.186938	-0.151257	-0.186497	-0.104673	-0.117748	-0.521180	-0.085956	-0.010914	-0.250240	0.125833	0.129859	0.194508
TCGA-A7-A5ZX-01	-0.070515	-0.429750	-0.030954	-0.050164	0.132243	0.008685	0.494303	0.542316	0.304435	-0.088315	-0.253931	0.146937	-0.162663	0.117114	0.436366	0.299866	0.087918	-0.018869	0.198107	0.115724	-0.142192	-0.105758	-0.215590	0.041924	-0.035141	-0.608023	-0.092785	0.116880	-0.257446	0.167664	0.153660	0.218777
TCGA-A7-A6VV-01	-0.047536	-0.037311	-0.277343	0.078285	-0.124290	0.155169	0.041417	-0.635637	-0.279048	0.006873	0.145523	0.101015	-0.331010	-0.011759	-0.337582	-0.297273	-0.217692	0.228036	-0.224601	-0.239708	-0.152464	-0.149263	0.193471	-0.614239	-0.196187	0.494349	-0.019047	-0.361666	0.012358	-0.167649	-0.112063	-0.094811
TCGA-A7-A6VW-01	-0.030968	0.052326	-0.225042	0.082859	-0.155009	0.150063	-0.015633	-0.648144	-0.301920	0.033285	0.168243	0.077266	-0.264211	-0.028950	-0.349336	-0.283590	-0.197220	0.199440	-0.213299	-0.238197	-0.113001	-0.115405	0.226557	-0.542058	-0.181843	0.521824	-0.005774	-0.307153	0.022029	-0.166019	-0.162063	-0.097099
TCGA-A7-A6VX-01	0.041186	-0.042094	0.143575	-0.040864	0.090230	-0.055601	0.079505	0.434060	0.206316	0.000081	-0.135421	-0.021024	0.128990	0.021087	0.284624	0.243476	0.148900	-0.092059	0.172077	0.121523	0.035854	0.037788	-0.116432	0.315243	0.091210	-0.347667	-0.029226	0.243744	-0.065624	0.124977	0.064962	0.089803
TCGA-A7-A6VY-01	-0.010635	0.023539	-0.247121	0.075441	-0.143760	0.158007	-0.005945	-0.651980	-0.292012	0.040481	0.150214	0.080404	-0.287123	-0.019079	-0.336873	-0.295432	-0.218373	0.192619	-0.223157	-0.235597	-0.123947	-0.115007	0.232024	-0.572524	-0.159527	0.534270	-0.011294	-0.320878	0.027178	-0.177159	-0.146206	-0.093841
TCGA-AC-A23C-01	0.051069	0.251414	0.215572	-0.027837	-0.002498	-0.093507	-0.260317	0.153255	0.014252	0.019474	0.052124	-0.119184	0.304846	-0.051010	0.005142	0.073607	0.111434	-0.100090	0.039630	0.096877	0.131230	0.110473	-0.013520	0.376509	0.090422	-0.031508	0.054410	0.195233	0.101966	0.045544	-0.043551	-0.037640
TCGA-AC-A23E-01	0.033994	0.188825	0.171833	-0.013125	0.043444	-0.096478	-0.212773	0.199636	0.028564	-0.004428	0.032390	-0.113834	0.257133	-0.049517	0.016236	0.079535	0.119262	-0.050493	0.040695	0.083503	0.100742	0.092874	-0.059133	0.352651	0.073211	-0.091204	0.047387	0.157838	0.087729	0.062647	0.023235	-0.029494
TCGA-AC-A23G-01	-0.135276	-0.404129	-0.149216	-0.030098	0.059181	0.071809	0.487808	0.212528	0.142007	-0.096137	-0.153536	0.188605	-0.274328	0.122904	0.200634	0.128520	-0.011795	0.087149	0.071610	-0.007585	-0.202234	-0.169524	-0.125815	-0.198869	-0.165865	-0.405976	-0.072948	-0.083190	-0.237786	0.085056	0.069346	0.165641
TCGA-AC-A23H-01	0.139486	0.463861	0.257076	-0.008023	-0.072631	-0.081085	-0.473990	-0.015745	-0.084865	0.102830	0.105494	-0.191304	0.411546	-0.075333	-0.087985	0.009077	0.100463	-0.133037	0.021283	0.056985	0.233467	0.208087	0.107715	0.450509	0.175837	0.173763	0.074455	0.233279	0.192056	-0.014832	-0.100369	-0.116769
TCGA-AC-A2B8-01	-0.041992	-0.016015	0.097766	-0.015087	0.072839	-0.070453	0.025273	0.288873	0.100047	-0.052846	-0.026438	-0.038702	0.102823	-0.010416	0.102847	0.140282	0.113242	-0.011782	0.078631	0.065418	0.011179	0.002304	-0.119856	0.233048	-0.015025	-0.249922	0.016398	0.109927	-0.028406	0.100057	0.060241	0.046049
TCGA-AC-A2BK-01	0.031751	0.138793	-0.265700	0.093157	-0.166180	0.130486	-0.181406	-0.800522	-0.373348	0.058951	0.217610	0.020690	-0.239794	-0.043590	-0.470130	-0.438368	-0.258754	0.186300	-0.287074	-0.234745	-0.043906	-0.054890	0.253356	-0.551839	-0.110310	0.701894	0.017862	-0.414500	0.153735	-0.242836	-0.127421	-0.189843
TCGA-AC-A2BM-01	0.182929	0.310455	0.275416	-0.047627	0.060553	-0.145229	-0.387942	0.289797	0.098162	0.100378	-0.024549	-0.196159	0.410733	-0.062667	0.121180	0.105400	0.143266	-0.237852	0.091117	0.175886	0.242912	0.218195	-0.023888	0.555825	0.307599	-0.033733	0.046903	0.301294	0.171989	0.040129	0.047587	-0.060957
TCGA-AC-A2FB-01	-0.198063	-0.390561	-0.151336	-0.011251	0.031626	0.088675	0.503218	0.153497	0.110293	-0.105667	-0.087556	0.181808	-0.320854	0.074022	0.124483	0.120997	-0.014521	0.133743	0.042704	-0.052207	-0.202531	-0.193066	-0.124334	-0.270098	-0.229800	-0.325167	-0.047283	-0.118192	-0.263988	0.068213	0.028538	0.176441
TCGA-AC-A2FE-01	-0.049737	-0.288978	0.022645	-0.047767	0.085447	0.012576	0.373044	0.434623	0.251235	-0.039555	-0.195669	0.101707	-0.083758	0.084536	0.346674	0.264261	0.095765	-0.043296	0.175136	0.085921	-0.089339	-0.069302	-0.153595	0.084569	-0.030050	-0.482223	-0.059235	0.140164	-0.212612	0.131120	0.066413	0.179372
TCGA-AC-A2FF-01	-0.248505	-0.593873	-0.246499	-0.022121	0.079971	0.096776	0.696267	0.238082	0.171912	-0.166210	-0.163297	0.260808	-0.440359	0.134418	0.213859	0.148056	-0.031490	0.171663	0.070202	-0.050169	-0.303730	-0.266885	-0.200884	-0.365167	-0.299411	-0.512673	-0.085604	-0.187763	-0.337989	0.100687	0.107242	0.226076
TCGA-AC-A2FG-01	-0.128708	-0.378580	-0.062991	-0.038837	0.131210	-0.016151	0.400786	0.423894	0.213450	-0.131632	-0.168103	0.106307	-0.171821	0.085775	0.265347	0.201327	0.060030	0.045903	0.120158	0.065022	-0.126783	-0.123251	-0.226269	-0.006140	-0.097233	-0.499465	-0.059747	-0.006221	-0.189296	0.141043	0.176257	0.163119
TCGA-AC-A2FK-01	-0.272492	-0.690174	-0.360437	-0.007663	0.055882	0.138231	0.767022	0.073279	0.119006	-0.171534	-0.149919	0.322811	-0.563973	0.168998	0.173884	0.056092	-0.118407	0.206959	0.008458	-0.096459	-0.364316	-0.309382	-0.177706	-0.561505	-0.335304	-0.431867	-0.109930	-0.316433	-0.351863	0.052675	0.127736	0.220606
TCGA-AC-A2FM-01	0.191747	0.319911	0.294070	-0.040290	0.001882	-0.105143	-0.346764	0.246818	0.117516	0.141862	-0.030388	-0.178040	0.415593	-0.050804	0.142845	0.122562	0.132772	-0.270364	0.099646	0.158147	0.225574	0.220361	0.023825	0.536760	0.292643	-0.022291	0.047246	0.352387	0.131595	0.025327	-0.046778	-0.029727
TCGA-AC-A2FO-01	-0.038300	-0.223569	0.043989	-0.050085	0.091423	-0.022433	0.255798	0.405862	0.216737	-0.040170	-0.152326	0.049382	-0.037605	0.059269	0.285858	0.218895	0.094386	-0.064830	0.145039	0.109614	-0.030384	-0.039452	-0.152349	0.133203	0.017577	-0.404533	-0.038031	0.118870	-0.144603	0.115035	0.096970	0.130902
TCGA-AC-A2QH-01	0.013644	0.000926	-0.248874	0.004879	-0.082959	0.087934	0.009684	-0.452891	-0.212136	0.042050	0.050154	0.076148	-0.168737	0.091537	-0.187482	-0.307097	-0.162249	0.064630	-0.166195	-0.125796	-0.069835	-0.026898	0.176535	-0.318117	-0.047568	0.251475	0.001404	-0.294667	0.054393	-0.147135	-0.047233	-0.096741
TCGA-AC-A2QI-01	-0.058576	-0.330137	0.011750	-0.056253	0.135589	-0.028469	0.357361	0.505296	0.267049	-0.079590	-0.206877	0.073115	-0.099570	0.080410	0.349439	0.252146	0.096489	-0.048369	0.173326	0.122510	-0.067629	-0.066325	-0.213981	0.108346	-0.000802	-0.515577	-0.059847	0.093282	-0.172048	0.142136	0.162522	0.164418
TCGA-AC-A2QJ-01	-0.067857	-0.116888	-0.275097	0.021043	-0.076945	0.116214	0.144697	-0.445437	-0.192531	-0.012529	0.055971	0.120717	-0.277619	0.080246	-0.199273	-0.265619	-0.160570	0.140278	-0.158961	-0.162689	-0.137622	-0.114269	0.119064	-0.448797	-0.166622	0.215523	-0.006192	-0.330658	-0.020639	-0.118750	-0.047367	-0.059364
TCGA-AC-A3BB-01	-0.130706	-0.472135	-0.080874	-0.048390	0.110952	0.037027	0.557507	0.445061	0.267538	-0.102998	-0.222797	0.174599	-0.249576	0.118245	0.358635	0.255831	0.057476	0.025317	0.163739	0.064863	-0.173294	-0.155116	-0.213693	-0.079119	-0.119431	-0.571968	-0.084369	0.018352	-0.281310	0.141420	0.123969	0.218257
TCGA-AC-A3EH-01	0.062674	0.065229	0.167772	-0.023099	0.066797	-0.064626	-0.037436	0.341978	0.137315	0.021682	-0.075729	-0.058144	0.210388	-0.000317	0.203499	0.195752	0.145151	-0.096249	0.128876	0.106606	0.053203	0.081803	-0.086360	0.360365	0.098516	-0.257507	-0.008674	0.241086	-0.007264	0.101278	0.038260	0.053963
TCGA-AC-A3HN-01	-0.164780	-0.542805	-0.147275	-0.048287	0.107956	0.056683	0.624639	0.393201	0.244932	-0.135011	-0.225856	0.216452	-0.328136	0.139572	0.332019	0.219035	0.016025	0.070144	0.132679	0.044858	-0.225848	-0.197808	-0.217679	-0.191963	-0.168396	-0.569066	-0.095548	-0.056181	-0.302880	0.133445	0.137979	0.226084
TCGA-AC-A3OD-01	0.045637	-0.093395	0.136152	-0.049092	0.072703	-0.043453	0.121802	0.423492	0.224663	0.014225	-0.155886	0.007607	0.105371	0.039915	0.312801	0.238422	0.115723	-0.131694	0.159996	0.147512	0.027766	0.034935	-0.107771	0.271709	0.112730	-0.340935	-0.035369	0.246744	-0.094619	0.115034	0.052246	0.109249
TCGA-AC-A3QP-01	-0.128775	-0.408647	-0.071180	-0.032536	0.117295	0.016101	0.462914	0.402975	0.224747	-0.115349	-0.176244	0.148998	-0.202779	0.087096	0.282179	0.217980	0.054051	0.063768	0.123183	0.052551	-0.169549	-0.153644	-0.215856	-0.054781	-0.127466	-0.502851	-0.074349	0.006742	-0.235144	0.139413	0.129939	0.185138
TCGA-AC-A3QQ-01	-0.035922	-0.216714	0.068968	-0.038709	0.113986	-0.042148	0.246863	0.475645	0.234273	-0.059914	-0.160603	0.041549	-0.000242	0.047001	0.306792	0.252829	0.118367	-0.037852	0.161256	0.110974	-0.043223	-0.041451	-0.187071	0.187614	0.011913	-0.446813	-0.050879	0.159337	-0.143519	0.147384	0.120991	0.143933
TCGA-AC-A3TM-01	-0.051186	-0.253713	0.038205	-0.035411	0.116572	-0.023344	0.298660	0.453810	0.232866	-0.065415	-0.165497	0.071138	-0.043840	0.054681	0.301846	0.247579	0.104286	-0.011890	0.152422	0.093514	-0.077923	-0.065547	-0.188667	0.133696	-0.023362	-0.456264	-0.057215	0.129235	-0.163209	0.144438	0.111131	0.153233
TCGA-AC-A3TN-01	0.055572	-0.005050	0.166998	-0.035912	0.091206	-0.075597	0.019627	0.414796	0.187099	0.005452	-0.112495	-0.036911	0.179025	0.012656	0.256378	0.217477	0.139189	-0.114020	0.143449	0.140874	0.046079	0.065031	-0.120811	0.350609	0.119755	-0.306119	-0.021578	0.247058	-0.028007	0.119537	0.068357	0.072165
TCGA-AC-A3W5-01	-0.022639	0.082787	-0.041811	0.009263	-0.090429	0.070519	-0.014505	-0.215224	-0.139938	0.018785	0.077831	0.040253	-0.043674	0.019776	-0.104826	-0.062425	-0.035259	0.073890	-0.054966	-0.087206	-0.009027	-0.025745	0.110083	-0.111890	-0.068115	0.150298	-0.000735	-0.049760	-0.023291	-0.040807	-0.097196	-0.018759
TCGA-AC-A3W6-01	-0.110752	-0.394588	-0.045090	-0.035607	0.098611	0.030720	0.486864	0.422157	0.246130	-0.086737	-0.197735	0.154743	-0.191632	0.096039	0.328411	0.254272	0.066278	0.029349	0.157167	0.053304	-0.154640	-0.133558	-0.189531	-0.029852	-0.107521	-0.519957	-0.078726	0.058179	-0.256251	0.141648	0.095939	0.201236
TCGA-AC-A3W7-01	-0.061176	-0.252755	0.037663	-0.037972	0.103709	-0.024732	0.291794	0.426157	0.225699	-0.072797	-0.149359	0.078995	-0.036063	0.055634	0.288468	0.228635	0.088859	-0.021053	0.129373	0.102967	-0.086289	-0.065444	-0.187453	0.122561	-0.030371	-0.438783	-0.052991	0.116820	-0.155664	0.138308	0.094921	0.149871
TCGA-AC-A3YI-01	-0.206634	-0.549969	-0.221299	-0.025149	0.069708	0.100048	0.651974	0.227753	0.170205	-0.134537	-0.172687	0.254048	-0.400192	0.141532	0.229544	0.148560	-0.030785	0.141676	0.074132	-0.037235	-0.277862	-0.241541	-0.170369	-0.329645	-0.251650	-0.482218	-0.090731	-0.147611	-0.319496	0.099184	0.090539	0.212440
TCGA-AC-A3YJ-01	0.074135	0.095615	0.151730	-0.042096	0.115481	-0.123823	-0.173468	0.320505	0.118137	-0.003910	-0.066841	-0.122700	0.211905	-0.014589	0.123453	0.087517	0.103504	-0.119182	0.070491	0.126906	0.133381	0.107482	-0.095588	0.356330	0.179079	-0.140076	0.023486	0.150616	0.098583	0.075687	0.140476	-0.026637
TCGA-AC-A4ZE-01	0.176861	0.173767	0.268201	-0.048644	0.052656	-0.116994	-0.208764	0.381880	0.169980	0.085404	-0.103091	-0.117697	0.349012	-0.009392	0.266547	0.190472	0.140058	-0.254306	0.153762	0.209724	0.185111	0.185170	-0.034799	0.511345	0.300333	-0.148254	-0.006588	0.370473	0.071665	0.084956	0.044809	0.006656
TCGA-AC-A5EH-01	0.077953	0.195953	0.172604	-0.022854	0.016381	-0.077403	-0.217639	0.180632	0.027409	0.028760	0.010395	-0.100337	0.251964	-0.030098	0.058064	0.093177	0.109583	-0.084336	0.064963	0.092805	0.131602	0.108976	-0.018388	0.349392	0.131294	-0.068060	0.026331	0.193744	0.073580	0.045229	0.007925	-0.028539
TCGA-AC-A5XS-01	-0.076267	-0.276310	0.014666	-0.025015	0.084814	-0.006355	0.341982	0.391612	0.205859	-0.067678	-0.149969	0.101332	-0.096066	0.073933	0.285335	0.233198	0.089020	-0.005328	0.149128	0.076138	-0.079102	-0.080746	-0.142819	0.061560	-0.034407	-0.421111	-0.062646	0.119351	-0.213828	0.140561	0.091564	0.140347
TCGA-AC-A5XU-01	0.178307	0.250426	0.278442	-0.054819	0.032636	-0.119307	-0.292020	0.309106	0.123259	0.090986	-0.058902	-0.144305	0.377835	-0.027555	0.182381	0.149230	0.143113	-0.245776	0.114282	0.191770	0.217328	0.194011	-0.018325	0.513102	0.294938	-0.081553	0.022837	0.345721	0.107278	0.061358	0.012096	-0.028441
TCGA-AC-A62V-01	0.248295	0.408550	0.347374	-0.057447	0.014631	-0.150781	-0.479553	0.249626	0.080565	0.140400	-0.024360	-0.223055	0.498360	-0.051492	0.133635	0.105842	0.150068	-0.314333	0.107226	0.213398	0.307329	0.284551	0.037453	0.617986	0.399767	0.054461	0.038698	0.393511	0.202300	0.031076	0.000120	-0.093438
TCGA-AC-A62X-01	-0.027149	-0.010830	-0.252401	0.074180	-0.135556	0.160946	0.035532	-0.612747	-0.271005	0.028578	0.131021	0.092764	-0.307255	-0.014526	-0.311719	-0.268564	-0.212735	0.205549	-0.212266	-0.232660	-0.138095	-0.127985	0.210755	-0.581054	-0.171239	0.487371	-0.022103	-0.317715	0.001668	-0.165772	-0.135658	-0.073594
TCGA-AC-A62Y-01	-0.035522	-0.134867	0.043953	-0.042801	0.116612	-0.065375	0.108709	0.337566	0.153593	-0.066507	-0.114869	-0.004116	0.011369	0.034247	0.164978	0.119390	0.070915	-0.031872	0.071665	0.093082	0.001355	-0.012177	-0.135168	0.134120	0.031517	-0.275034	-0.005149	0.060497	-0.044213	0.103669	0.138504	0.049160
TCGA-AC-A6IV-01	-0.162531	-0.473950	-0.119469	-0.037937	0.089241	0.053800	0.563001	0.355757	0.223107	-0.113430	-0.187352	0.192661	-0.277061	0.119762	0.294683	0.215438	0.035161	0.065729	0.128519	0.026496	-0.200380	-0.180727	-0.187622	-0.147995	-0.168665	-0.529827	-0.076327	-0.030217	-0.293296	0.132424	0.101856	0.206098
TCGA-AC-A6IW-01	-0.051861	0.002683	-0.285357	0.094735	-0.150102	0.155383	-0.007848	-0.736342	-0.312478	0.021507	0.191437	0.089432	-0.336868	-0.038454	-0.422974	-0.365919	-0.243752	0.223842	-0.251882	-0.256585	-0.126006	-0.140136	0.207104	-0.651869	-0.209229	0.595982	-0.000139	-0.414176	0.047612	-0.205133	-0.139668	-0.132948
TCGA-AC-A6IX-01	0.051793	-0.025282	0.165874	-0.046052	0.053732	-0.043322	0.063574	0.386315	0.208006	0.031357	-0.120471	-0.014620	0.148322	0.023937	0.275638	0.228876	0.128725	-0.141450	0.154263	0.136891	0.043936	0.045234	-0.082050	0.304182	0.105604	-0.305641	-0.015658	0.265330	-0.076528	0.103631	0.006538	0.087671
TCGA-AC-A6NO-01	-0.030956	-0.170079	0.068180	-0.041870	0.125597	-0.065554	0.160066	0.418645	0.194692	-0.071906	-0.123081	0.023933	0.023945	0.031427	0.232607	0.188343	0.098375	-0.031918	0.105833	0.124036	-0.029892	-0.032455	-0.184335	0.183713	0.023825	-0.364474	-0.032136	0.115421	-0.080244	0.128355	0.126179	0.098128
TCGA-AC-A7VB-01	0.300118	0.527944	0.375421	-0.051108	-0.008912	-0.160985	-0.605807	0.184359	0.038006	0.176294	-0.006638	-0.277566	0.567315	-0.075218	0.079050	0.069865	0.144020	-0.344706	0.102031	0.199324	0.362894	0.345686	0.081433	0.683331	0.446436	0.146250	0.055700	0.409258	0.271681	-0.008175	-0.020811	-0.131156
TCGA-AC-A7VC-01	-0.022007	-0.054883	-0.261762	0.011793	-0.077939	0.101611	0.063557	-0.458059	-0.203876	0.017437	0.053450	0.091107	-0.222168	0.085225	-0.202166	-0.295944	-0.166479	0.099783	-0.166942	-0.140499	-0.100346	-0.067541	0.152364	-0.385625	-0.100200	0.246978	0.001277	-0.317813	0.025660	-0.136887	-0.043650	-0.087598
TCGA-AC-A8OP-01	0.145852	0.188608	0.280951	-0.066585	0.038090	-0.115512	-0.222177	0.343434	0.156508	0.074017	-0.065094	-0.115570	0.345699	-0.018579	0.211784	0.170024	0.143261	-0.251408	0.116450	0.218437	0.182573	0.157115	-0.041104	0.474323	0.263405	-0.128334	0.016275	0.342407	0.071270	0.077854	-0.003980	-0.003578
TCGA-AC-A8OQ-01	-0.162145	-0.207208	-0.329456	0.086947	-0.094109	0.161219	0.237230	-0.579517	-0.219762	-0.055156	0.129032	0.165746	-0.450151	-0.001327	-0.312590	-0.261133	-0.195464	0.276314	-0.190522	-0.270957	-0.224277	-0.244316	0.101044	-0.710975	-0.324344	0.350084	-0.032223	-0.427698	-0.081537	-0.133385	-0.084923	-0.049478
TCGA-AC-A8OR-01	0.005314	0.007952	0.019289	-0.037844	0.094055	-0.074493	-0.103052	0.137355	0.030920	-0.042444	-0.049036	-0.071264	0.044480	-0.000168	-0.008901	-0.052351	0.001235	-0.012770	-0.037496	0.060358	0.071320	0.047312	-0.060483	0.073113	0.079026	-0.012042	0.035217	-0.048644	0.087400	0.018844	0.147029	-0.059686
TCGA-AC-A8OS-01	-0.116692	-0.483783	-0.076604	-0.043626	0.111518	0.033665	0.562550	0.481466	0.285652	-0.100608	-0.236489	0.182445	-0.241274	0.123849	0.400246	0.279616	0.059639	0.015331	0.180862	0.080480	-0.166945	-0.149616	-0.213846	-0.055645	-0.090900	-0.594212	-0.097727	0.054058	-0.297414	0.160250	0.144345	0.226503
TCGA-AO-A12B-01	0.097111	0.176035	0.127546	-0.035607	0.109916	-0.141215	-0.308947	0.186465	0.041254	0.000097	-0.029835	-0.154572	0.227938	-0.031023	0.017372	-0.033836	0.052314	-0.103785	-0.006522	0.107517	0.169815	0.142395	-0.050669	0.299451	0.203608	0.034426	0.042619	0.072163	0.183866	0.018441	0.154829	-0.108751
TCGA-AO-A1KO-01	-0.253269	-0.493994	-0.348808	0.030723	0.002465	0.112885	0.520032	-0.161338	-0.021240	-0.142301	-0.011267	0.245834	-0.466371	0.114586	-0.040755	-0.085595	-0.156785	0.221319	-0.089305	-0.154878	-0.304610	-0.268807	-0.091211	-0.534655	-0.317915	-0.183255	-0.064074	-0.372698	-0.218698	-0.013555	0.078157	0.117097
TCGA-AO-A1KP-01	0.180591	0.438090	0.312969	-0.014603	0.030354	-0.164515	-0.523726	0.196652	0.022786	0.104470	0.063444	-0.240535	0.488333	-0.114233	0.005572	0.063273	0.149454	-0.204237	0.056192	0.145126	0.263331	0.247378	0.003258	0.604518	0.278946	0.071764	0.082318	0.302015	0.230610	0.017891	0.001393	-0.110724
TCGA-AO-A1KQ-01	0.033716	0.297009	0.156720	0.014811	0.020970	-0.101146	-0.350767	0.035275	-0.076172	0.017732	0.130748	-0.156665	0.261891	-0.094443	-0.140858	-0.026430	0.092057	-0.009010	-0.036960	0.038428	0.149032	0.121094	-0.003789	0.308821	0.083430	0.118776	0.079949	0.091567	0.148115	0.005177	0.009776	-0.105302
TCGA-AO-A1KR-01	-0.079106	0.065746	-0.267429	0.129872	-0.159278	0.134364	-0.066885	-0.807749	-0.364060	0.023345	0.253313	0.065669	-0.298191	-0.076435	-0.490759	-0.382414	-0.220067	0.242797	-0.279282	-0.295514	-0.132686	-0.139698	0.218200	-0.636758	-0.251035	0.644185	0.019787	-0.418949	0.067551	-0.209528	-0.170836	-0.160546
TCGA-AO-A1KS-01	0.084706	0.264166	0.230395	-0.018949	0.001225	-0.094475	-0.275630	0.182427	0.042296	0.058998	0.039887	-0.131297	0.320794	-0.066994	0.036772	0.104123	0.123203	-0.129681	0.060845	0.108133	0.155635	0.130872	-0.003419	0.416712	0.138862	-0.025627	0.052310	0.246243	0.091345	0.045449	-0.041916	-0.032943
TCGA-AO-A1KT-01	0.096112	0.368609	0.245139	-0.009816	0.017500	-0.132114	-0.430614	0.121903	-0.031760	0.048343	0.090842	-0.199859	0.393016	-0.092846	-0.068295	0.030771	0.126073	-0.104295	0.006973	0.103678	0.206028	0.177319	-0.001798	0.473907	0.165011	0.070660	0.083823	0.211518	0.177285	0.025740	-0.005084	-0.089262
TCGA-AQ-A0Y5-01	0.037799	-0.021608	0.069935	-0.033317	0.011676	0.005422	0.074390	0.209848	0.089693	0.004389	-0.089965	0.022223	0.046587	0.037028	0.180238	0.141508	0.063995	-0.050130	0.099010	0.066977	0.010584	0.020802	-0.030468	0.127306	0.052396	-0.179694	-0.033276	0.139895	-0.060548	0.059245	0.008647	0.066653
TCGA-AQ-A1H2-01	0.156407	0.472571	0.290409	-0.009524	0.034669	-0.166717	-0.551221	0.133290	-0.036204	0.079447	0.093942	-0.265856	0.488918	-0.109900	-0.061250	0.013984	0.143483	-0.166623	0.015341	0.112327	0.264949	0.260277	0.010143	0.583702	0.254034	0.132728	0.091922	0.253207	0.258940	0.009219	0.012560	-0.117862
TCGA-AQ-A1H3-01	0.026538	0.119472	0.186288	-0.018044	0.063662	-0.102013	-0.140791	0.272971	0.096950	-0.003906	0.004256	-0.088404	0.238464	-0.050116	0.086068	0.123756	0.119446	-0.090473	0.050603	0.121572	0.065377	0.067902	-0.088194	0.352094	0.071334	-0.150128	0.041015	0.192095	0.048823	0.076799	0.009728	0.009332
TCGA-AQ-A54N-01	-0.042117	0.013337	-0.296254	0.093431	-0.134295	0.143874	-0.032926	-0.732054	-0.330139	0.012936	0.194613	0.078069	-0.321930	-0.031692	-0.411940	-0.364593	-0.233956	0.236470	-0.262683	-0.259415	-0.131078	-0.133488	0.213549	-0.638986	-0.182153	0.605954	-0.012888	-0.404903	0.058452	-0.202772	-0.117525	-0.142984
TCGA-AQ-A54O-01	-0.070659	-0.211397	0.007507	-0.028067	0.130195	-0.045373	0.213752	0.366370	0.164062	-0.095035	-0.126736	0.039359	-0.049794	0.043371	0.190046	0.153278	0.079290	0.027306	0.085435	0.066987	-0.059686	-0.051785	-0.168623	0.081473	-0.034755	-0.355063	-0.022388	0.043154	-0.100172	0.122300	0.144091	0.089385
TCGA-AQ-A7U7-01	-0.048851	-0.201216	0.034816	-0.040264	0.060868	0.008496	0.274431	0.334670	0.184538	-0.034823	-0.141300	0.072913	-0.056170	0.058699	0.243701	0.202222	0.075645	-0.025065	0.125055	0.067814	-0.057808	-0.050960	-0.109982	0.068339	-0.023714	-0.347025	-0.037876	0.116160	-0.163494	0.106154	0.038743	0.134915
TCGA-AR-A1AI-01	-0.042299	0.088805	-0.268364	0.108841	-0.156365	0.137050	-0.104477	-0.803097	-0.368723	0.023842	0.238958	0.046627	-0.291532	-0.062914	-0.492357	-0.400472	-0.233380	0.236556	-0.280956	-0.274930	-0.102395	-0.120372	0.231371	-0.627323	-0.205551	0.678567	0.015135	-0.421349	0.099730	-0.219816	-0.153078	-0.174722
TCGA-AR-A1AJ-01	-0.129916	-0.069144	-0.307551	0.108746	-0.123804	0.136211	0.086763	-0.698225	-0.301074	-0.022258	0.197951	0.107842	-0.362637	-0.033342	-0.408834	-0.339224	-0.202898	0.247177	-0.244420	-0.280532	-0.180080	-0.181078	0.149331	-0.657524	-0.287959	0.484795	0.002028	-0.435635	-0.001692	-0.177008	-0.120880	-0.105261
TCGA-AR-A1AK-01	-0.116995	-0.095653	-0.002637	0.006173	0.022350	-0.000675	0.150499	0.135654	0.049440	-0.058973	0.009722	0.030197	-0.046065	-0.009383	0.018537	0.089142	0.048943	0.070142	0.028750	-0.018029	-0.063592	-0.069993	-0.084518	0.023649	-0.129502	-0.188798	0.016270	-0.007183	-0.098468	0.062504	0.003363	0.070669
TCGA-AR-A1AL-01	-0.150510	-0.255448	-0.069303	-0.005617	0.078520	-0.019141	0.267720	0.230438	0.102872	-0.118698	-0.054826	0.072024	-0.123526	0.038589	0.090962	0.101408	0.033126	0.083963	0.044887	0.001598	-0.114070	-0.116884	-0.166844	-0.016835	-0.146118	-0.337464	-0.014681	-0.065933	-0.128246	0.090285	0.109042	0.102070
TCGA-AR-A1AM-01	-0.107967	-0.299209	-0.029196	-0.033548	0.115485	-0.025294	0.313822	0.379869	0.185626	-0.111221	-0.134458	0.078450	-0.113179	0.060724	0.220781	0.178949	0.067424	0.034757	0.101368	0.068749	-0.098088	-0.100966	-0.201002	0.031820	-0.077823	-0.426684	-0.042871	0.014881	-0.155307	0.129155	0.144336	0.133266
TCGA-AR-A1AN-01	-0.169826	-0.228251	-0.074066	0.007540	0.072709	-0.015145	0.261398	0.187577	0.073609	-0.121906	-0.033755	0.068335	-0.129700	0.023460	0.044115	0.081529	0.033612	0.114063	0.022200	-0.019956	-0.134704	-0.118357	-0.153732	-0.047556	-0.185014	-0.304100	-0.002926	-0.088691	-0.121363	0.086446	0.085261	0.082918
TCGA-AR-A1AO-01	-0.165346	-0.202442	-0.297181	0.064172	-0.077147	0.132440	0.253076	-0.454192	-0.187630	-0.064555	0.099164	0.157340	-0.373530	0.036636	-0.237072	-0.217786	-0.154920	0.226233	-0.160451	-0.219535	-0.205504	-0.203020	0.065757	-0.565493	-0.290351	0.204591	-0.019550	-0.366561	-0.096281	-0.095709	-0.056569	-0.019358
TCGA-AR-A1AP-01	0.033474	0.127102	0.176755	-0.009873	0.062846	-0.088170	-0.123176	0.275094	0.093666	0.009839	-0.007599	-0.093025	0.227065	-0.048484	0.092168	0.142839	0.131398	-0.074001	0.076833	0.087835	0.066404	0.073994	-0.075333	0.352917	0.066371	-0.157674	0.035822	0.203336	0.034860	0.081490	0.017017	0.017363
TCGA-AR-A1AQ-01	-0.060599	0.069442	-0.260410	0.110959	-0.158836	0.138725	-0.066601	-0.775708	-0.352095	0.025676	0.232353	0.065019	-0.289339	-0.064833	-0.466312	-0.370144	-0.222399	0.230334	-0.267781	-0.277230	-0.123747	-0.129090	0.223831	-0.618896	-0.226612	0.631315	0.015389	-0.399654	0.066922	-0.206709	-0.168257	-0.151730
TCGA-AR-A1AR-01	-0.081855	0.057854	-0.270572	0.124519	-0.157487	0.132819	-0.054526	-0.795363	-0.359402	0.020696	0.246417	0.068031	-0.298972	-0.071886	-0.481770	-0.378763	-0.218985	0.236903	-0.276780	-0.290652	-0.136034	-0.136704	0.214417	-0.633355	-0.247901	0.629574	0.019349	-0.417192	0.061436	-0.210153	-0.170172	-0.152663
TCGA-AR-A1AS-01	0.079012	0.278845	0.224546	-0.007660	0.050204	-0.140318	-0.347449	0.198542	0.011724	0.013479	0.055225	-0.166573	0.342891	-0.081302	-0.008242	0.055748	0.125009	-0.086282	0.027064	0.114032	0.159830	0.141249	-0.054241	0.436741	0.141108	-0.012005	0.058912	0.191081	0.157978	0.050390	0.038560	-0.070876
TCGA-AR-A1AT-01	-0.014864	0.203253	0.055040	0.029567	-0.084908	0.022342	-0.133827	-0.143316	-0.119975	0.036028	0.117421	-0.037429	0.085921	-0.055927	-0.141223	-0.024413	0.009471	0.044868	-0.043613	-0.066191	0.032615	0.029563	0.092716	0.057331	-0.062583	0.143254	0.048348	0.021426	0.033503	-0.022826	-0.126753	-0.028740
TCGA-AR-A1AU-01	-0.178070	-0.284687	-0.102183	0.000352	0.051133	0.014139	0.323523	0.169053	0.083650	-0.118624	-0.039616	0.105857	-0.181096	0.042077	0.065528	0.091941	0.012347	0.117721	0.029894	-0.032863	-0.144262	-0.149496	-0.145963	-0.106283	-0.193830	-0.311661	-0.017249	-0.096385	-0.167087	0.077625	0.071512	0.117206
TCGA-AR-A1AV-01	0.192237	0.417277	0.316574	-0.024372	0.027330	-0.153661	-0.480212	0.220509	0.041946	0.109816	0.022963	-0.227196	0.480598	-0.085080	0.054446	0.085911	0.151190	-0.230170	0.074442	0.154673	0.259484	0.252647	0.015120	0.601868	0.294981	0.043070	0.068252	0.331509	0.211610	0.024772	-0.006434	-0.087378
TCGA-AR-A1AW-01	-0.072029	0.081136	0.024898	0.030538	-0.051126	0.015688	-0.006926	-0.077472	-0.069155	0.005828	0.092940	-0.003815	0.008717	-0.044760	-0.111999	-0.000750	0.009998	0.056446	-0.038916	-0.061052	-0.017695	-0.016219	0.039278	-0.001707	-0.100572	0.057229	0.043331	-0.002586	-0.032221	-0.006374	-0.100889	0.012660
TCGA-AR-A1AX-01	-0.144337	-0.320844	-0.116968	-0.018716	0.023474	0.080932	0.422090	0.143036	0.095657	-0.082513	-0.093105	0.155233	-0.266828	0.075967	0.130281	0.109747	-0.010974	0.095573	0.043726	-0.021281	-0.160850	-0.152974	-0.091999	-0.220269	-0.163588	-0.269314	-0.049588	-0.079076	-0.221986	0.058839	0.024530	0.147970
TCGA-AR-A1AY-01	-0.025658	0.062266	-0.246811	0.089496	-0.155708	0.148255	-0.054885	-0.708532	-0.322651	0.039862	0.189948	0.071028	-0.274816	-0.044764	-0.394298	-0.327037	-0.222556	0.208174	-0.242944	-0.250986	-0.121751	-0.116272	0.236370	-0.582643	-0.182365	0.583080	0.000344	-0.350394	0.052606	-0.193018	-0.161112	-0.124785
TCGA-AR-A24H-01	0.176700	0.515815	0.312404	-0.001181	-0.032940	-0.130430	-0.556239	0.053493	-0.060090	0.123115	0.110453	-0.248313	0.484886	-0.110178	-0.080979	0.023085	0.127593	-0.178646	0.017912	0.092991	0.270508	0.258608	0.086057	0.549971	0.248741	0.184940	0.090659	0.285660	0.231916	-0.011379	-0.076384	-0.125949
TCGA-AR-A24K-01	0.107145	-0.008141	0.140198	-0.051817	0.084334	-0.067163	0.013777	0.393153	0.170255	0.009370	-0.155349	-0.038426	0.156681	0.036868	0.291231	0.176778	0.109920	-0.147859	0.141568	0.170797	0.069408	0.104472	-0.092929	0.316600	0.184268	-0.263924	-0.038960	0.218607	0.003639	0.089994	0.099280	0.071058
TCGA-AR-A24L-01	0.039802	0.155288	0.174734	-0.031274	0.082365	-0.132743	-0.233137	0.262505	0.068444	-0.011670	0.016881	-0.128773	0.255225	-0.057240	0.029230	0.074712	0.117389	-0.089176	0.041593	0.122788	0.131172	0.093283	-0.098600	0.371544	0.117217	-0.106645	0.056735	0.146147	0.107307	0.065331	0.074680	-0.043123
TCGA-AR-A24M-01	0.015156	-0.016435	0.126667	-0.039421	0.119590	-0.113855	-0.032946	0.405262	0.163036	-0.044324	-0.074235	-0.066144	0.161507	-0.005497	0.180737	0.168497	0.124871	-0.095610	0.112914	0.137614	0.064458	0.046659	-0.164444	0.341351	0.092890	-0.304365	0.008255	0.158433	0.015897	0.111165	0.132862	0.040787
TCGA-AR-A24N-01	0.079008	0.222485	0.217258	-0.004116	0.066419	-0.106877	-0.218721	0.268735	0.078648	0.037762	-0.001024	-0.133544	0.306018	-0.062168	0.084764	0.135447	0.147392	-0.103778	0.075935	0.092141	0.099011	0.127049	-0.052602	0.428332	0.116941	-0.111331	0.044275	0.250124	0.085253	0.072962	0.007304	-0.003317
TCGA-AR-A24O-01	-0.097677	-0.155228	0.009440	-0.020575	0.093025	-0.057479	0.145505	0.288754	0.115784	-0.097856	-0.053247	0.012636	-0.018427	0.016176	0.104535	0.120263	0.069391	0.026076	0.062451	0.051561	-0.041766	-0.058196	-0.165113	0.107155	-0.068333	-0.306677	-0.000243	0.010735	-0.071266	0.099810	0.113509	0.070306
TCGA-AR-A24P-01	0.011277	0.099323	0.153795	-0.008627	0.068511	-0.090990	-0.104796	0.256244	0.075367	-0.021270	-0.003592	-0.076235	0.197648	-0.041688	0.069270	0.117125	0.114386	-0.041986	0.051395	0.085962	0.037887	0.050626	-0.092335	0.305246	0.031279	-0.164672	0.032060	0.157174	0.036550	0.079796	0.028066	0.010799
TCGA-AR-A24Q-01	-0.093409	-0.037118	-0.292296	0.092973	-0.125138	0.140735	0.026902	-0.683580	-0.298199	-0.013019	0.191343	0.089385	-0.344660	-0.034669	-0.404791	-0.339944	-0.217084	0.253693	-0.242432	-0.266720	-0.146993	-0.166251	0.162599	-0.632714	-0.247282	0.514069	0.000230	-0.425154	0.034588	-0.180597	-0.103455	-0.119226
TCGA-AR-A24R-01	0.143726	0.438362	0.272161	-0.005362	-0.014260	-0.132409	-0.491569	0.079717	-0.046801	0.092008	0.100342	-0.218623	0.430582	-0.103221	-0.069695	0.023012	0.115665	-0.151687	0.015872	0.094955	0.242545	0.219665	0.045084	0.502222	0.218840	0.136996	0.082509	0.244206	0.207780	-0.001831	-0.040460	-0.106951
TCGA-AR-A24S-01	0.026107	0.218797	0.143741	0.001470	0.026964	-0.095048	-0.266412	0.089407	-0.038963	0.001863	0.085580	-0.124189	0.225584	-0.072226	-0.080741	0.013054	0.087998	-0.017269	-0.016258	0.064173	0.120306	0.086856	-0.025914	0.287653	0.066524	0.036019	0.063470	0.102712	0.105340	0.024732	0.013781	-0.068547
TCGA-AR-A24T-01	0.003777	-0.225718	0.075763	-0.054697	0.112166	-0.029563	0.286857	0.526771	0.275175	-0.035571	-0.216387	0.057737	0.011319	0.078422	0.406303	0.295099	0.136032	-0.085909	0.211145	0.130961	-0.046378	-0.013357	-0.160870	0.215935	0.049346	-0.513215	-0.060266	0.219455	-0.164431	0.150470	0.100268	0.165267
TCGA-AR-A24U-01	-0.048347	0.110139	-0.051647	0.025848	-0.094837	0.058040	-0.046784	-0.264767	-0.168245	0.010518	0.117215	0.018972	-0.041523	-0.011111	-0.181345	-0.105401	-0.045463	0.096222	-0.087479	-0.110702	-0.012973	-0.028190	0.111915	-0.125316	-0.110060	0.191208	0.028558	-0.097849	0.002718	-0.055208	-0.110054	-0.036962
TCGA-AR-A24V-01	0.104340	0.310832	0.242053	-0.025711	0.053800	-0.141250	-0.378973	0.222917	0.034623	0.044125	0.044214	-0.190876	0.377693	-0.078717	0.010969	0.069991	0.141817	-0.137536	0.045164	0.123487	0.200158	0.178854	-0.040309	0.490464	0.193921	-0.020148	0.073708	0.224842	0.167995	0.047512	0.034446	-0.067627
TCGA-AR-A24W-01	-0.228452	-0.446365	-0.264796	0.014493	0.022979	0.076971	0.469230	-0.016810	0.030522	-0.142678	-0.037972	0.205325	-0.371409	0.100106	0.016565	-0.011789	-0.098755	0.179468	-0.038367	-0.095701	-0.249332	-0.234300	-0.125941	-0.376493	-0.267689	-0.263837	-0.054651	-0.273476	-0.212386	0.025502	0.090029	0.127284
TCGA-AR-A24X-01	0.048302	0.126931	0.202085	-0.014087	0.072275	-0.102390	-0.130310	0.327592	0.120825	0.005822	-0.030190	-0.096346	0.254225	-0.045246	0.127694	0.164092	0.145195	-0.092704	0.091687	0.115303	0.076467	0.081137	-0.092928	0.393701	0.088488	-0.191680	0.028623	0.235676	0.035875	0.094302	0.023981	0.021571
TCGA-AR-A24Z-01	0.153827	0.452534	0.285886	-0.012958	0.016251	-0.158290	-0.525913	0.131937	-0.029679	0.075308	0.091554	-0.243491	0.461613	-0.104181	-0.054390	0.027628	0.141493	-0.164858	0.031719	0.114068	0.265341	0.242246	0.014741	0.558426	0.243644	0.109802	0.083593	0.247346	0.241519	0.012468	0.002934	-0.123315
TCGA-AR-A250-01	0.163986	0.469502	0.302258	-0.013387	-0.032949	-0.121116	-0.503106	0.093300	-0.027566	0.112568	0.080609	-0.222409	0.465325	-0.093158	-0.034894	0.050811	0.133481	-0.182896	0.043801	0.100439	0.255099	0.237563	0.068828	0.545278	0.233375	0.118455	0.078716	0.293418	0.206043	0.001044	-0.071901	-0.105101
TCGA-AR-A251-01	-0.084362	0.031364	-0.300040	0.124838	-0.150051	0.131159	-0.056777	-0.810200	-0.362678	0.007603	0.253766	0.063728	-0.320970	-0.059759	-0.485608	-0.407625	-0.228938	0.247634	-0.283391	-0.293797	-0.130460	-0.149439	0.198360	-0.646807	-0.243837	0.627698	0.015868	-0.458469	0.080493	-0.215909	-0.126153	-0.167393
TCGA-AR-A252-01	-0.123268	-0.069051	-0.016468	0.004212	0.017857	-0.007296	0.106889	0.071356	0.012260	-0.061713	0.030496	0.018424	-0.057388	-0.012376	-0.038373	0.042952	0.029284	0.077969	0.000999	-0.036637	-0.044369	-0.067094	-0.064890	-0.015377	-0.132306	-0.116275	0.027316	-0.045795	-0.069570	0.041202	0.006443	0.040051
TCGA-AR-A254-01	-0.030758	0.136749	0.064956	0.026765	-0.045999	0.000142	-0.075774	-0.023030	-0.052206	0.018316	0.081555	-0.035405	0.083613	-0.054233	-0.078945	0.028225	0.035870	0.033233	-0.011758	-0.038584	0.017398	0.019218	0.033619	0.101715	-0.059257	0.029812	0.044111	0.047414	0.005476	0.009040	-0.087450	0.001635
TCGA-AR-A255-01	0.097223	0.315745	0.256647	-0.021650	0.001699	-0.115720	-0.347448	0.170705	0.020163	0.059362	0.058418	-0.158788	0.367724	-0.074941	0.009983	0.085076	0.127913	-0.140289	0.048851	0.114121	0.182462	0.155695	-0.001383	0.459281	0.162780	0.001796	0.062507	0.250315	0.130346	0.036946	-0.039074	-0.054007
TCGA-AR-A256-01	-0.032536	0.115406	-0.252684	0.099013	-0.152909	0.126978	-0.139383	-0.777398	-0.372510	0.024129	0.237484	0.028722	-0.258545	-0.061499	-0.481667	-0.388612	-0.225552	0.235384	-0.278517	-0.264198	-0.092960	-0.105391	0.233892	-0.583476	-0.190778	0.664327	0.018023	-0.404213	0.115651	-0.215239	-0.143153	-0.174377
TCGA-AR-A2LE-01	-0.040179	-0.278161	0.035005	-0.056080	0.143346	-0.049063	0.283746	0.504327	0.258168	-0.072472	-0.200960	0.032003	-0.052185	0.066647	0.327176	0.232494	0.098949	-0.066731	0.161742	0.131920	-0.038629	-0.040849	-0.201731	0.154488	0.031406	-0.468918	-0.046791	0.106217	-0.130441	0.139272	0.176524	0.137830
TCGA-AR-A2LH-01	-0.259222	-0.678286	-0.303444	-0.021810	0.059772	0.143065	0.799741	0.177188	0.168222	-0.159185	-0.184986	0.317780	-0.541640	0.161141	0.242368	0.132768	-0.075197	0.180351	0.056742	-0.069432	-0.339809	-0.295796	-0.189495	-0.504624	-0.315814	-0.485018	-0.112289	-0.234720	-0.384976	0.077015	0.099656	0.253923
TCGA-AR-A2LJ-01	-0.202836	-0.598170	-0.191566	-0.040324	0.098805	0.087480	0.705857	0.357184	0.241245	-0.141358	-0.220504	0.252707	-0.397447	0.146043	0.318514	0.218178	0.003119	0.110408	0.126847	0.003007	-0.270647	-0.239855	-0.217117	-0.276120	-0.233111	-0.585117	-0.098934	-0.098334	-0.348344	0.127914	0.116743	0.246639
TCGA-AR-A2LK-01	0.105673	0.030563	0.192027	-0.059718	0.084648	-0.086916	-0.038021	0.422859	0.187399	0.024726	-0.138923	-0.056642	0.214813	0.015092	0.285314	0.204620	0.132722	-0.170693	0.147949	0.188036	0.097379	0.109955	-0.098349	0.384102	0.189455	-0.274096	-0.018697	0.270010	0.010994	0.098172	0.075027	0.062753
TCGA-AR-A2LM-01	-0.091701	-0.417493	-0.052945	-0.051979	0.120149	0.012931	0.475293	0.464592	0.256105	-0.103560	-0.223933	0.145698	-0.189267	0.112404	0.358618	0.245468	0.058405	0.006611	0.155602	0.097219	-0.147189	-0.116263	-0.206025	-0.016538	-0.064579	-0.546290	-0.082121	0.048472	-0.229436	0.142573	0.143557	0.199432
TCGA-AR-A2LN-01	-0.171700	-0.577835	-0.147900	-0.050527	0.114559	0.057530	0.663761	0.434121	0.269590	-0.136145	-0.241251	0.223542	-0.344692	0.147121	0.370805	0.246278	0.026318	0.060242	0.153863	0.051659	-0.224410	-0.199676	-0.236230	-0.182583	-0.164177	-0.619908	-0.102277	-0.049598	-0.324548	0.140875	0.151386	0.244787
TCGA-AR-A2LO-01	-0.178984	-0.571553	-0.157477	-0.044284	0.106830	0.071357	0.673344	0.403695	0.258410	-0.131846	-0.231752	0.231422	-0.353418	0.142156	0.349305	0.242009	0.022535	0.082582	0.144966	0.027127	-0.243836	-0.212256	-0.219258	-0.211259	-0.192831	-0.600796	-0.098342	-0.050669	-0.337262	0.140834	0.125313	0.247569
TCGA-AR-A2LQ-01	-0.242195	-0.701795	-0.279224	-0.035685	0.087135	0.121347	0.814673	0.290012	0.219951	-0.167777	-0.230206	0.315338	-0.511306	0.178948	0.313191	0.185485	-0.049480	0.154728	0.101513	-0.031100	-0.332474	-0.288039	-0.221254	-0.422529	-0.287232	-0.591014	-0.123334	-0.186064	-0.390740	0.110975	0.133324	0.270421
TCGA-AR-A5QM-01	0.064726	-0.050526	0.179175	-0.067147	0.063183	-0.080932	0.040943	0.410619	0.203285	0.001469	-0.122307	0.006470	0.164260	0.037128	0.295922	0.211299	0.105453	-0.180757	0.140932	0.213045	0.064424	0.043870	-0.102841	0.312757	0.158800	-0.288707	-0.034282	0.269174	-0.056949	0.115666	0.049967	0.065749
TCGA-AR-A5QN-01	0.151802	0.193914	0.266937	-0.046795	0.021900	-0.094189	-0.207754	0.317558	0.151971	0.093131	-0.065877	-0.112825	0.335468	-0.015657	0.211421	0.171565	0.133414	-0.239004	0.125280	0.185389	0.170106	0.162967	-0.012830	0.473908	0.255733	-0.121921	0.013732	0.347984	0.057816	0.069592	-0.016514	0.003432
TCGA-AR-A5QP-01	-0.122396	-0.417239	-0.064060	-0.028102	0.089333	0.036512	0.508785	0.406181	0.236694	-0.095772	-0.191684	0.177682	-0.204376	0.105419	0.333614	0.253144	0.058752	0.046368	0.146759	0.052174	-0.178502	-0.147388	-0.180812	-0.060771	-0.117958	-0.522919	-0.084071	0.061596	-0.283267	0.147018	0.091607	0.207903
TCGA-AR-A5QQ-01	-0.136147	-0.201705	-0.285558	0.041352	-0.074211	0.133816	0.261075	-0.411896	-0.167820	-0.054437	0.060619	0.161906	-0.350728	0.068877	-0.189955	-0.208663	-0.147237	0.196649	-0.141324	-0.193876	-0.190718	-0.181948	0.075369	-0.523099	-0.256939	0.159144	-0.018933	-0.334429	-0.098007	-0.083471	-0.053137	-0.013556
TCGA-B6-A0I1-01	-0.021461	0.101636	-0.256559	0.099885	-0.162152	0.140922	-0.114780	-0.782876	-0.365029	0.045081	0.229770	0.050536	-0.264891	-0.058870	-0.446516	-0.373909	-0.229339	0.222653	-0.270283	-0.272506	-0.105951	-0.110501	0.243922	-0.594968	-0.187685	0.655790	0.009932	-0.388599	0.095668	-0.217807	-0.159544	-0.157416
TCGA-B6-A1KC-01	0.196028	0.292576	0.249409	-0.065836	0.038184	-0.120890	-0.356523	0.263046	0.109839	0.124151	-0.049923	-0.185848	0.378966	-0.034461	0.147203	0.087898	0.115220	-0.281922	0.091908	0.173963	0.241881	0.220036	0.006014	0.515856	0.333754	-0.030512	0.041746	0.280737	0.168557	0.009589	0.030451	-0.042731
TCGA-B6-A1KF-01	-0.000248	0.166506	-0.223482	0.096220	-0.182124	0.139009	-0.166250	-0.786304	-0.378417	0.068404	0.240591	0.029416	-0.215632	-0.071180	-0.451489	-0.363584	-0.224882	0.194447	-0.264229	-0.262503	-0.084343	-0.083097	0.275980	-0.541826	-0.164349	0.676209	0.018885	-0.349811	0.108116	-0.220783	-0.189974	-0.156900
TCGA-B6-A1KI-01	-0.060526	-0.070190	0.055572	-0.020301	0.109210	-0.087526	0.049486	0.310868	0.112708	-0.082429	-0.043181	-0.036270	0.066539	0.001988	0.101331	0.119893	0.093018	-0.005605	0.068360	0.062509	-0.002262	-0.005944	-0.158065	0.208859	-0.017524	-0.281506	0.010842	0.055781	-0.011088	0.101009	0.118789	0.045699
TCGA-B6-A1KN-01	0.119038	0.375997	0.265095	-0.011258	-0.039793	-0.090745	-0.376126	0.089683	-0.016166	0.088258	0.072535	-0.163357	0.380345	-0.073701	-0.019772	0.066413	0.116194	-0.145676	0.039609	0.092952	0.188838	0.173836	0.059250	0.445499	0.163072	0.075012	0.062640	0.263355	0.136423	0.016253	-0.091915	-0.069784
TCGA-B6-A2IU-01	-0.036663	-0.297273	0.031709	-0.052275	0.143911	-0.045326	0.304923	0.519105	0.268018	-0.069048	-0.204382	0.045516	-0.058008	0.071265	0.353074	0.248980	0.104368	-0.067189	0.173281	0.136664	-0.043749	-0.042303	-0.208617	0.158309	0.037050	-0.493404	-0.056873	0.118826	-0.148085	0.145395	0.180012	0.149786
TCGA-B6-A3ZX-01	-0.160845	-0.189746	-0.337619	0.099311	-0.105044	0.163334	0.214475	-0.639405	-0.239510	-0.044614	0.155141	0.159947	-0.451240	-0.016087	-0.353818	-0.296193	-0.213692	0.270891	-0.213913	-0.285886	-0.221181	-0.235807	0.108652	-0.736593	-0.326053	0.409819	-0.022821	-0.448839	-0.067148	-0.157266	-0.100399	-0.058328
TCGA-B6-A400-01	-0.047473	0.020037	-0.277708	0.090125	-0.136817	0.144854	-0.034853	-0.714087	-0.322579	0.012457	0.194194	0.074899	-0.313121	-0.036825	-0.410869	-0.349743	-0.225662	0.240068	-0.251354	-0.257703	-0.128164	-0.139186	0.204614	-0.618241	-0.205691	0.577743	-0.002548	-0.400772	0.060513	-0.194245	-0.121037	-0.136763
TCGA-B6-A401-01	-0.147297	-0.407233	-0.082045	-0.026152	0.103343	0.029807	0.484657	0.372661	0.207728	-0.118440	-0.166165	0.161589	-0.218526	0.087638	0.260468	0.216858	0.051069	0.087057	0.118413	0.024452	-0.185206	-0.164964	-0.203579	-0.085614	-0.162197	-0.498923	-0.071986	-0.005125	-0.248331	0.136924	0.105081	0.189983
TCGA-B6-A402-01	-0.048367	0.034270	-0.281980	0.098866	-0.141750	0.146545	-0.050303	-0.746411	-0.336433	0.019459	0.209143	0.074216	-0.309373	-0.047191	-0.425869	-0.359428	-0.229042	0.248305	-0.264434	-0.274751	-0.133654	-0.139511	0.211588	-0.633514	-0.215124	0.605728	0.000365	-0.407789	0.067234	-0.201883	-0.132978	-0.144189
TCGA-B6-A408-01	0.105080	0.055622	0.199113	-0.053885	0.085351	-0.113031	-0.098095	0.383338	0.151210	0.012852	-0.094683	-0.055972	0.234015	0.005884	0.226910	0.165672	0.118625	-0.170192	0.113348	0.202423	0.114357	0.098091	-0.094649	0.384262	0.209631	-0.199906	-0.009472	0.265795	0.028406	0.097133	0.086814	0.016710
TCGA-B6-A409-01	-0.072737	-0.048434	-0.304369	0.091131	-0.121905	0.147653	0.037704	-0.686378	-0.302428	-0.011094	0.175297	0.103784	-0.352210	-0.016533	-0.379493	-0.334710	-0.222431	0.249991	-0.243259	-0.254617	-0.161199	-0.164634	0.184037	-0.652945	-0.219377	0.528888	-0.018348	-0.407748	0.022831	-0.177560	-0.097949	-0.119641
TCGA-B6-A40B-01	-0.002278	-0.125690	0.088059	-0.036512	0.063539	-0.014928	0.188342	0.373374	0.190473	-0.014591	-0.137056	0.040437	0.049722	0.049613	0.271007	0.231005	0.111690	-0.058953	0.150564	0.091003	-0.030756	-0.009186	-0.113553	0.196908	0.018255	-0.375702	-0.040184	0.186675	-0.127851	0.117822	0.038564	0.122608
TCGA-B6-A40C-01	0.096862	0.100595	0.244362	-0.058902	0.068089	-0.109132	-0.117778	0.395272	0.181004	0.037129	-0.080344	-0.077159	0.279952	-0.016829	0.227392	0.193136	0.143103	-0.197755	0.118594	0.198992	0.115726	0.105264	-0.089367	0.420495	0.185042	-0.211423	0.011444	0.303608	0.030649	0.094222	0.008386	0.035098
TCGA-BH-A0AU-01	0.046560	0.166804	0.177727	-0.027338	0.063688	-0.121504	-0.227709	0.239430	0.060258	0.010701	0.019293	-0.120763	0.251707	-0.061361	0.029994	0.078820	0.111750	-0.095209	0.048837	0.116347	0.132762	0.093084	-0.077683	0.369526	0.117107	-0.089593	0.054081	0.156254	0.100728	0.049352	0.046588	-0.041389
TCGA-BH-A0AZ-01	-0.096746	-0.181857	0.012510	-0.021227	0.106914	-0.052549	0.189759	0.344724	0.147118	-0.100240	-0.080994	0.024025	-0.027418	0.023030	0.151570	0.156834	0.088950	0.031848	0.087032	0.050068	-0.056614	-0.061318	-0.178157	0.113835	-0.068738	-0.360846	-0.010255	0.036038	-0.094520	0.119548	0.119919	0.091979
TCGA-BH-A0B5-01	0.081052	0.155233	0.231724	-0.039754	0.054363	-0.107673	-0.171032	0.342983	0.132781	0.030837	-0.035292	-0.107990	0.292504	-0.030864	0.166969	0.171276	0.148556	-0.155464	0.115922	0.149793	0.129134	0.119105	-0.071945	0.436337	0.165816	-0.182314	0.023685	0.275428	0.053898	0.089214	0.023533	0.015946
TCGA-BH-A0BF-01	-0.023387	0.108894	0.083933	0.011780	-0.017144	-0.024978	-0.069859	0.060952	-0.013702	0.003814	0.054068	-0.037940	0.109441	-0.040845	-0.027217	0.056609	0.058165	0.008433	0.012800	0.003446	0.026016	0.021335	-0.004224	0.156124	-0.031492	-0.040350	0.037118	0.078887	-0.000059	0.031438	-0.049122	0.009990
TCGA-BH-A0BS-01	0.004708	0.019330	0.116982	-0.033103	0.121539	-0.130058	-0.094008	0.320671	0.110227	-0.053910	-0.028660	-0.082724	0.165276	-0.014001	0.100148	0.098455	0.094300	-0.081263	0.053977	0.122728	0.066957	0.056191	-0.147216	0.313660	0.092068	-0.204791	0.019292	0.107875	0.066097	0.088590	0.134785	0.001832
TCGA-BH-A0BT-01	0.048977	0.251968	0.182998	0.000818	0.011203	-0.089552	-0.276885	0.113545	-0.019008	0.027015	0.077620	-0.128540	0.270843	-0.072613	-0.041250	0.046206	0.103479	-0.056751	0.013893	0.067457	0.131722	0.111148	-0.009323	0.343377	0.093250	0.022161	0.061638	0.159718	0.101705	0.033060	-0.012731	-0.047742
TCGA-BH-A0BZ-01	0.043648	0.120846	0.189606	-0.038033	0.030292	-0.087870	-0.134848	0.264405	0.100193	0.014005	-0.012641	-0.080799	0.243725	-0.023285	0.115541	0.136752	0.124325	-0.120068	0.085360	0.123154	0.102690	0.080848	-0.064969	0.354947	0.108173	-0.163037	0.028749	0.214213	0.026755	0.081025	0.006908	0.009535
TCGA-BH-A0C3-01	-0.141176	-0.133918	-0.027113	0.001352	0.047318	-0.019036	0.165466	0.152627	0.054026	-0.084774	0.004434	0.025627	-0.074120	0.001921	0.009148	0.077176	0.047532	0.077764	0.028117	-0.021254	-0.065186	-0.085009	-0.110051	0.009418	-0.143317	-0.219644	0.018082	-0.045757	-0.095679	0.069729	0.048029	0.058438
TCGA-BH-A0DD-01	0.158977	0.460895	0.294698	-0.009563	-0.016586	-0.129119	-0.510400	0.088501	-0.046161	0.100839	0.093593	-0.224447	0.451564	-0.100865	-0.057910	0.031640	0.126342	-0.158579	0.025077	0.103190	0.252679	0.231265	0.059153	0.526502	0.234395	0.133257	0.084972	0.269352	0.215702	0.002054	-0.045877	-0.114133
TCGA-BH-A0DG-01	-0.070580	-0.032563	0.067214	-0.012054	0.040428	-0.040035	0.068281	0.226141	0.086948	-0.044169	-0.017191	-0.016252	0.053009	-0.010893	0.069414	0.128643	0.089333	0.005093	0.071629	0.024086	-0.003304	-0.017514	-0.093423	0.159798	-0.059329	-0.225396	0.023348	0.077147	-0.055750	0.081913	0.021834	0.056986
TCGA-BH-A0DI-01	-0.049133	-0.111885	0.055107	-0.024500	0.047269	-0.013296	0.174226	0.290802	0.141249	-0.036986	-0.083048	0.040023	0.019645	0.030647	0.181758	0.183150	0.090622	-0.011696	0.108418	0.046692	-0.048898	-0.036182	-0.100729	0.134258	-0.046729	-0.316275	-0.015636	0.124366	-0.119425	0.101104	0.016922	0.105337
TCGA-BH-A0DV-01	-0.153284	-0.253483	-0.040295	-0.007760	0.090289	-0.020818	0.303633	0.303470	0.137583	-0.120158	-0.074889	0.071912	-0.104546	0.034382	0.136960	0.156593	0.075375	0.085986	0.083501	0.004493	-0.133806	-0.116824	-0.182238	0.024849	-0.172323	-0.410515	-0.011766	-0.015473	-0.150985	0.115571	0.088022	0.119651
TCGA-BH-A0E2-01	0.054982	-0.077194	0.149465	-0.046896	0.076231	-0.043543	0.113990	0.453361	0.237500	0.022892	-0.163929	-0.003041	0.123663	0.034103	0.326824	0.260789	0.130791	-0.134024	0.178054	0.142855	0.035873	0.048954	-0.113196	0.306182	0.118196	-0.363044	-0.031889	0.272500	-0.089710	0.122897	0.056403	0.115973
TCGA-BH-A0H3-01	-0.118175	-0.152210	-0.015772	0.003004	0.065456	-0.026921	0.185151	0.212491	0.083847	-0.091145	-0.031615	0.039177	-0.048096	0.010728	0.068025	0.103716	0.056852	0.071744	0.039629	0.002595	-0.097954	-0.081381	-0.136731	0.044549	-0.133191	-0.285047	0.003550	-0.011119	-0.093493	0.084717	0.057918	0.079698
TCGA-BH-A0HA-01	0.021334	0.152912	0.191626	-0.025614	0.056267	-0.121369	-0.207611	0.245374	0.073496	-0.006404	0.035067	-0.110700	0.257450	-0.071287	0.030552	0.086102	0.111444	-0.094682	0.040156	0.129705	0.101024	0.071336	-0.094101	0.367553	0.074899	-0.111476	0.062682	0.157369	0.090817	0.059274	0.019269	-0.029110
TCGA-BH-A0HN-01	0.098744	0.125964	0.193584	-0.032541	0.105021	-0.121751	-0.171113	0.356551	0.130130	0.017172	-0.067198	-0.126304	0.262488	-0.017506	0.167981	0.140194	0.133725	-0.142460	0.103868	0.138630	0.133346	0.130724	-0.089333	0.434516	0.201256	-0.174592	0.013728	0.228389	0.085820	0.090393	0.107602	0.000213
TCGA-BH-A1EN-01	0.151724	0.448464	0.260220	-0.015406	-0.062501	-0.081943	-0.443504	0.023258	-0.058585	0.108649	0.075038	-0.185083	0.416896	-0.060143	-0.042061	0.026823	0.105311	-0.157858	0.035571	0.067822	0.216118	0.221359	0.108136	0.463713	0.194805	0.138307	0.064197	0.263304	0.182987	-0.008777	-0.096571	-0.092942
TCGA-BH-A1EO-01	0.045998	-0.071404	0.146031	-0.054427	0.098425	-0.064459	0.108933	0.486528	0.233371	-0.004164	-0.160734	-0.012835	0.133429	0.033181	0.335273	0.266816	0.156670	-0.117475	0.194767	0.138883	0.029314	0.044181	-0.137398	0.330432	0.099397	-0.411578	-0.029926	0.258815	-0.076233	0.129426	0.075499	0.112827
TCGA-BH-A1ES-01	0.073995	0.253763	0.222839	-0.004456	0.047012	-0.120183	-0.303402	0.227630	0.065417	0.041571	0.052461	-0.165202	0.331021	-0.095367	0.013921	0.084940	0.128641	-0.115974	0.049811	0.105345	0.141671	0.130720	-0.055611	0.456620	0.127612	-0.059283	0.080052	0.209235	0.128007	0.048218	0.006593	-0.048985
TCGA-BH-A1ET-01	0.047478	0.129260	0.197391	-0.035247	0.088326	-0.135429	-0.194851	0.321783	0.103897	-0.021381	-0.007038	-0.120579	0.264880	-0.043603	0.095615	0.110799	0.127420	-0.119158	0.069217	0.150545	0.122732	0.094975	-0.116864	0.410033	0.134357	-0.161459	0.036379	0.179459	0.092020	0.085084	0.083603	-0.013733
TCGA-BH-A1EU-01	-0.188228	-0.304987	-0.085230	-0.001003	0.085130	-0.005979	0.353122	0.255252	0.120395	-0.133967	-0.063292	0.094964	-0.169268	0.038094	0.103893	0.127865	0.046031	0.114451	0.057873	-0.017323	-0.160136	-0.147632	-0.183433	-0.057599	-0.208047	-0.393378	-0.014914	-0.076372	-0.175129	0.104926	0.093706	0.125165
TCGA-BH-A1EV-01	0.027987	0.216372	0.126405	0.011063	-0.006461	-0.063401	-0.206963	0.062846	-0.036078	0.014683	0.066022	-0.100658	0.213808	-0.056483	-0.048751	0.026729	0.077845	-0.022160	0.008328	0.023963	0.079427	0.082333	0.001666	0.268444	0.031401	0.005697	0.049033	0.106995	0.088544	0.022689	-0.026677	-0.039739
TCGA-BH-A1EW-01	-0.025230	0.052321	0.102336	-0.001526	0.023530	-0.038793	-0.016248	0.190508	0.067594	-0.002383	0.007998	-0.043305	0.111445	-0.034605	0.053109	0.117831	0.093346	-0.018598	0.058599	0.034678	0.026346	0.017906	-0.056964	0.211150	-0.010971	-0.149049	0.030953	0.118663	-0.024510	0.063042	-0.010281	0.036564
TCGA-BH-A1EX-01	-0.035572	0.046841	0.093349	-0.005261	0.045231	-0.064827	-0.034051	0.199501	0.043057	-0.046036	0.006869	-0.052275	0.119593	-0.020511	0.035828	0.093636	0.093278	0.006230	0.049350	0.036399	0.019487	0.019086	-0.082082	0.220403	-0.024192	-0.168717	0.026585	0.084104	0.010177	0.075404	0.035962	0.018833
TCGA-BH-A1EY-01	-0.001783	0.136156	0.135990	-0.020704	0.011289	-0.059494	-0.110873	0.164210	0.023191	-0.012842	0.019549	-0.072791	0.190494	-0.023415	0.025570	0.087441	0.094634	-0.037776	0.052845	0.043260	0.061473	0.064424	-0.036349	0.271518	0.012133	-0.114335	0.039341	0.128108	0.046066	0.060522	-0.011408	0.007328
TCGA-BH-A1F0-01	-0.162330	-0.139814	-0.329246	0.106434	-0.111697	0.138908	0.164480	-0.658865	-0.272970	-0.044960	0.180902	0.131953	-0.398676	-0.015330	-0.373389	-0.322606	-0.195802	0.251876	-0.228064	-0.279374	-0.203709	-0.206833	0.112187	-0.673471	-0.314779	0.409093	-0.005548	-0.450943	-0.036025	-0.161389	-0.094823	-0.080270
TCGA-BH-A1F2-01	0.026679	0.202562	0.191877	-0.019467	0.011255	-0.090450	-0.209000	0.173388	0.029947	0.009860	0.047439	-0.110730	0.266861	-0.045526	0.017028	0.088092	0.118723	-0.083223	0.050197	0.077473	0.111759	0.093601	-0.029288	0.356328	0.070684	-0.080345	0.052718	0.175889	0.072882	0.061715	-0.018784	-0.028129
TCGA-BH-A1F5-01	0.058287	0.204252	0.190316	-0.017279	0.084878	-0.140039	-0.285819	0.238022	0.045270	0.001565	0.045542	-0.152808	0.290907	-0.080717	0.000454	0.053291	0.121746	-0.089647	0.020573	0.127662	0.141232	0.122978	-0.094595	0.399495	0.136304	-0.044330	0.064836	0.155837	0.133747	0.054988	0.069732	-0.050625
TCGA-BH-A1F6-01	-0.016121	0.116082	-0.227166	0.094483	-0.177922	0.146665	-0.100998	-0.752499	-0.349972	0.056068	0.218315	0.058204	-0.243714	-0.058556	-0.421912	-0.343023	-0.221853	0.194611	-0.248669	-0.257545	-0.101667	-0.100464	0.261368	-0.564979	-0.179287	0.632240	0.011967	-0.340472	0.071468	-0.203536	-0.189778	-0.139363
TCGA-BH-A1F8-01	0.139339	0.439538	0.284445	-0.012800	-0.021069	-0.117823	-0.463178	0.104561	-0.022468	0.095407	0.080784	-0.215915	0.446058	-0.087101	-0.033968	0.051681	0.135450	-0.163551	0.041934	0.088233	0.229545	0.222652	0.054836	0.525412	0.202700	0.089720	0.082450	0.275690	0.191034	0.011664	-0.063700	-0.089184
TCGA-BH-A1FB-01	-0.175277	-0.333852	-0.134432	-0.005960	0.049346	0.040910	0.387493	0.154407	0.089413	-0.118101	-0.068010	0.138366	-0.241301	0.063520	0.090406	0.087332	-0.005633	0.123141	0.029658	-0.030340	-0.170635	-0.167815	-0.137973	-0.183666	-0.199302	-0.310910	-0.034700	-0.117580	-0.197387	0.072142	0.070107	0.128915
TCGA-BH-A1FC-01	-0.017854	0.163955	-0.221067	0.111947	-0.186347	0.135675	-0.156379	-0.813170	-0.383142	0.065493	0.253495	0.038194	-0.224928	-0.079522	-0.481014	-0.380992	-0.226566	0.194799	-0.274773	-0.267605	-0.089048	-0.082098	0.275984	-0.567193	-0.182393	0.697555	0.028737	-0.357702	0.100505	-0.224378	-0.208238	-0.170052
TCGA-BH-A1FE-01	-0.038063	0.088376	0.062473	0.007160	-0.019084	-0.022871	-0.067126	0.029235	-0.026381	-0.010877	0.065098	-0.034860	0.086253	-0.036057	-0.056173	0.025323	0.043102	0.019454	-0.009230	0.007975	0.025371	0.003876	-0.013822	0.120543	-0.040999	-0.019651	0.038995	0.039071	0.001380	0.022755	-0.038003	-0.001311
TCGA-BH-A1FG-01	-0.066811	-0.185902	0.036145	-0.021929	0.117684	-0.050788	0.200028	0.397204	0.175917	-0.086090	-0.106508	0.029946	-0.010081	0.021721	0.197405	0.190290	0.103407	0.016018	0.109600	0.072976	-0.054911	-0.050802	-0.184887	0.148900	-0.043056	-0.386793	-0.015627	0.088218	-0.110341	0.125581	0.114685	0.110363
TCGA-BH-A1FH-01	-0.225098	-0.509114	-0.293417	-0.008032	0.041615	0.100592	0.571622	0.026394	0.065626	-0.139857	-0.094254	0.242609	-0.428277	0.131842	0.086426	0.011222	-0.093462	0.174559	-0.013136	-0.087486	-0.288826	-0.245728	-0.120826	-0.429013	-0.279818	-0.327772	-0.068785	-0.273441	-0.257369	0.036035	0.087615	0.152006
TCGA-BH-A1FJ-01	0.119601	0.305437	0.267014	-0.021375	0.061572	-0.157195	-0.380880	0.284934	0.067455	0.045970	0.025631	-0.203386	0.398310	-0.080784	0.064600	0.103019	0.156601	-0.163282	0.079556	0.141738	0.220236	0.190174	-0.053715	0.544802	0.233793	-0.046019	0.055923	0.267298	0.164032	0.064168	0.062017	-0.062625
TCGA-BH-A1FL-01	0.029936	0.137037	0.190669	-0.012660	0.064129	-0.109487	-0.152726	0.290160	0.094502	0.000752	0.003122	-0.109216	0.247351	-0.052870	0.084557	0.131834	0.133694	-0.086536	0.072055	0.109010	0.085886	0.082845	-0.087235	0.380944	0.084232	-0.155207	0.042057	0.200794	0.054931	0.081388	0.029508	0.006875
TCGA-BH-A1FM-01	0.115734	0.435826	0.274287	-0.012089	0.013135	-0.147026	-0.507499	0.108511	-0.042601	0.056976	0.108211	-0.229983	0.439103	-0.105350	-0.096347	0.015347	0.134947	-0.124748	0.013040	0.097154	0.243791	0.213708	0.014344	0.516736	0.193258	0.108901	0.096528	0.214205	0.229062	0.019355	-0.007018	-0.128533
TCGA-BH-A1FN-01	0.009121	0.248971	0.114672	0.015229	0.001168	-0.072532	-0.274285	-0.005062	-0.088113	0.002668	0.110832	-0.126127	0.196111	-0.073418	-0.141190	-0.037257	0.062178	0.020666	-0.046425	0.007302	0.101098	0.083226	0.014007	0.222777	0.031860	0.103092	0.070483	0.046368	0.128195	0.003941	-0.009549	-0.086721
TCGA-BH-A1FR-01	0.028568	0.082035	0.068901	-0.038780	0.095187	-0.110529	-0.189992	0.152381	0.032460	-0.026939	-0.030256	-0.105711	0.122973	-0.017092	-0.004498	-0.038942	0.028484	-0.049431	-0.025702	0.075807	0.111042	0.074647	-0.059201	0.165990	0.113009	0.002055	0.045775	0.003137	0.124443	0.019110	0.139841	-0.075621
TCGA-BH-A1FU-01	-0.113736	-0.065157	-0.165734	0.037914	-0.079351	0.090487	0.121922	-0.302327	-0.156947	-0.037380	0.094142	0.095754	-0.201175	0.018460	-0.182487	-0.128793	-0.092609	0.163482	-0.107199	-0.148742	-0.110150	-0.123175	0.068203	-0.314503	-0.197853	0.143437	-0.002223	-0.211323	-0.064326	-0.058303	-0.071896	-0.009176
TCGA-BH-A201-01	-0.172968	-0.247809	-0.130124	0.012066	0.037439	0.020930	0.273914	0.057697	0.019384	-0.118523	-0.015210	0.103643	-0.187253	0.046384	-0.005332	0.016416	-0.018474	0.145701	-0.020834	-0.059281	-0.147695	-0.146699	-0.109032	-0.167704	-0.201719	-0.212331	-0.013208	-0.150653	-0.128468	0.051761	0.067519	0.072743
TCGA-BH-A202-01	-0.000022	0.219629	0.082643	0.029566	-0.070079	-0.000274	-0.159471	-0.091834	-0.096604	0.040837	0.108349	-0.057413	0.128064	-0.065351	-0.117905	-0.006805	0.027628	0.019990	-0.031637	-0.044748	0.046292	0.050719	0.075035	0.120327	-0.034260	0.116724	0.051769	0.055347	0.048955	-0.014292	-0.115202	-0.028715
TCGA-BH-A203-01	0.014507	-0.019536	0.034527	-0.024483	-0.035900	0.052519	0.111752	0.088593	0.040841	0.022760	-0.060460	0.053633	-0.014027	0.045865	0.131759	0.109967	0.029367	-0.020959	0.075304	0.013451	-0.009928	-0.002712	0.023978	0.026951	0.002195	-0.108022	-0.033387	0.098166	-0.087945	0.034955	-0.048212	0.069243
TCGA-BH-A204-01	0.237672	0.570426	0.355735	-0.010858	-0.008288	-0.179543	-0.675163	0.122843	-0.014818	0.158376	0.078932	-0.306483	0.573644	-0.131398	-0.029455	0.025291	0.142899	-0.267909	0.042948	0.140264	0.340218	0.317463	0.072151	0.676221	0.361739	0.184748	0.094912	0.328173	0.299252	-0.021239	-0.022948	-0.160835
TCGA-BH-A208-01	-0.136931	-0.123483	-0.177039	0.024017	-0.051432	0.079250	0.166357	-0.230609	-0.128454	-0.072092	0.065638	0.108043	-0.213109	0.040364	-0.152079	-0.109290	-0.085651	0.174778	-0.097707	-0.136061	-0.128281	-0.135557	0.021751	-0.304076	-0.207474	0.055581	-0.008799	-0.222928	-0.071689	-0.036437	-0.026073	0.010836
TCGA-BH-A209-01	-0.108693	0.040699	-0.041682	0.034218	-0.061338	0.038264	0.026248	-0.167282	-0.109541	-0.017023	0.113210	0.017008	-0.068725	-0.033943	-0.170654	-0.056732	-0.023702	0.105405	-0.073278	-0.098636	-0.042737	-0.055686	0.047433	-0.114855	-0.153044	0.100608	0.043606	-0.096398	-0.038218	-0.025699	-0.090715	-0.003103
TCGA-BH-A28O-01	-0.245827	-0.632281	-0.282362	-0.016803	0.078016	0.105739	0.714434	0.198868	0.161548	-0.168069	-0.169952	0.284729	-0.474028	0.150905	0.216071	0.121819	-0.060657	0.181696	0.054320	-0.055438	-0.321303	-0.279923	-0.199982	-0.418677	-0.297386	-0.495717	-0.102174	-0.221556	-0.340286	0.091207	0.129318	0.221392
TCGA-BH-A28Q-01	0.059562	-0.067983	0.142146	-0.053507	0.083422	-0.062887	0.080691	0.414397	0.195284	-0.008102	-0.147818	-0.001858	0.125454	0.039545	0.295068	0.202026	0.102801	-0.132347	0.136237	0.168933	0.032529	0.056929	-0.108799	0.277570	0.133807	-0.305491	-0.035379	0.222749	-0.045202	0.109013	0.074994	0.091383
TCGA-BH-A2L8-01	-0.208045	-0.615279	-0.193590	-0.040790	0.099555	0.093451	0.733652	0.368392	0.248463	-0.141380	-0.228289	0.260161	-0.416844	0.146339	0.328533	0.226539	0.000991	0.110854	0.129619	0.003357	-0.272935	-0.240584	-0.221742	-0.290673	-0.233000	-0.592106	-0.102314	-0.099207	-0.361441	0.127760	0.115984	0.259175
TCGA-BH-A42T-01	0.142375	0.114572	0.234979	-0.032554	0.049191	-0.081142	-0.105854	0.386046	0.185947	0.078867	-0.115546	-0.082289	0.279706	0.004462	0.284460	0.221085	0.148434	-0.201879	0.168369	0.163494	0.131742	0.144365	-0.030497	0.447164	0.239793	-0.204700	-0.016522	0.361072	0.003548	0.097173	0.021959	0.036170
TCGA-BH-A42U-01	-0.218237	-0.588527	-0.224936	-0.013881	0.072235	0.100979	0.687962	0.249871	0.185187	-0.142156	-0.177520	0.270875	-0.420603	0.140432	0.256686	0.169516	-0.027390	0.152853	0.085542	-0.031398	-0.287487	-0.255748	-0.185510	-0.343408	-0.258301	-0.502528	-0.101691	-0.134614	-0.355771	0.112814	0.106849	0.224928
TCGA-BH-A42V-01	-0.085282	-0.331835	-0.007959	-0.031849	0.089594	0.010546	0.398763	0.410329	0.234420	-0.067843	-0.174293	0.124419	-0.124626	0.081723	0.315932	0.244718	0.079376	0.001644	0.146452	0.077633	-0.115804	-0.105797	-0.166946	0.028319	-0.058522	-0.468817	-0.066994	0.103081	-0.234076	0.141054	0.088119	0.172812
TCGA-BH-A5IZ-01	-0.071762	-0.031121	-0.295423	0.096083	-0.133928	0.154066	0.024283	-0.698239	-0.298862	-0.006854	0.180072	0.101305	-0.353409	-0.028150	-0.401556	-0.345841	-0.227194	0.255888	-0.246500	-0.258357	-0.150821	-0.164844	0.187078	-0.660237	-0.227685	0.546287	-0.007165	-0.416315	0.033268	-0.182096	-0.113106	-0.135355
TCGA-BH-A5J0-01	0.070744	-0.016863	0.192171	-0.068085	0.084609	-0.099837	-0.012941	0.421414	0.190677	-0.004852	-0.111280	-0.019566	0.192117	0.021879	0.267871	0.199192	0.119751	-0.171270	0.128738	0.219510	0.081974	0.055507	-0.118181	0.340565	0.165907	-0.273293	-0.019847	0.261722	-0.021862	0.115292	0.070439	0.045324
TCGA-BH-A6R8-01	0.180578	0.307661	0.276772	-0.045019	0.067172	-0.160414	-0.397233	0.292038	0.077214	0.076415	-0.012318	-0.193260	0.415476	-0.063642	0.110993	0.100968	0.146900	-0.223138	0.089645	0.189328	0.245572	0.216408	-0.038427	0.562505	0.305729	-0.022373	0.037215	0.299612	0.178837	0.045544	0.066802	-0.068310
TCGA-BH-A6R9-01	-0.097568	-0.270190	-0.251567	-0.010953	-0.017514	0.109591	0.327726	-0.169617	-0.048129	-0.050060	-0.052934	0.168336	-0.309600	0.122310	-0.018281	-0.107813	-0.113865	0.120946	-0.061370	-0.100787	-0.180696	-0.143815	0.022535	-0.374860	-0.168859	-0.072311	-0.040957	-0.249702	-0.122171	-0.037148	0.008126	0.044671
TCGA-BH-A8FY-01	0.247337	0.337016	0.323968	-0.057409	0.044688	-0.157993	-0.420660	0.323140	0.115332	0.113407	-0.062493	-0.207278	0.468039	-0.038398	0.197824	0.128918	0.147923	-0.314384	0.133566	0.229653	0.285687	0.272684	-0.005432	0.626358	0.403468	-0.019225	0.014182	0.385157	0.189375	0.050013	0.063144	-0.065925
TCGA-BH-A8FZ-01	-0.224234	-0.687318	-0.230649	-0.034785	0.097885	0.107758	0.809484	0.381784	0.261208	-0.156537	-0.247043	0.302488	-0.466741	0.172223	0.369998	0.243534	-0.013867	0.131768	0.137893	-0.001202	-0.309194	-0.268929	-0.229579	-0.337218	-0.251853	-0.643435	-0.124435	-0.105547	-0.409997	0.145410	0.137042	0.284416
TCGA-BH-A8G0-01	-0.182822	-0.542109	-0.175740	-0.037464	0.097011	0.068403	0.627314	0.336534	0.213585	-0.139804	-0.204271	0.224640	-0.353730	0.138267	0.288259	0.191881	0.000282	0.103435	0.110043	0.012103	-0.241027	-0.211771	-0.202970	-0.237484	-0.199375	-0.538858	-0.091507	-0.091937	-0.305393	0.122734	0.129104	0.219383
TCGA-BH-AB28-01	0.064257	-0.039610	0.169440	-0.044087	0.072452	-0.063525	0.055686	0.417989	0.209925	0.018609	-0.139941	-0.013724	0.157773	0.029820	0.298334	0.223438	0.120458	-0.146351	0.146713	0.163755	0.048905	0.062926	-0.091598	0.313902	0.147816	-0.296000	-0.027934	0.272756	-0.060868	0.114588	0.046267	0.087634
TCGA-C8-A1HE-01	0.082143	0.235270	0.238647	-0.020207	0.070470	-0.145777	-0.306048	0.260500	0.076285	0.019737	0.025561	-0.159375	0.352762	-0.071030	0.054499	0.081713	0.127323	-0.148023	0.037329	0.149913	0.148394	0.142279	-0.075740	0.473628	0.167144	-0.064534	0.059032	0.221320	0.141733	0.058846	0.032921	-0.041000
TCGA-C8-A1HF-01	-0.008896	0.216577	0.066427	0.028932	-0.082906	0.014726	-0.151458	-0.129552	-0.113712	0.039614	0.117067	-0.050134	0.103983	-0.060246	-0.140842	-0.023065	0.014024	0.035728	-0.042625	-0.057511	0.042162	0.040634	0.089688	0.083819	-0.050535	0.139573	0.053110	0.029548	0.044527	-0.021329	-0.123453	-0.033514
TCGA-C8-A1HG-01	0.029384	0.316377	0.166667	0.009205	-0.014399	-0.091794	-0.361125	-0.005667	-0.085449	0.027652	0.139117	-0.148048	0.274882	-0.091590	-0.158959	-0.035616	0.072957	-0.029545	-0.041600	0.036507	0.155065	0.116648	0.022215	0.306505	0.073902	0.140124	0.087294	0.090954	0.153004	-0.003387	-0.030490	-0.110210
TCGA-C8-A1HI-01	-0.136997	-0.146491	-0.005066	-0.005889	0.049596	-0.014617	0.196854	0.213332	0.088531	-0.086964	-0.022482	0.037425	-0.060279	0.005759	0.060569	0.122122	0.063320	0.072935	0.056388	-0.011353	-0.072805	-0.083755	-0.123742	0.035271	-0.144650	-0.273279	0.011827	-0.003597	-0.111915	0.087722	0.039977	0.088445
TCGA-C8-A1HJ-01	-0.069783	0.067927	-0.297818	0.129907	-0.163019	0.128346	-0.102396	-0.854904	-0.385231	0.018058	0.270245	0.052196	-0.302724	-0.067554	-0.518804	-0.435619	-0.241324	0.243018	-0.299476	-0.300010	-0.116729	-0.134281	0.216921	-0.643066	-0.231277	0.678529	0.023069	-0.465821	0.108263	-0.232604	-0.139007	-0.184308
TCGA-C8-A1HK-01	0.072223	0.288537	0.133698	-0.011355	-0.081125	-0.031225	-0.290655	-0.083808	-0.110970	0.050723	0.089089	-0.091256	0.224850	-0.032701	-0.101776	-0.032775	0.029516	-0.046568	-0.012921	0.034912	0.137541	0.102048	0.090228	0.227171	0.075951	0.157222	0.039944	0.101208	0.110937	-0.028411	-0.078164	-0.085460
TCGA-C8-A1HL-01	0.123079	0.384990	0.274469	-0.017331	0.014309	-0.145244	-0.448690	0.165474	0.002579	0.060658	0.075303	-0.215225	0.417629	-0.094314	-0.028017	0.051531	0.136674	-0.161080	0.045590	0.116086	0.237128	0.203636	-0.001218	0.524862	0.207899	0.053344	0.081902	0.238745	0.199335	0.031326	0.004982	-0.099490
TCGA-C8-A1HM-01	0.109475	0.438933	0.230936	0.003841	-0.047314	-0.102782	-0.489240	-0.031176	-0.102587	0.083711	0.142080	-0.193517	0.376545	-0.107116	-0.143970	-0.034122	0.084112	-0.098774	-0.025011	0.069126	0.229574	0.186149	0.072554	0.405778	0.163876	0.220485	0.091735	0.175598	0.203964	-0.027773	-0.067005	-0.134153
TCGA-C8-A1HN-01	0.176407	0.532468	0.308826	-0.006725	-0.018553	-0.152683	-0.619893	0.044126	-0.077729	0.110503	0.126703	-0.254761	0.498083	-0.124555	-0.112268	-0.011759	0.122286	-0.169198	0.001755	0.110981	0.297945	0.261013	0.067929	0.557545	0.263422	0.218833	0.098939	0.254031	0.273410	-0.022815	-0.040791	-0.168679
TCGA-C8-A1HO-01	0.212382	0.534898	0.340803	0.000688	-0.018323	-0.154410	-0.607642	0.106600	0.000529	0.166387	0.084465	-0.279284	0.542427	-0.131189	-0.036249	0.030218	0.132312	-0.253690	0.037625	0.118229	0.299552	0.291518	0.074494	0.637907	0.310062	0.170314	0.107359	0.328180	0.266994	-0.021476	-0.063765	-0.130601
TCGA-C8-A26V-01	0.087841	0.135796	0.193939	-0.043481	0.045959	-0.081571	-0.127350	0.298172	0.108042	0.030232	-0.064406	-0.088213	0.242945	-0.012397	0.161265	0.146485	0.118642	-0.137232	0.107552	0.127311	0.113527	0.124216	-0.048050	0.369274	0.147599	-0.153327	0.013714	0.235417	0.056125	0.072297	0.026522	0.020387
TCGA-C8-A26W-01	-0.108306	-0.239864	-0.037975	-0.020692	0.078571	-0.004557	0.273782	0.274951	0.122889	-0.096092	-0.090324	0.069209	-0.125656	0.042824	0.143272	0.134028	0.046149	0.059060	0.068176	0.035711	-0.089384	-0.090775	-0.153549	-0.011681	-0.093157	-0.323324	-0.030790	-0.017552	-0.135870	0.093474	0.101573	0.110687
TCGA-C8-A26X-01	-0.000663	0.039888	-0.003375	-0.009105	-0.080850	0.084971	0.063454	-0.091881	-0.058788	0.038341	0.010198	0.060881	-0.037118	0.042729	0.020787	0.034104	-0.009756	0.025370	0.019263	-0.057167	-0.018194	-0.015244	0.093052	-0.054911	-0.050459	0.027682	-0.018379	0.037424	-0.072639	-0.005232	-0.101054	0.042379
TCGA-C8-A26Y-01	-0.085841	-0.046902	-0.120276	0.017327	-0.084052	0.115070	0.145593	-0.247200	-0.131384	-0.008937	0.067119	0.111729	-0.189335	0.044337	-0.093646	-0.057391	-0.061030	0.132349	-0.062701	-0.132931	-0.087520	-0.104685	0.096320	-0.284698	-0.150012	0.121704	-0.024648	-0.119541	-0.105247	-0.036125	-0.092877	0.015744
TCGA-C8-A26Z-01	0.153269	0.230265	0.257650	-0.070787	0.061337	-0.140274	-0.299186	0.311256	0.119403	0.069476	-0.029333	-0.160777	0.353872	-0.033318	0.155340	0.111738	0.135919	-0.262019	0.094852	0.203748	0.216309	0.183623	-0.046307	0.496044	0.279832	-0.086449	0.041929	0.271080	0.141473	0.042339	0.039510	-0.035318
TCGA-C8-A273-01	0.137024	0.201014	0.287004	-0.103420	0.048025	-0.148408	-0.281757	0.330008	0.136454	0.045858	-0.033548	-0.121675	0.358265	-0.026625	0.163113	0.116963	0.116667	-0.285749	0.083667	0.268331	0.205991	0.154446	-0.066246	0.472182	0.267783	-0.094400	0.035741	0.283054	0.137628	0.051006	0.012017	-0.033554
TCGA-C8-A274-01	0.194482	0.157139	0.230151	-0.045007	0.029548	-0.082105	-0.167558	0.338068	0.142001	0.080665	-0.114921	-0.093612	0.308429	0.013121	0.282394	0.175114	0.118606	-0.228888	0.157369	0.186301	0.163650	0.188299	-0.013299	0.464339	0.289925	-0.140459	-0.029845	0.339364	0.062214	0.066924	0.045136	0.022725
TCGA-C8-A275-01	0.009662	0.106300	0.051333	-0.015296	-0.083841	0.055907	-0.012627	-0.052828	-0.045249	0.039819	0.023176	0.013944	0.038488	0.013704	-0.000322	0.037538	0.010131	-0.007962	0.019759	-0.023754	0.029643	0.023513	0.077690	0.034103	-0.015242	0.040541	0.002757	0.067371	-0.026705	-0.001948	-0.106948	0.022675
TCGA-C8-A278-01	0.048253	0.281389	0.119266	0.004705	-0.095026	-0.006700	-0.255431	-0.125923	-0.122204	0.053208	0.110797	-0.074452	0.192242	-0.045163	-0.121218	-0.029766	0.028007	-0.017359	-0.027470	-0.002007	0.110230	0.076084	0.100890	0.173537	0.024896	0.171783	0.046750	0.088232	0.080348	-0.028719	-0.120258	-0.066008
TCGA-C8-A27A-01	0.221727	0.589368	0.345930	-0.006230	-0.030139	-0.165838	-0.683555	0.060786	-0.053117	0.151364	0.107110	-0.294297	0.561270	-0.133517	-0.078297	-0.002480	0.129579	-0.237390	0.019922	0.120454	0.333887	0.308256	0.091259	0.637465	0.328484	0.226176	0.102596	0.300204	0.303504	-0.034353	-0.049488	-0.173979
TCGA-C8-A27B-01	-0.028777	0.101538	-0.274082	0.108810	-0.162412	0.136451	-0.131795	-0.821384	-0.375942	0.032738	0.243518	0.039819	-0.284905	-0.061878	-0.500812	-0.422475	-0.247538	0.228985	-0.289765	-0.271709	-0.089581	-0.110654	0.238692	-0.620968	-0.188990	0.698763	0.017194	-0.433271	0.119881	-0.231864	-0.145546	-0.184660
TCGA-C8-A3M7-01	-0.181404	-0.594683	-0.170661	-0.036379	0.079783	0.095388	0.715393	0.379638	0.257121	-0.123769	-0.234768	0.266877	-0.385811	0.154437	0.370045	0.250196	0.001650	0.086564	0.147882	0.018565	-0.256777	-0.227841	-0.202053	-0.252038	-0.196551	-0.591626	-0.118318	-0.044373	-0.372034	0.138244	0.109249	0.264643
TCGA-C8-A3M8-01	0.190443	0.336816	0.321252	-0.058572	0.017317	-0.136317	-0.387717	0.268607	0.103491	0.114743	-0.022624	-0.179642	0.441407	-0.052608	0.128965	0.125042	0.141494	-0.271880	0.102724	0.193328	0.247705	0.221881	0.007221	0.557937	0.305671	-0.016024	0.046524	0.359802	0.160487	0.038405	-0.025406	-0.058621
TCGA-C8-A8HP-01	-0.106241	-0.107556	-0.141170	0.014799	-0.068923	0.113683	0.200466	-0.206167	-0.103219	-0.032711	0.043534	0.124111	-0.220749	0.050747	-0.083437	-0.048682	-0.068105	0.142634	-0.056193	-0.125597	-0.113568	-0.126517	0.063934	-0.299718	-0.175020	0.063855	-0.029090	-0.144161	-0.120351	-0.025623	-0.071298	0.037186
TCGA-C8-A8HQ-01	0.110033	0.136681	0.248240	-0.062670	0.029824	-0.091473	-0.149200	0.333923	0.163243	0.063741	-0.071717	-0.081143	0.296367	-0.001298	0.209421	0.174804	0.131227	-0.217163	0.113285	0.188618	0.140131	0.119925	-0.043041	0.416939	0.211194	-0.164617	0.014065	0.318430	0.030440	0.079464	-0.022487	0.021674
TCGA-C8-A8HR-01	-0.242470	-0.603439	-0.268887	-0.013976	0.060768	0.121222	0.711770	0.170532	0.151477	-0.149335	-0.160283	0.284955	-0.471881	0.145879	0.202324	0.127406	-0.052512	0.178890	0.056284	-0.069250	-0.310208	-0.279777	-0.172829	-0.427629	-0.303071	-0.462821	-0.096992	-0.203349	-0.351064	0.088920	0.090645	0.217591
TCGA-D8-A1J8-01	0.106671	0.337541	0.235478	-0.027309	-0.040563	-0.072337	-0.322066	0.098343	-0.010032	0.069017	0.042738	-0.138060	0.345974	-0.045014	0.007008	0.065942	0.104355	-0.131969	0.052889	0.077344	0.169789	0.169847	0.054574	0.405712	0.143597	0.038883	0.050326	0.238690	0.130916	0.020960	-0.076212	-0.051515
TCGA-D8-A1J9-01	0.118953	0.397076	0.221063	-0.016862	-0.070419	-0.062890	-0.391477	-0.005310	-0.075991	0.081679	0.082283	-0.154289	0.356152	-0.052619	-0.059566	0.013824	0.086033	-0.114494	0.022990	0.054107	0.194760	0.181236	0.094490	0.390763	0.144401	0.133906	0.057851	0.206300	0.161638	-0.009485	-0.091723	-0.087517
TCGA-D8-A1JA-01	0.096899	0.358706	0.178694	-0.024685	-0.090625	-0.030997	-0.332529	-0.059277	-0.097152	0.071985	0.080626	-0.120869	0.295574	-0.032315	-0.079185	-0.010318	0.054705	-0.086008	0.009248	0.029294	0.169578	0.154769	0.107650	0.305126	0.104182	0.151234	0.051393	0.157194	0.143321	-0.019957	-0.103891	-0.074551
TCGA-D8-A1JB-01	-0.174293	-0.209024	-0.080620	0.007082	0.017355	0.031847	0.275561	0.087949	0.043807	-0.089339	0.000042	0.089277	-0.167865	0.019291	0.004362	0.065995	0.006445	0.118434	0.007358	-0.057185	-0.124427	-0.131514	-0.092963	-0.124653	-0.198451	-0.209848	0.003115	-0.092087	-0.153132	0.052808	0.009836	0.099069
TCGA-D8-A1JC-01	0.026375	0.265702	0.139503	0.006182	0.014890	-0.084368	-0.300544	0.040310	-0.070263	0.010123	0.107975	-0.136399	0.232755	-0.072125	-0.112775	-0.018208	0.087441	-0.004921	-0.027877	0.033619	0.129130	0.108442	0.002256	0.275946	0.074412	0.093359	0.066210	0.085276	0.130428	0.008907	0.005662	-0.090562
TCGA-D8-A1JD-01	0.069950	0.292998	0.215967	-0.012677	0.025135	-0.121352	-0.353178	0.142099	-0.014764	0.021414	0.078057	-0.159696	0.331054	-0.079884	-0.049103	0.034736	0.114626	-0.080621	0.008232	0.107004	0.168292	0.137123	-0.026375	0.408443	0.131123	0.025957	0.071244	0.174904	0.147034	0.034543	0.005604	-0.075975
TCGA-D8-A1JE-01	-0.046936	0.085397	0.073304	-0.008806	0.082152	-0.097241	-0.119150	0.173420	0.001332	-0.073660	0.028379	-0.097572	0.134585	-0.036622	-0.041616	0.020447	0.087603	0.036609	0.000172	0.028292	0.035975	0.035274	-0.105702	0.215721	-0.026622	-0.113411	0.051504	0.011766	0.084478	0.057795	0.090678	-0.034994
TCGA-D8-A1JF-01	0.015196	0.150270	0.014656	0.004054	-0.088060	0.057589	-0.069334	-0.170405	-0.124239	0.048776	0.075251	0.008965	0.038820	0.012538	-0.068228	-0.021228	-0.002203	0.029964	-0.017464	-0.076939	0.015369	0.015227	0.120765	0.004694	-0.045899	0.119495	0.010509	0.029046	-0.007351	-0.028301	-0.114859	-0.007260
TCGA-D8-A1JG-01	-0.001128	0.167430	0.006826	0.012473	-0.104745	0.064084	-0.084331	-0.223250	-0.153242	0.044520	0.101042	0.009313	0.026088	-0.000506	-0.118182	-0.049243	-0.018043	0.050061	-0.042689	-0.091409	0.014963	0.009843	0.135316	-0.031660	-0.064136	0.170902	0.018786	-0.000265	0.002422	-0.040431	-0.130902	-0.021719
TCGA-D8-A1JH-01	-0.137780	-0.198359	-0.027344	-0.005845	0.075800	-0.027276	0.229370	0.253690	0.109381	-0.106095	-0.046095	0.048673	-0.070825	0.018801	0.090857	0.122758	0.063583	0.075114	0.059105	0.004323	-0.102307	-0.097193	-0.159321	0.039457	-0.145881	-0.337356	0.001108	-0.017564	-0.116341	0.096833	0.075419	0.095924
TCGA-D8-A1JI-01	0.231040	0.430770	0.317697	-0.034097	0.055439	-0.186934	-0.542042	0.241961	0.038729	0.108996	0.016362	-0.258729	0.504655	-0.087316	0.067697	0.066200	0.151524	-0.265877	0.085141	0.182616	0.310442	0.284287	-0.001854	0.650594	0.365893	0.069570	0.056040	0.325596	0.254148	0.021192	0.064113	-0.116432
TCGA-D8-A1JJ-01	0.053871	0.231583	0.173821	-0.023468	-0.009153	-0.061468	-0.213732	0.123851	-0.002617	0.026527	0.032340	-0.101514	0.259330	-0.031385	0.014935	0.076101	0.099648	-0.069076	0.052278	0.050230	0.109382	0.109707	0.011068	0.327631	0.069198	-0.041930	0.044603	0.176727	0.085664	0.040712	-0.040909	-0.023590
TCGA-D8-A1JK-01	-0.050993	0.097558	-0.075175	0.022066	-0.107739	0.085830	-0.023130	-0.321323	-0.200995	0.010317	0.116846	0.046491	-0.085569	0.013465	-0.183291	-0.117634	-0.061822	0.121901	-0.098944	-0.136579	-0.025350	-0.043283	0.147450	-0.202841	-0.115145	0.231640	0.013573	-0.112405	-0.014435	-0.058127	-0.114871	-0.038802
TCGA-D8-A1JL-01	-0.099179	0.006489	-0.291459	0.115997	-0.141488	0.133553	-0.008991	-0.761300	-0.337550	-0.000264	0.230726	0.079216	-0.328004	-0.057363	-0.460742	-0.370985	-0.218538	0.248740	-0.268068	-0.291000	-0.149751	-0.157942	0.184048	-0.646102	-0.263056	0.580198	0.012941	-0.436112	0.047878	-0.200452	-0.140023	-0.137061
TCGA-D8-A1JN-01	0.218678	0.188753	0.241894	-0.041032	0.019416	-0.087270	-0.202327	0.327523	0.137672	0.093111	-0.108585	-0.107871	0.341376	0.014672	0.290533	0.171183	0.122793	-0.251385	0.164987	0.188558	0.183918	0.214766	0.002213	0.505661	0.324423	-0.122738	-0.032499	0.363661	0.076098	0.064377	0.047132	0.014325
TCGA-D8-A1JP-01	-0.061744	0.026840	0.038199	0.009333	0.015023	-0.024716	0.015109	0.109077	0.011036	-0.036981	0.032046	-0.019537	0.056121	-0.023316	-0.008444	0.065021	0.065177	0.049017	0.019723	-0.006416	-0.020111	-0.015528	-0.053431	0.121392	-0.075523	-0.126916	0.024573	0.036462	-0.024450	0.049811	-0.005266	0.027069
TCGA-D8-A1JS-01	0.121933	0.277205	0.193962	-0.011223	0.094252	-0.160126	-0.384669	0.197412	0.025251	0.030078	0.027112	-0.197924	0.346346	-0.061572	0.013831	0.012674	0.100105	-0.148703	0.014253	0.116009	0.192238	0.196373	-0.052492	0.464489	0.234953	0.031068	0.053977	0.168581	0.209615	0.028376	0.104911	-0.084054
TCGA-D8-A1JT-01	0.163553	0.431403	0.294287	-0.015907	0.040017	-0.164894	-0.524881	0.175871	-0.003021	0.084714	0.075858	-0.245983	0.468326	-0.107112	-0.029974	0.038084	0.146495	-0.177202	0.034422	0.142468	0.270964	0.246794	-0.005033	0.577033	0.269955	0.091279	0.086951	0.265236	0.236446	0.022843	0.028485	-0.119099
TCGA-D8-A1JU-01	-0.184761	-0.332869	-0.084990	-0.009181	0.091338	-0.002334	0.389890	0.296580	0.148502	-0.137534	-0.089515	0.109409	-0.174403	0.052267	0.147748	0.153554	0.055450	0.106650	0.078518	-0.005429	-0.174740	-0.154907	-0.196195	-0.052057	-0.210274	-0.445180	-0.023357	-0.058811	-0.192030	0.115859	0.094825	0.141914
TCGA-D8-A1X5-01	0.146045	0.482329	0.300236	-0.014658	-0.008727	-0.140445	-0.529929	0.098111	-0.044998	0.086284	0.100560	-0.240893	0.479318	-0.101556	-0.067709	0.030468	0.142433	-0.157777	0.028095	0.096456	0.258466	0.242765	0.044688	0.557567	0.221741	0.127544	0.088165	0.266433	0.231516	0.006979	-0.042022	-0.117964
TCGA-D8-A1X6-01	0.142015	0.425133	0.267553	-0.007081	0.051629	-0.169749	-0.525773	0.142048	-0.028434	0.066194	0.101369	-0.247883	0.446407	-0.116290	-0.075576	0.000241	0.134322	-0.145420	0.004286	0.124428	0.253583	0.235687	-0.018503	0.540833	0.240363	0.123596	0.093640	0.214074	0.248710	0.014416	0.040321	-0.127687
TCGA-D8-A1X7-01	-0.029085	0.128580	0.091167	-0.001068	0.073002	-0.113255	-0.181948	0.147653	-0.009042	-0.054869	0.040482	-0.127708	0.159690	-0.053334	-0.067678	-0.004299	0.078629	0.012943	-0.014713	0.038743	0.070469	0.058729	-0.081781	0.237398	0.014550	-0.049580	0.060457	0.017906	0.116320	0.045712	0.089809	-0.060336
TCGA-D8-A1X8-01	0.038573	-0.093965	0.112564	-0.065636	0.103566	-0.069080	0.073739	0.417747	0.205392	-0.014923	-0.139394	-0.018665	0.093881	0.036949	0.275394	0.182170	0.099390	-0.143088	0.125556	0.171598	0.043700	0.039166	-0.131600	0.264041	0.133883	-0.319372	-0.023335	0.167726	-0.034912	0.101495	0.111850	0.079580
TCGA-D8-A1X9-01	0.211994	0.342753	0.297422	-0.074735	0.020185	-0.141558	-0.422494	0.246725	0.082484	0.108000	-0.028574	-0.190196	0.433608	-0.044147	0.120043	0.077557	0.117935	-0.294825	0.083127	0.217676	0.269841	0.237820	0.007289	0.546035	0.345732	0.016890	0.043737	0.309227	0.197780	0.009814	0.005643	-0.070922
TCGA-D8-A1XA-01	0.167498	0.436313	0.309639	-0.018246	0.024522	-0.157102	-0.506336	0.187504	0.007350	0.093884	0.067668	-0.237846	0.473982	-0.104441	-0.000873	0.068360	0.154523	-0.188267	0.057794	0.133585	0.266005	0.242469	0.010804	0.588216	0.268286	0.073659	0.077746	0.299508	0.217411	0.024718	0.000369	-0.103697
TCGA-D8-A1XB-01	0.052471	0.100956	0.192327	-0.041711	0.057835	-0.093043	-0.118563	0.322040	0.120501	0.001465	-0.038253	-0.072390	0.241838	-0.018096	0.150281	0.156362	0.130018	-0.114640	0.094877	0.143241	0.088358	0.079703	-0.086258	0.367893	0.115380	-0.202730	0.018419	0.226938	0.033146	0.088705	0.025446	0.025391
TCGA-D8-A1XC-01	0.107309	0.188362	0.130523	-0.043013	0.105075	-0.141150	-0.326237	0.178664	0.039057	0.009482	-0.041889	-0.165710	0.228455	-0.027023	0.018713	-0.049665	0.047138	-0.113214	-0.012091	0.110323	0.184205	0.148708	-0.032223	0.285729	0.215791	0.059141	0.049932	0.067914	0.194618	0.010865	0.158408	-0.115161
TCGA-D8-A1XD-01	0.027237	0.119678	0.152710	-0.009748	0.080780	-0.100559	-0.151254	0.286796	0.087023	-0.014656	0.001403	-0.111744	0.223150	-0.054316	0.065268	0.116254	0.131077	-0.048344	0.070901	0.081591	0.073437	0.076219	-0.103853	0.361624	0.061864	-0.178459	0.049677	0.157769	0.064722	0.080040	0.061707	-0.004496
TCGA-D8-A1XF-01	0.214599	0.461918	0.325573	-0.009676	-0.029127	-0.112137	-0.500848	0.136864	0.046461	0.178829	0.037808	-0.239092	0.490644	-0.097123	0.028016	0.069797	0.125603	-0.255137	0.066501	0.112486	0.269182	0.268635	0.082247	0.590514	0.298129	0.109787	0.085204	0.352647	0.202498	-0.011957	-0.084096	-0.086905
TCGA-D8-A1XG-01	-0.001170	0.023702	0.042574	-0.038019	0.102280	-0.100366	-0.116898	0.176238	0.046399	-0.045780	-0.044861	-0.086043	0.084966	-0.003014	0.020674	-0.025963	0.029634	-0.026976	-0.023815	0.067390	0.073588	0.049442	-0.077961	0.128254	0.075929	-0.052319	0.041566	-0.016248	0.094541	0.033662	0.149543	-0.046330
TCGA-D8-A1XJ-01	0.118869	0.059390	0.154063	-0.041137	0.003826	-0.026779	-0.024387	0.263940	0.115109	0.048759	-0.108948	-0.008510	0.164007	0.031122	0.244370	0.169519	0.083321	-0.138286	0.134333	0.133468	0.076770	0.090294	-0.009128	0.270068	0.162539	-0.161529	-0.042711	0.254008	-0.019593	0.060321	0.001090	0.045680
TCGA-D8-A1XK-01	-0.051699	0.056317	-0.275997	0.104496	-0.153358	0.143774	-0.065331	-0.773271	-0.345794	0.016927	0.221957	0.065649	-0.308871	-0.054519	-0.468142	-0.387271	-0.232823	0.241199	-0.271410	-0.269985	-0.116463	-0.130549	0.218595	-0.637699	-0.210943	0.644103	0.009586	-0.418337	0.077647	-0.212055	-0.147211	-0.165334
TCGA-D8-A1XL-01	-0.065195	-0.196924	-0.026218	-0.026054	0.037418	0.034215	0.274044	0.219091	0.111290	-0.051023	-0.105144	0.076013	-0.132542	0.054527	0.157206	0.127589	0.032520	0.023726	0.069057	0.043197	-0.078361	-0.067723	-0.079217	-0.047874	-0.053172	-0.247708	-0.033735	0.016884	-0.146479	0.065601	0.037789	0.111453
TCGA-D8-A1XM-01	-0.076074	-0.285673	-0.035966	-0.039182	0.083149	0.012094	0.343251	0.332117	0.169234	-0.082978	-0.154273	0.097814	-0.147117	0.074169	0.238288	0.171170	0.048774	0.019597	0.104548	0.068810	-0.101980	-0.086537	-0.147100	-0.026062	-0.057495	-0.374771	-0.054018	0.021507	-0.167963	0.101102	0.100025	0.139469
TCGA-D8-A1XO-01	-0.082915	-0.069458	0.044922	-0.009623	0.090705	-0.069007	0.072575	0.279751	0.091915	-0.087495	-0.025123	-0.024405	0.047246	-0.011597	0.068884	0.113567	0.096088	0.038006	0.059330	0.037004	-0.030095	-0.026258	-0.149141	0.170952	-0.069532	-0.276138	0.022643	0.039643	-0.032099	0.096411	0.087978	0.050035
TCGA-D8-A1XQ-01	-0.054191	0.069146	-0.267846	0.103059	-0.146375	0.130179	-0.096431	-0.764025	-0.355964	0.012295	0.231537	0.047038	-0.284578	-0.054434	-0.468363	-0.385617	-0.225512	0.243496	-0.273278	-0.270774	-0.103944	-0.123950	0.211207	-0.598932	-0.207364	0.627302	0.014872	-0.419148	0.097129	-0.205872	-0.124943	-0.164929
TCGA-D8-A1XR-01	-0.040155	0.067647	0.082491	-0.004967	0.095571	-0.117559	-0.122272	0.211272	0.028416	-0.072223	0.012480	-0.110275	0.136267	-0.040988	-0.020831	0.028906	0.086205	0.012412	0.009762	0.049000	0.050552	0.041195	-0.115167	0.238881	0.004886	-0.124350	0.047688	0.023748	0.088700	0.066963	0.116984	-0.034280
TCGA-D8-A1XS-01	0.009824	-0.031544	0.121484	-0.030072	0.107160	-0.083632	0.022243	0.385229	0.153122	-0.040548	-0.083970	-0.037749	0.130133	-0.002929	0.182467	0.172238	0.125005	-0.050995	0.106261	0.113951	0.027755	0.033691	-0.141513	0.284766	0.055277	-0.295119	0.005484	0.163881	-0.019784	0.111330	0.094949	0.058856
TCGA-D8-A1XT-01	-0.028360	0.105943	-0.120251	0.023641	-0.107599	0.070808	-0.059951	-0.374765	-0.217644	0.018549	0.116344	0.036308	-0.079986	0.013617	-0.223601	-0.195039	-0.093872	0.107059	-0.130291	-0.132582	-0.027389	-0.030265	0.150145	-0.207358	-0.100160	0.257387	0.020448	-0.178776	0.037945	-0.096354	-0.102947	-0.072544
TCGA-D8-A1XU-01	0.028141	0.139774	0.177944	-0.027597	0.037258	-0.082162	-0.128332	0.257738	0.079109	-0.000491	-0.003525	-0.087303	0.237969	-0.027122	0.092353	0.134227	0.128601	-0.080099	0.087862	0.081247	0.082086	0.082200	-0.060565	0.353295	0.063746	-0.171688	0.034679	0.194861	0.043282	0.081924	0.002876	0.017313
TCGA-D8-A1XV-01	0.094638	0.169980	0.128133	-0.044713	0.102066	-0.135045	-0.293295	0.194328	0.051660	0.012768	-0.049127	-0.163231	0.222820	-0.021077	0.039290	-0.029955	0.055727	-0.117812	-0.001404	0.109401	0.174787	0.139536	-0.031687	0.284931	0.201470	0.029689	0.055213	0.079950	0.175274	0.023697	0.152230	-0.095587
TCGA-D8-A1XW-01	-0.087234	0.008976	-0.289761	0.100497	-0.129840	0.126170	-0.031346	-0.730809	-0.330291	-0.005207	0.216902	0.063767	-0.312703	-0.045300	-0.444339	-0.367952	-0.225000	0.247272	-0.265865	-0.281607	-0.138602	-0.149747	0.178285	-0.616350	-0.244335	0.558894	0.010679	-0.434614	0.070121	-0.196857	-0.113936	-0.132141
TCGA-D8-A1XY-01	0.011378	0.187430	0.139149	-0.006699	0.055688	-0.104364	-0.233147	0.161730	-0.005337	-0.023947	0.054590	-0.126294	0.227829	-0.055763	-0.041648	0.035723	0.109377	-0.014569	0.010188	0.060643	0.103774	0.087409	-0.064255	0.310472	0.058451	-0.051320	0.059196	0.098433	0.107096	0.050981	0.052992	-0.055544
TCGA-D8-A1XZ-01	0.078245	0.364774	0.216118	0.004194	0.019023	-0.120610	-0.418606	0.079401	-0.060302	0.040728	0.109516	-0.196745	0.353689	-0.097778	-0.105608	-0.000136	0.116397	-0.061096	-0.017580	0.074942	0.187297	0.164945	0.009234	0.418833	0.135982	0.108612	0.089346	0.170661	0.174849	0.016271	-0.003554	-0.102390
TCGA-D8-A1Y0-01	0.029944	0.209541	0.171545	-0.012914	0.004855	-0.090909	-0.235603	0.123611	-0.000563	0.018443	0.067055	-0.110921	0.242867	-0.063261	-0.033707	0.055523	0.091973	-0.067088	0.030213	0.076095	0.128030	0.084665	-0.024758	0.323754	0.071562	-0.014754	0.058425	0.146065	0.082284	0.032419	-0.016097	-0.043642
TCGA-D8-A1Y1-01	0.097081	0.385319	0.248116	-0.004894	0.015223	-0.129191	-0.435818	0.105106	-0.044518	0.049345	0.099727	-0.202057	0.389751	-0.095147	-0.079810	0.016451	0.123562	-0.097088	-0.000493	0.090864	0.196938	0.182631	0.010939	0.460233	0.161598	0.090297	0.086384	0.202668	0.190278	0.020949	-0.013983	-0.097580
TCGA-D8-A1Y2-01	-0.092023	-0.251283	-0.058320	-0.029819	0.060383	0.028230	0.317015	0.236913	0.115151	-0.083618	-0.114437	0.092828	-0.171204	0.061728	0.159343	0.122203	0.027247	0.053407	0.063619	0.036014	-0.107009	-0.093874	-0.115442	-0.088590	-0.086889	-0.288155	-0.040336	-0.027428	-0.153704	0.074254	0.072731	0.118224
TCGA-D8-A1Y3-01	0.169084	0.487759	0.283731	0.000147	-0.070471	-0.092207	-0.498684	0.002042	-0.070633	0.130852	0.100254	-0.207681	0.438443	-0.089597	-0.071501	0.024839	0.110789	-0.166045	0.024483	0.081564	0.245131	0.225078	0.114702	0.486806	0.213161	0.187677	0.073703	0.277926	0.189234	-0.020576	-0.115085	-0.115522
TCGA-D8-A27E-01	0.045762	0.084615	0.068537	-0.046375	0.103267	-0.111123	-0.203525	0.163539	0.040940	-0.023737	-0.048987	-0.115666	0.125091	-0.009591	0.009188	-0.049709	0.023512	-0.063508	-0.024800	0.084344	0.124732	0.088073	-0.053990	0.169187	0.141719	0.009432	0.043018	-0.001487	0.136949	0.015983	0.160155	-0.083265
TCGA-D8-A27F-01	-0.077156	-0.058531	-0.307091	0.084799	-0.121847	0.154982	0.049432	-0.674796	-0.290860	-0.013706	0.165919	0.104858	-0.368758	-0.020143	-0.377334	-0.327727	-0.225349	0.258511	-0.236824	-0.260900	-0.159981	-0.173885	0.172589	-0.663590	-0.233601	0.514991	-0.017414	-0.420223	0.025452	-0.179242	-0.098715	-0.113780
TCGA-D8-A27G-01	0.032076	-0.099200	0.123984	-0.060032	0.073458	-0.034291	0.149940	0.426023	0.224652	0.010680	-0.157100	0.012374	0.081109	0.046714	0.320473	0.244138	0.129180	-0.126815	0.175520	0.130533	0.022285	0.026486	-0.110865	0.256916	0.086781	-0.376768	-0.029068	0.225096	-0.101505	0.108504	0.044254	0.116498
TCGA-D8-A27H-01	-0.125747	-0.163653	-0.316225	0.073185	-0.103713	0.170257	0.176502	-0.579192	-0.220841	-0.038880	0.125056	0.146354	-0.432660	-0.011217	-0.317547	-0.266925	-0.212413	0.276290	-0.192653	-0.260488	-0.198103	-0.225607	0.121604	-0.694710	-0.290659	0.391648	-0.028665	-0.420926	-0.043745	-0.146597	-0.086768	-0.066434
TCGA-D8-A27I-01	-0.148891	-0.510863	-0.104037	-0.051837	0.122445	0.031786	0.578397	0.458232	0.265907	-0.122768	-0.221547	0.176252	-0.278570	0.123750	0.362233	0.251734	0.051501	0.034857	0.157668	0.073196	-0.177776	-0.159540	-0.233290	-0.100489	-0.119602	-0.593296	-0.084726	-0.009850	-0.287316	0.143840	0.159181	0.223789
TCGA-D8-A27K-01	-0.074858	-0.277215	-0.001109	-0.037051	0.098453	-0.007650	0.322936	0.385243	0.198298	-0.082149	-0.155138	0.091845	-0.094318	0.068488	0.261884	0.204251	0.063976	0.004826	0.112713	0.081694	-0.102105	-0.078440	-0.167014	0.045240	-0.049493	-0.418514	-0.049253	0.070091	-0.164059	0.124165	0.100525	0.151367
TCGA-D8-A27L-01	-0.101138	-0.385936	-0.058628	-0.051436	0.119631	0.003938	0.424184	0.421377	0.222970	-0.107434	-0.187957	0.117902	-0.187288	0.095014	0.303940	0.209944	0.055509	0.013489	0.132247	0.089339	-0.121397	-0.108145	-0.206103	-0.024015	-0.065993	-0.490726	-0.064811	0.008964	-0.200131	0.127584	0.157073	0.171605
TCGA-D8-A27M-01	-0.155511	-0.182095	-0.325448	0.085433	-0.099056	0.158743	0.206800	-0.591919	-0.228935	-0.050969	0.139477	0.151923	-0.436966	-0.009082	-0.328030	-0.275353	-0.199084	0.273390	-0.197810	-0.270903	-0.211456	-0.233707	0.106044	-0.699763	-0.318151	0.371813	-0.024058	-0.434650	-0.059927	-0.141575	-0.086796	-0.061683
TCGA-D8-A27N-01	0.027762	-0.018576	0.162725	-0.083858	0.047659	-0.073771	0.006355	0.328963	0.156345	-0.005588	-0.074559	-0.004502	0.145853	0.018606	0.198099	0.163602	0.089494	-0.161607	0.092392	0.190450	0.068672	0.029545	-0.095032	0.257281	0.097120	-0.236803	0.004369	0.193001	-0.021546	0.073446	0.001667	0.054082
TCGA-D8-A27P-01	-0.095662	-0.345777	-0.048745	-0.045204	0.134362	-0.017660	0.357483	0.413519	0.207123	-0.114535	-0.176584	0.090838	-0.155327	0.080192	0.265591	0.180526	0.053127	0.025733	0.109635	0.083203	-0.104180	-0.092958	-0.206026	-0.002294	-0.054160	-0.447774	-0.054113	-0.000642	-0.156834	0.127726	0.179461	0.141600
TCGA-D8-A27R-01	-0.019733	-0.060061	0.086420	-0.034970	0.041342	-0.022524	0.090894	0.267770	0.130669	-0.003530	-0.061348	0.009723	0.046209	0.010391	0.158469	0.159912	0.090510	-0.050719	0.097240	0.076609	0.018608	-0.006605	-0.082006	0.164521	0.018414	-0.234460	-0.003229	0.128723	-0.079279	0.072031	0.016230	0.068280
TCGA-D8-A27T-01	0.037428	-0.062500	0.172193	-0.098096	0.097602	-0.106153	0.009915	0.425697	0.203722	-0.030201	-0.097568	-0.024753	0.154083	0.025489	0.254646	0.169827	0.106166	-0.201950	0.101068	0.244055	0.076893	0.037317	-0.149087	0.301753	0.146909	-0.298060	-0.001402	0.185171	-0.003921	0.094129	0.070245	0.053400
TCGA-D8-A27V-01	-0.050343	-0.142609	0.056231	-0.031085	0.120764	-0.075894	0.132724	0.399836	0.172087	-0.078687	-0.099023	-0.010317	0.034123	0.023841	0.198247	0.178802	0.105710	-0.026825	0.113006	0.090207	-0.010673	-0.018851	-0.182820	0.210532	0.005661	-0.368688	-0.014887	0.092849	-0.062432	0.124134	0.143582	0.089017
TCGA-D8-A27W-01	0.128783	0.175925	0.235446	-0.057239	0.027786	-0.080256	-0.189934	0.298738	0.145864	0.091898	-0.056920	-0.109578	0.289187	-0.021437	0.183600	0.149788	0.122235	-0.220384	0.112740	0.156569	0.163849	0.143611	-0.021549	0.428098	0.220887	-0.130226	0.027211	0.283983	0.060569	0.043630	-0.014736	0.009536
TCGA-D8-A3Z5-01	-0.147959	-0.487910	-0.094823	-0.029272	0.130530	0.014637	0.541900	0.461508	0.254345	-0.136690	-0.207123	0.173056	-0.251845	0.111886	0.339020	0.248170	0.055557	0.066004	0.147658	0.065133	-0.181301	-0.164680	-0.229973	-0.078352	-0.122942	-0.573246	-0.090799	0.008581	-0.279155	0.165639	0.172753	0.203501
TCGA-D8-A3Z6-01	0.045538	-0.007469	0.152454	-0.044941	0.103604	-0.094623	-0.012831	0.407446	0.174271	-0.016827	-0.096015	-0.051580	0.171272	0.006907	0.225839	0.190044	0.126703	-0.113787	0.126987	0.147730	0.064336	0.056378	-0.135182	0.345355	0.118510	-0.290366	-0.011758	0.207179	-0.001890	0.112373	0.099853	0.054740
TCGA-D8-A4Z1-01	-0.171889	-0.584217	-0.163109	-0.037757	0.109628	0.061279	0.659409	0.413933	0.257754	-0.138052	-0.231327	0.236556	-0.349887	0.147439	0.361106	0.236964	0.015150	0.081239	0.143980	0.047833	-0.233814	-0.210130	-0.224159	-0.199103	-0.169362	-0.602572	-0.105438	-0.046251	-0.338841	0.150094	0.159562	0.236632
TCGA-D8-A73U-01	-0.146704	-0.396365	-0.100601	-0.044562	0.072730	0.049845	0.476120	0.285657	0.179717	-0.101497	-0.164024	0.164618	-0.251501	0.105331	0.228207	0.162567	0.009085	0.056398	0.083260	0.026185	-0.169005	-0.157417	-0.147195	-0.164625	-0.145028	-0.407834	-0.058193	-0.041049	-0.238945	0.101856	0.074900	0.177927
TCGA-D8-A73W-01	-0.036567	-0.136296	0.047765	-0.062849	0.112537	-0.071272	0.100231	0.326096	0.158023	-0.065385	-0.122439	-0.002943	0.013801	0.043825	0.167440	0.097651	0.056703	-0.056806	0.051176	0.117122	0.001863	-0.013342	-0.131196	0.109168	0.039091	-0.252616	0.001939	0.047942	-0.028372	0.094247	0.129680	0.049032
TCGA-D8-A73X-01	-0.010195	-0.214943	0.062550	-0.044918	0.109886	-0.028509	0.251738	0.468230	0.238314	-0.049617	-0.177449	0.056940	0.007226	0.061840	0.329730	0.250989	0.109277	-0.051485	0.162849	0.122946	-0.058296	-0.029077	-0.170626	0.186730	0.021812	-0.459511	-0.052138	0.168730	-0.136961	0.138205	0.102152	0.147599
TCGA-E2-A14N-01	-0.110024	-0.005464	-0.299601	0.128262	-0.144576	0.134823	0.003588	-0.785074	-0.342623	-0.001055	0.240855	0.086302	-0.340050	-0.060823	-0.469657	-0.380267	-0.219129	0.250948	-0.272386	-0.299805	-0.159057	-0.167592	0.181813	-0.665899	-0.278139	0.586091	0.013220	-0.449186	0.041835	-0.201745	-0.142137	-0.141461
TCGA-E2-A14U-01	-0.200836	-0.483963	-0.258928	-0.009749	0.055483	0.081446	0.518722	0.065982	0.079453	-0.132441	-0.107472	0.220048	-0.382266	0.125744	0.104237	0.016717	-0.084559	0.156317	-0.013927	-0.058004	-0.254398	-0.218285	-0.131818	-0.375286	-0.232001	-0.318445	-0.066637	-0.241822	-0.232169	0.047625	0.114320	0.138027
TCGA-E2-A15I-01	-0.021205	-0.039436	0.081600	-0.024609	0.114985	-0.105740	-0.016639	0.328452	0.122729	-0.061660	-0.041068	-0.063276	0.110131	-0.005703	0.116667	0.117865	0.093939	-0.059083	0.069632	0.100982	0.041521	0.024151	-0.155769	0.271672	0.053963	-0.254430	0.015093	0.085955	0.015027	0.099488	0.142991	0.032795
TCGA-E2-A15J-01	0.072456	0.209278	0.201096	0.000961	0.069144	-0.106866	-0.214951	0.256633	0.069453	0.029220	0.001337	-0.131736	0.286163	-0.061557	0.070832	0.119975	0.136966	-0.087983	0.063756	0.088435	0.093018	0.120661	-0.056376	0.404842	0.108240	-0.103716	0.044247	0.223832	0.088101	0.069567	0.020083	-0.010901
TCGA-E2-A15K-01	0.086461	0.308701	0.208758	-0.011045	0.034248	-0.137694	-0.392367	0.126183	-0.031973	0.027783	0.089086	-0.172230	0.329607	-0.086614	-0.067320	0.018318	0.108213	-0.087701	0.009440	0.107028	0.196762	0.150876	-0.026597	0.416038	0.156827	0.065611	0.067605	0.161035	0.170952	0.014447	0.028604	-0.105838
TCGA-E2-A1AZ-01	-0.138570	-0.093086	-0.305486	0.100563	-0.113470	0.144409	0.116680	-0.667351	-0.280843	-0.031992	0.182692	0.117395	-0.381893	-0.030381	-0.398330	-0.313844	-0.197688	0.261327	-0.230594	-0.279582	-0.190670	-0.199634	0.140906	-0.669115	-0.303291	0.459245	-0.004320	-0.429085	-0.021414	-0.164498	-0.119639	-0.094383
TCGA-E2-A1B0-01	-0.057577	0.045693	-0.120747	0.020341	-0.094188	0.084332	0.017267	-0.322929	-0.191139	-0.001827	0.098372	0.063488	-0.120981	0.025622	-0.180768	-0.143555	-0.077952	0.129512	-0.107269	-0.139374	-0.050255	-0.059946	0.125008	-0.238444	-0.130269	0.202231	0.007006	-0.162589	-0.014371	-0.068812	-0.092793	-0.038412
TCGA-E2-A1B1-01	-0.242970	-0.518712	-0.271458	-0.002386	0.044615	0.104563	0.608878	0.081233	0.082417	-0.157149	-0.100872	0.251950	-0.432296	0.123604	0.110865	0.065867	-0.064806	0.196881	0.012343	-0.092475	-0.295570	-0.261682	-0.142097	-0.419697	-0.307702	-0.366594	-0.077379	-0.235721	-0.293792	0.062364	0.079834	0.177089
TCGA-E2-A1B4-01	0.014736	0.014060	0.130553	-0.029473	0.117175	-0.115104	-0.060631	0.383893	0.140106	-0.045352	-0.055157	-0.079983	0.177286	-0.015036	0.154253	0.156368	0.130315	-0.079298	0.102189	0.122889	0.067156	0.055793	-0.154937	0.353061	0.086660	-0.281453	0.015185	0.153295	0.029433	0.108251	0.129567	0.031926
TCGA-E2-A1B5-01	-0.119328	-0.024083	-0.008294	0.019204	-0.018045	0.013361	0.091987	-0.001673	-0.019398	-0.033067	0.061365	0.018914	-0.053877	-0.026728	-0.074912	0.026725	0.017676	0.077203	-0.017911	-0.058138	-0.046948	-0.058271	-0.018045	-0.038085	-0.140038	-0.045127	0.037568	-0.036468	-0.074793	0.019582	-0.053258	0.039501
TCGA-E2-A1B6-01	-0.163076	-0.164011	-0.335664	0.105696	-0.109483	0.150366	0.186228	-0.660377	-0.260990	-0.045558	0.172546	0.146291	-0.424978	-0.016870	-0.369740	-0.315215	-0.206509	0.262638	-0.224987	-0.286393	-0.213901	-0.222086	0.111734	-0.709391	-0.322838	0.416851	-0.012973	-0.454445	-0.048894	-0.161111	-0.097983	-0.072634
TCGA-E2-A1BC-01	-0.101758	-0.130941	0.026259	-0.011631	0.081556	-0.051389	0.151430	0.287098	0.114905	-0.088049	-0.043357	0.010505	0.002186	0.010149	0.104974	0.140433	0.092863	0.036408	0.080995	0.029702	-0.055373	-0.057596	-0.151048	0.135632	-0.096223	-0.327063	0.006762	0.039136	-0.083163	0.104485	0.077827	0.073861
TCGA-E2-A1BD-01	0.054368	0.069857	0.177998	-0.027777	0.080257	-0.079055	-0.049674	0.366818	0.146882	0.003755	-0.070339	-0.064579	0.223706	-0.008144	0.203704	0.196721	0.153240	-0.095598	0.124905	0.112854	0.049494	0.079557	-0.100734	0.373543	0.093776	-0.270900	0.000828	0.245562	0.003106	0.108702	0.039137	0.055561
TCGA-E2-A1IE-01	0.199348	0.463309	0.330476	-0.018802	0.016284	-0.169867	-0.550095	0.190940	0.033912	0.130099	0.053417	-0.258119	0.512724	-0.114441	0.018975	0.063317	0.146123	-0.251215	0.060355	0.151404	0.287747	0.266273	0.024434	0.630996	0.312546	0.090452	0.085086	0.323557	0.243210	0.007458	-0.014605	-0.113364
TCGA-E2-A1IF-01	-0.168263	-0.228511	-0.115459	0.008558	0.047184	0.007126	0.247418	0.080784	0.022908	-0.121568	-0.015303	0.086504	-0.163861	0.039664	-0.005434	0.020034	-0.007351	0.137399	-0.016784	-0.047528	-0.134101	-0.133376	-0.119620	-0.133073	-0.190514	-0.219368	-0.008045	-0.142064	-0.111512	0.057122	0.079469	0.064054
TCGA-E2-A1IG-01	0.061977	0.194099	0.213937	-0.035308	0.068375	-0.129723	-0.250207	0.295958	0.088926	0.012706	0.006231	-0.139945	0.305161	-0.056854	0.070674	0.120072	0.143356	-0.119296	0.075907	0.125367	0.152962	0.121445	-0.082665	0.436707	0.143519	-0.130188	0.054909	0.215476	0.101418	0.078914	0.050239	-0.025740
TCGA-E2-A1IH-01	-0.131436	-0.171301	-0.020822	-0.001587	0.061119	-0.013525	0.227599	0.232736	0.095832	-0.093971	-0.040770	0.052197	-0.068758	0.017454	0.086634	0.129127	0.068781	0.082900	0.063534	-0.009372	-0.101837	-0.092301	-0.136609	0.034465	-0.151868	-0.318196	-0.000557	-0.004111	-0.122548	0.095458	0.050410	0.094933
TCGA-E2-A1II-01	-0.020794	0.095012	-0.261686	0.100184	-0.163353	0.140204	-0.109843	-0.786255	-0.356054	0.040388	0.221985	0.048956	-0.279734	-0.053938	-0.471825	-0.399701	-0.244245	0.209472	-0.273060	-0.254162	-0.087808	-0.100390	0.241672	-0.604426	-0.175102	0.669909	0.015132	-0.406607	0.100923	-0.223800	-0.155651	-0.169172
TCGA-E2-A1IJ-01	-0.079134	-0.122842	0.031174	-0.015877	0.079313	-0.042465	0.143944	0.288137	0.114689	-0.079514	-0.055504	0.017659	0.007268	0.014103	0.122882	0.143579	0.083916	0.027622	0.076804	0.042936	-0.047989	-0.048115	-0.145044	0.129705	-0.068661	-0.307052	-0.003988	0.053260	-0.078362	0.102581	0.078277	0.081966
TCGA-E2-A1IK-01	-0.050281	-0.063587	-0.009413	-0.033209	0.098286	-0.069933	-0.002525	0.166612	0.049901	-0.071369	-0.050501	-0.039967	-0.005410	0.010901	0.018173	-0.013995	0.015385	0.016241	-0.022119	0.038850	0.019512	-0.000309	-0.095333	0.038458	0.010084	-0.103983	0.027494	-0.064420	0.034152	0.039949	0.144812	-0.014483
TCGA-E2-A1IL-01	-0.011556	0.028247	0.101305	-0.019397	0.107728	-0.118634	-0.085626	0.283077	0.081662	-0.059081	-0.014504	-0.085876	0.151627	-0.018778	0.068062	0.087568	0.095508	-0.048438	0.048020	0.089758	0.054385	0.046039	-0.134100	0.292260	0.051997	-0.197020	0.026301	0.085878	0.057681	0.082989	0.119575	0.001482
TCGA-E2-A1IN-01	0.016263	0.092443	0.144390	-0.013463	0.087464	-0.099524	-0.118306	0.298524	0.086363	-0.030775	-0.009299	-0.094776	0.205191	-0.040294	0.080822	0.119238	0.132280	-0.036160	0.066389	0.087701	0.061971	0.067299	-0.114355	0.335464	0.056835	-0.194371	0.036761	0.149754	0.049886	0.089861	0.072891	0.010086
TCGA-E2-A1IO-01	-0.084099	-0.010811	0.020248	0.006637	0.023627	-0.025769	0.042228	0.111899	0.016157	-0.051581	0.032455	-0.010581	0.021163	-0.019324	-0.017362	0.055571	0.056642	0.060265	0.011122	-0.005869	-0.026814	-0.033093	-0.068985	0.086322	-0.087098	-0.133369	0.025518	0.005943	-0.036876	0.050279	0.010308	0.029399
TCGA-E2-A1IU-01	0.026512	0.019179	0.137993	-0.046681	0.106898	-0.114006	-0.084256	0.350288	0.137604	-0.032417	-0.054519	-0.075831	0.172712	-0.010317	0.143159	0.123843	0.104105	-0.109954	0.073856	0.146725	0.085329	0.056988	-0.132398	0.322323	0.120959	-0.218158	0.014869	0.145195	0.040692	0.091833	0.115783	0.015979
TCGA-E2-A1L6-01	-0.054864	-0.045947	0.063498	-0.018564	0.095828	-0.087906	0.020108	0.274241	0.093215	-0.074040	-0.028934	-0.042644	0.079195	-0.009186	0.079384	0.095504	0.083701	-0.008235	0.044892	0.065602	0.003477	0.001875	-0.141479	0.197030	-0.013523	-0.231638	0.021084	0.051789	0.001253	0.088443	0.101820	0.034873
TCGA-E2-A1L7-01	0.069128	0.324599	0.178118	0.016141	-0.069736	-0.063453	-0.332753	-0.044195	-0.074723	0.083281	0.119950	-0.121747	0.279447	-0.091675	-0.112781	-0.008275	0.047069	-0.081169	-0.028085	0.046377	0.140624	0.117397	0.071709	0.293708	0.083958	0.154199	0.075449	0.151061	0.115672	-0.028267	-0.117064	-0.070935
TCGA-E2-A1L8-01	-0.041133	0.056903	0.083031	-0.002595	0.077114	-0.090371	-0.073663	0.208099	0.031806	-0.062473	0.013496	-0.081294	0.127838	-0.032725	0.004296	0.062834	0.097900	0.021119	0.029256	0.034384	0.027251	0.028083	-0.106805	0.231014	-0.021387	-0.155998	0.039724	0.052007	0.045952	0.072036	0.077590	-0.005521
TCGA-E2-A1L9-01	-0.024428	0.103920	0.095308	0.004161	0.051369	-0.086243	-0.125695	0.154712	0.005842	-0.043007	0.036765	-0.083858	0.149423	-0.046600	-0.027744	0.043679	0.083868	0.018580	0.008794	0.035530	0.041473	0.035768	-0.077181	0.227551	-0.006867	-0.091447	0.042602	0.059525	0.064007	0.057609	0.047806	-0.023937
TCGA-E2-A1LA-01	0.084125	0.161722	0.187901	-0.038069	0.081353	-0.139696	-0.265763	0.256406	0.060135	0.009141	0.004871	-0.125088	0.271578	-0.053446	0.050471	0.072226	0.107491	-0.119245	0.042535	0.164264	0.163331	0.110094	-0.084740	0.391148	0.174485	-0.066528	0.041875	0.176698	0.114387	0.053271	0.088103	-0.059026
TCGA-E2-A1LB-01	0.046689	0.178634	0.071223	-0.004791	-0.063872	0.027732	-0.110724	-0.059992	-0.072521	0.056326	0.043824	-0.020084	0.118804	0.005395	-0.009955	0.028288	0.029993	-0.012019	0.018899	-0.033238	0.042168	0.057700	0.087113	0.125179	0.002871	0.057915	0.012060	0.103340	0.017927	-0.005127	-0.095336	0.004631
TCGA-E2-A1LE-01	-0.011583	-0.057419	0.010252	-0.021877	-0.040316	0.068870	0.162422	0.071674	0.039683	0.018303	-0.059918	0.075529	-0.055316	0.055976	0.127570	0.112115	0.020443	-0.000559	0.074832	-0.008749	-0.030220	-0.026919	0.023810	-0.013799	-0.034161	-0.125117	-0.035984	0.075646	-0.117022	0.036424	-0.055737	0.085267
TCGA-E2-A1LG-01	-0.062771	-0.003490	-0.281997	0.096002	-0.132196	0.137904	-0.014542	-0.687407	-0.311847	-0.010318	0.189561	0.077745	-0.318005	-0.026148	-0.401610	-0.358038	-0.219169	0.247728	-0.255839	-0.241249	-0.127071	-0.139270	0.184664	-0.618172	-0.200760	0.554354	0.001724	-0.407608	0.054621	-0.179310	-0.096051	-0.143693
TCGA-E2-A1LH-01	-0.105440	-0.092484	-0.303487	0.090028	-0.122107	0.159418	0.102494	-0.655888	-0.267995	-0.018180	0.165104	0.124089	-0.388462	-0.025196	-0.366346	-0.307980	-0.215724	0.259754	-0.221273	-0.267722	-0.177577	-0.197326	0.157858	-0.679758	-0.270194	0.477530	-0.015919	-0.417575	-0.009818	-0.164843	-0.113742	-0.098062
TCGA-E2-A1LI-01	-0.063347	0.067811	-0.278362	0.115800	-0.153303	0.131782	-0.090590	-0.802642	-0.365480	0.018974	0.247010	0.051934	-0.295669	-0.065819	-0.487893	-0.399268	-0.230705	0.243128	-0.282251	-0.288112	-0.115885	-0.132048	0.214929	-0.626129	-0.227765	0.649616	0.017858	-0.434683	0.094211	-0.217486	-0.143119	-0.166918
TCGA-E2-A1LK-01	0.028516	0.221532	-0.197842	0.094424	-0.200626	0.137703	-0.221798	-0.810602	-0.396146	0.089875	0.252253	0.015948	-0.174076	-0.077664	-0.459196	-0.375468	-0.230067	0.170937	-0.268781	-0.254507	-0.062351	-0.055426	0.307262	-0.513152	-0.137162	0.720991	0.028978	-0.325012	0.131277	-0.228333	-0.210113	-0.171756
TCGA-E2-A1LL-01	-0.115188	-0.041922	-0.160811	0.044546	-0.094549	0.091288	0.101835	-0.334801	-0.175052	-0.033857	0.109012	0.085770	-0.187793	0.020564	-0.211528	-0.150644	-0.099298	0.162386	-0.120048	-0.157379	-0.103028	-0.114588	0.085281	-0.304489	-0.199459	0.157895	0.010075	-0.221306	-0.049091	-0.058358	-0.080229	-0.017655
TCGA-E2-A1LS-01	-0.080851	0.005913	-0.287459	0.093466	-0.122398	0.125945	-0.030994	-0.705426	-0.322035	-0.007216	0.205827	0.062569	-0.308476	-0.038938	-0.425008	-0.355122	-0.222454	0.249501	-0.260379	-0.274940	-0.139517	-0.147725	0.174888	-0.604274	-0.236690	0.539792	0.006509	-0.425360	0.070693	-0.191150	-0.104399	-0.126804
TCGA-E2-A2P5-01	0.013399	-0.130428	0.098370	-0.044307	0.064035	-0.011371	0.201150	0.402449	0.215368	0.003276	-0.157763	0.035628	0.036817	0.053149	0.312246	0.250598	0.120530	-0.086463	0.176329	0.100160	-0.003344	0.002653	-0.105129	0.207886	0.051175	-0.380037	-0.039832	0.210480	-0.136792	0.118661	0.043626	0.128456
TCGA-E2-A2P6-01	0.140319	0.035595	0.203619	-0.053659	0.091092	-0.091799	-0.053340	0.468327	0.227885	0.055166	-0.161685	-0.091673	0.245360	0.015844	0.342445	0.227181	0.143449	-0.226091	0.180831	0.197930	0.126353	0.143680	-0.096989	0.454519	0.251305	-0.281976	-0.026272	0.312367	0.016648	0.104777	0.105840	0.070445
TCGA-E2-A3DX-01	-0.201002	-0.556696	-0.184837	-0.038686	0.093228	0.077595	0.654128	0.325172	0.212693	-0.144328	-0.202301	0.233365	-0.379396	0.135548	0.276692	0.187889	-0.006189	0.113319	0.102983	0.001350	-0.252260	-0.224728	-0.203201	-0.273038	-0.220793	-0.530070	-0.089341	-0.109851	-0.317247	0.117016	0.117410	0.226646
TCGA-E2-A56Z-01	0.199952	0.235923	0.257304	-0.056543	0.053417	-0.132177	-0.321509	0.309226	0.106618	0.072991	-0.071321	-0.149056	0.363418	-0.014270	0.174038	0.114759	0.118692	-0.243492	0.111998	0.208057	0.238023	0.201999	-0.020983	0.517493	0.334053	-0.059610	0.008019	0.308780	0.133515	0.056700	0.088533	-0.062425
TCGA-E2-A570-01	-0.046031	-0.197879	0.037214	-0.030694	0.117856	-0.040574	0.217084	0.397942	0.184588	-0.075678	-0.130528	0.043909	-0.017142	0.044230	0.235609	0.194197	0.097369	-0.004469	0.115418	0.094184	-0.058962	-0.046116	-0.169390	0.138890	-0.011177	-0.386589	-0.035774	0.100883	-0.114823	0.129802	0.120476	0.111504
TCGA-E2-A572-01	-0.021634	-0.234534	0.044006	-0.044100	0.140569	-0.061598	0.221562	0.478807	0.241676	-0.065494	-0.177406	0.031680	-0.010672	0.060746	0.311856	0.215404	0.101729	-0.065811	0.151518	0.133103	-0.019240	-0.020795	-0.185461	0.184575	0.062712	-0.433846	-0.046130	0.128479	-0.114134	0.144644	0.178893	0.109610
TCGA-E2-A573-01	-0.056853	0.022736	-0.279993	0.100675	-0.143933	0.148424	-0.028361	-0.739773	-0.329745	0.011268	0.205429	0.078373	-0.323128	-0.044618	-0.429717	-0.358929	-0.225878	0.244745	-0.257302	-0.268437	-0.131183	-0.145209	0.209185	-0.642094	-0.217897	0.601831	-0.000561	-0.406517	0.054639	-0.196764	-0.135396	-0.143644
TCGA-E2-A574-01	-0.034695	0.039566	-0.272090	0.090414	-0.139973	0.137226	-0.061292	-0.714103	-0.336622	0.008742	0.196330	0.068719	-0.288938	-0.027894	-0.406887	-0.356886	-0.221520	0.236709	-0.254085	-0.237879	-0.123228	-0.124390	0.215955	-0.593943	-0.186263	0.582717	-0.002385	-0.390265	0.072879	-0.189548	-0.106321	-0.148189
TCGA-E2-A576-01	0.210172	0.289668	0.309807	-0.048564	0.018546	-0.119361	-0.325430	0.303046	0.127220	0.115850	-0.059353	-0.154740	0.417983	-0.028241	0.208525	0.157276	0.146444	-0.281605	0.131507	0.213189	0.232752	0.229194	0.013879	0.553612	0.343673	-0.052122	0.010677	0.394377	0.117020	0.059783	-0.002407	-0.036225
TCGA-E2-A9RU-01	0.157150	0.152736	0.246655	-0.038707	0.027227	-0.077575	-0.151681	0.338901	0.153000	0.081499	-0.093418	-0.078927	0.295044	-0.002852	0.257398	0.196001	0.135534	-0.206981	0.148973	0.182195	0.144503	0.150209	-0.013021	0.435059	0.248366	-0.153806	-0.014977	0.351615	0.025568	0.080741	0.000377	0.014486
TCGA-E9-A1N3-01	0.072022	0.143890	0.107967	-0.043296	0.105432	-0.131004	-0.273418	0.181878	0.044733	-0.010832	-0.036077	-0.144194	0.186232	-0.024090	0.007806	-0.038959	0.044795	-0.088781	-0.011637	0.096199	0.159674	0.114535	-0.053617	0.250906	0.178997	0.020100	0.045520	0.038674	0.165257	0.018217	0.157952	-0.102341
TCGA-E9-A1N4-01	-0.014772	-0.184411	0.039798	-0.048603	0.123225	-0.052930	0.176239	0.415986	0.197076	-0.056727	-0.149261	0.012740	-0.005950	0.052269	0.257403	0.179334	0.084668	-0.065386	0.119992	0.122761	-0.010424	-0.010338	-0.161127	0.167662	0.060592	-0.367002	-0.033769	0.095742	-0.079456	0.114283	0.154166	0.099777
TCGA-E9-A1N5-01	-0.020544	-0.078352	0.097077	-0.023015	0.109496	-0.075443	0.077517	0.388690	0.157298	-0.055984	-0.084811	-0.020467	0.082489	0.003795	0.179926	0.183473	0.122586	-0.027629	0.111377	0.096654	0.005452	0.000595	-0.155004	0.247846	0.021955	-0.323510	-0.002144	0.143936	-0.053852	0.119685	0.103049	0.071311
TCGA-E9-A1N6-01	0.031952	0.235386	0.107631	0.000782	-0.027175	-0.054060	-0.254174	-0.023888	-0.088118	0.010546	0.088492	-0.096890	0.199416	-0.042454	-0.105746	-0.035068	0.048771	-0.002276	-0.029615	0.017910	0.103797	0.078113	0.032885	0.217313	0.041937	0.078746	0.052438	0.057811	0.107341	-0.000871	-0.029235	-0.072136
TCGA-E9-A1N8-01	-0.008472	0.063329	-0.272011	0.087368	-0.149019	0.140902	-0.086781	-0.734455	-0.334398	0.036210	0.191613	0.057389	-0.283381	-0.035777	-0.419536	-0.376937	-0.243558	0.210326	-0.263142	-0.242542	-0.094362	-0.098419	0.227347	-0.589288	-0.149525	0.624065	-0.001705	-0.392917	0.089122	-0.216038	-0.126752	-0.150042
TCGA-E9-A1N9-01	-0.089399	0.032370	-0.022146	0.026199	-0.034000	0.015830	0.016185	-0.063007	-0.065750	-0.027906	0.088648	0.000362	-0.019216	-0.028221	-0.114824	-0.015798	0.009615	0.091133	-0.038216	-0.059225	-0.033573	-0.045225	0.001764	-0.012573	-0.120941	0.002960	0.033358	-0.056395	-0.031105	0.002799	-0.047439	0.003271
TCGA-E9-A1NA-01	0.148345	0.360930	0.281733	-0.041655	-0.013709	-0.108920	-0.388082	0.170885	0.026381	0.096244	0.025207	-0.165232	0.410547	-0.055626	0.046487	0.094223	0.126816	-0.195682	0.074470	0.132953	0.212613	0.199180	0.036187	0.496604	0.217796	0.015223	0.060428	0.303521	0.157543	0.019960	-0.063153	-0.062213
TCGA-E9-A1ND-01	-0.049640	0.065793	-0.233558	0.097276	-0.160000	0.146186	-0.034851	-0.705868	-0.327704	0.024442	0.202498	0.074061	-0.274038	-0.044413	-0.404856	-0.316412	-0.199784	0.218647	-0.229420	-0.258452	-0.113383	-0.128318	0.225019	-0.572517	-0.211868	0.569812	0.003240	-0.341804	0.037144	-0.176476	-0.170171	-0.124556
TCGA-E9-A1NE-01	-0.096301	0.011324	0.033686	0.006123	0.004919	-0.024325	0.017407	0.069042	0.001415	-0.041931	0.061126	-0.017629	0.022053	-0.037064	-0.060050	0.040365	0.046966	0.048253	-0.003953	-0.009686	-0.004737	-0.033833	-0.054950	0.069212	-0.094426	-0.078165	0.042676	-0.003434	-0.036188	0.037069	-0.017931	0.020152
TCGA-E9-A1NF-01	0.045758	0.218336	0.169196	-0.021893	-0.011084	-0.058551	-0.199687	0.123104	-0.001183	0.020993	0.031578	-0.091367	0.249829	-0.029334	0.014070	0.074170	0.095920	-0.060428	0.047911	0.051221	0.098583	0.099096	0.004535	0.312879	0.056319	-0.042659	0.040420	0.168764	0.078491	0.041378	-0.042329	-0.018569
TCGA-E9-A1NG-01	-0.060840	0.037064	0.049130	-0.007575	0.065221	-0.070378	-0.054270	0.156175	0.006370	-0.075856	0.021426	-0.056257	0.088941	-0.022251	-0.024963	0.036015	0.076653	0.053429	0.007076	0.019692	0.009562	0.003805	-0.100571	0.159034	-0.051955	-0.131716	0.035027	0.006888	0.037905	0.059731	0.072065	-0.011836
TCGA-E9-A1NH-01	-0.008844	0.092196	0.125683	-0.005059	0.078049	-0.103428	-0.118021	0.243326	0.055298	-0.043906	0.006458	-0.093465	0.177147	-0.046086	0.032914	0.085394	0.105927	-0.014418	0.036420	0.068083	0.049084	0.048072	-0.106928	0.281748	0.021903	-0.145819	0.037758	0.105637	0.061101	0.079000	0.067917	-0.004822
TCGA-E9-A1NI-01	0.153151	0.455959	0.298326	-0.008658	0.020777	-0.155523	-0.523638	0.142833	-0.025327	0.082850	0.094000	-0.241802	0.470506	-0.112313	-0.050280	0.040372	0.147509	-0.158146	0.030810	0.113064	0.256771	0.238491	0.015835	0.564125	0.237655	0.106576	0.087422	0.266810	0.230392	0.015998	-0.010483	-0.115397
TCGA-E9-A1QZ-01	-0.116842	-0.131987	-0.030191	-0.003179	0.056843	-0.033102	0.127801	0.146236	0.050062	-0.084068	-0.002274	0.021102	-0.057715	0.004309	0.011176	0.050861	0.034796	0.057221	0.008999	0.008417	-0.050792	-0.074685	-0.116152	0.014138	-0.102675	-0.192628	0.015529	-0.050841	-0.070519	0.062902	0.071623	0.043958
TCGA-E9-A1R0-01	-0.083551	-0.371062	-0.018553	-0.053659	0.128435	-0.014631	0.402763	0.483274	0.258358	-0.090024	-0.198318	0.096207	-0.142229	0.090421	0.348374	0.249312	0.087009	-0.027681	0.167048	0.113092	-0.088199	-0.085223	-0.213187	0.057840	-0.024062	-0.527598	-0.063702	0.068555	-0.203268	0.142703	0.164051	0.172915
TCGA-E9-A1R2-01	0.011737	0.159231	0.144215	-0.005615	0.041014	-0.089125	-0.186330	0.182877	0.042362	0.009152	0.046650	-0.119003	0.210308	-0.072879	-0.007689	0.067698	0.102134	-0.051911	0.030324	0.063042	0.096733	0.072926	-0.063222	0.315814	0.056548	-0.065278	0.064587	0.123181	0.075998	0.045806	0.020325	-0.025290
TCGA-E9-A1R3-01	-0.052559	-0.248597	-0.022770	-0.047504	0.104114	-0.010874	0.277314	0.346481	0.159876	-0.087213	-0.153812	0.064980	-0.110644	0.070232	0.229850	0.152010	0.051010	0.003981	0.096499	0.089140	-0.071612	-0.054127	-0.154314	0.018279	-0.016843	-0.351655	-0.049027	0.017343	-0.115729	0.099195	0.137346	0.115433
TCGA-E9-A1R4-01	0.013238	0.202810	0.146678	-0.011082	0.012470	-0.092313	-0.238444	0.081056	-0.024164	0.008593	0.087029	-0.108532	0.216840	-0.074786	-0.081105	0.020712	0.075492	-0.044946	-0.010194	0.068033	0.118383	0.076075	-0.035577	0.272559	0.051333	0.037411	0.064619	0.103096	0.092127	0.016942	-0.013966	-0.051449
TCGA-E9-A1R5-01	0.078706	0.266185	0.232898	-0.028889	0.003891	-0.086643	-0.252670	0.196215	0.043949	0.044104	0.018714	-0.124948	0.332055	-0.042001	0.058448	0.113946	0.133139	-0.120656	0.072555	0.089399	0.130932	0.136354	0.001960	0.416903	0.118728	-0.066486	0.046761	0.256603	0.088947	0.057264	-0.052349	-0.017645
TCGA-E9-A1R6-01	0.202119	0.452292	0.328613	-0.027560	0.017936	-0.158339	-0.530339	0.194458	0.023930	0.118079	0.045473	-0.239362	0.497985	-0.097456	0.029143	0.070709	0.149424	-0.232050	0.066289	0.158377	0.287006	0.265443	0.027802	0.612005	0.317595	0.083482	0.070878	0.327684	0.231113	0.014563	-0.007236	-0.112414
TCGA-E9-A1R7-01	0.095312	0.258744	0.261871	-0.048162	0.007944	-0.123086	-0.304736	0.206754	0.051450	0.053562	0.029452	-0.133233	0.343456	-0.060394	0.046238	0.092242	0.112673	-0.183451	0.057729	0.159222	0.176263	0.137188	-0.021370	0.440117	0.167125	-0.039073	0.062527	0.248580	0.126709	0.031246	-0.042641	-0.049683
TCGA-E9-A1RA-01	-0.064605	-0.008690	0.049492	0.009054	0.063141	-0.059626	0.020752	0.186983	0.045690	-0.060779	0.001773	-0.028708	0.061732	-0.023929	0.020696	0.075900	0.073989	0.040361	0.021775	0.020695	-0.030843	-0.011750	-0.104601	0.146504	-0.065312	-0.180204	0.024797	0.034609	-0.008720	0.072607	0.048810	0.025745
TCGA-E9-A1RB-01	-0.060657	-0.220867	-0.029187	-0.035349	0.087609	-0.003001	0.259213	0.291940	0.126955	-0.085590	-0.125711	0.061408	-0.118729	0.054586	0.181464	0.129756	0.045135	0.029191	0.075566	0.067882	-0.076297	-0.061206	-0.137211	-0.012533	-0.041311	-0.299955	-0.041861	-0.001841	-0.111547	0.086475	0.111902	0.103428
TCGA-E9-A1RC-01	0.115599	0.330170	0.250908	-0.011500	0.032687	-0.113683	-0.338145	0.187888	0.026663	0.065204	0.033573	-0.166921	0.380476	-0.068526	0.032282	0.087990	0.139941	-0.133961	0.054142	0.097467	0.151404	0.176816	-0.003588	0.470616	0.164056	-0.012433	0.056787	0.263449	0.146404	0.043230	-0.027038	-0.042031
TCGA-E9-A1RD-01	0.038373	-0.130033	0.066496	-0.059253	0.097546	-0.043105	0.140189	0.385889	0.182977	-0.029307	-0.161778	0.011996	0.036903	0.059928	0.282850	0.169817	0.081131	-0.102889	0.126101	0.147968	0.004329	0.026163	-0.125426	0.189426	0.100747	-0.325462	-0.044798	0.129523	-0.051099	0.094947	0.116705	0.095755
TCGA-E9-A1RE-01	0.218324	0.513280	0.334483	-0.014555	-0.025997	-0.145052	-0.569409	0.112621	-0.016305	0.149169	0.066627	-0.249975	0.516004	-0.104896	-0.013540	0.054097	0.138396	-0.238544	0.051890	0.135826	0.299269	0.279836	0.076850	0.604612	0.310860	0.154134	0.077113	0.341585	0.235296	-0.010832	-0.063135	-0.123403
TCGA-E9-A1RF-01	0.115441	0.424291	0.270725	-0.010297	-0.013277	-0.126333	-0.474309	0.082335	-0.043423	0.070203	0.108189	-0.206871	0.423206	-0.097520	-0.079544	0.021199	0.124163	-0.131277	0.013542	0.091055	0.226868	0.199608	0.034680	0.487970	0.179701	0.112413	0.090191	0.224613	0.202390	0.009336	-0.046082	-0.113809
TCGA-E9-A1RG-01	0.031123	0.284685	0.153292	0.013666	0.025265	-0.097873	-0.336763	0.038643	-0.074659	0.014205	0.124257	-0.153051	0.251519	-0.091603	-0.136065	-0.026193	0.092009	-0.002545	-0.039207	0.039725	0.142910	0.115347	-0.004117	0.295322	0.079472	0.118717	0.076872	0.088260	0.142732	0.006812	0.011305	-0.100720
TCGA-E9-A1RH-01	-0.028772	0.139239	-0.050215	0.023348	-0.107627	0.065984	-0.082945	-0.309149	-0.202531	0.017121	0.119549	0.019501	-0.035175	0.000091	-0.191609	-0.121459	-0.055659	0.105863	-0.096699	-0.120287	-0.003995	-0.022432	0.148128	-0.144505	-0.092520	0.236110	0.021824	-0.094142	0.019188	-0.056995	-0.113226	-0.054423
TCGA-E9-A1RI-01	-0.028458	0.008033	0.102760	-0.015697	0.085543	-0.084875	-0.023398	0.297037	0.102584	-0.051253	-0.020131	-0.056675	0.128575	-0.027797	0.081914	0.125993	0.111276	-0.018044	0.066792	0.072658	0.022719	0.017418	-0.131316	0.261191	0.004122	-0.237423	0.030025	0.109057	0.003175	0.092135	0.070719	0.033843
TCGA-E9-A226-01	0.019003	-0.140903	0.049389	-0.051890	0.091807	-0.032814	0.163299	0.361821	0.160425	-0.046264	-0.153060	0.021709	0.002649	0.055986	0.255796	0.163222	0.077938	-0.060359	0.119044	0.125239	-0.010001	0.012245	-0.126333	0.142864	0.065954	-0.312424	-0.045731	0.103899	-0.063910	0.093415	0.116124	0.092968
TCGA-E9-A227-01	-0.071912	-0.026270	0.036459	-0.011664	0.088231	-0.083114	-0.004698	0.213119	0.053083	-0.080098	-0.011150	-0.055156	0.051631	-0.016815	0.011675	0.047175	0.069349	0.030336	0.014834	0.035508	0.006760	-0.005584	-0.124133	0.145253	-0.034531	-0.173811	0.031405	-0.004702	0.020066	0.069897	0.107512	0.004580
TCGA-E9-A228-01	0.222526	0.564629	0.346204	-0.006130	-0.025306	-0.159779	-0.644682	0.087638	-0.027573	0.157998	0.090446	-0.286724	0.553572	-0.128371	-0.051001	0.019611	0.134898	-0.246291	0.032541	0.123513	0.320441	0.303151	0.084387	0.638132	0.325657	0.197450	0.099192	0.322511	0.281969	-0.025302	-0.056718	-0.151575
TCGA-E9-A229-01	0.007288	0.170737	0.153262	-0.010842	0.056620	-0.111278	-0.218924	0.183746	0.016324	-0.026024	0.053707	-0.121870	0.229872	-0.063842	-0.030222	0.047358	0.106402	-0.032371	0.014635	0.079870	0.100060	0.074290	-0.078215	0.318986	0.052269	-0.066931	0.061148	0.106035	0.098642	0.054337	0.042247	-0.045801
TCGA-E9-A22A-01	0.024712	-0.035676	0.096194	-0.070786	0.020454	-0.032225	0.034753	0.225173	0.100968	-0.013816	-0.072529	0.025654	0.069306	0.027805	0.151248	0.107231	0.044738	-0.104514	0.057029	0.158890	0.036045	0.005770	-0.063002	0.133784	0.071100	-0.158182	-0.012359	0.118480	-0.032942	0.044497	-0.003107	0.044761
TCGA-E9-A22B-01	0.130539	0.366117	0.297496	-0.022773	-0.002298	-0.129072	-0.415481	0.166556	0.036942	0.093550	0.062201	-0.185651	0.421939	-0.094224	0.010663	0.074282	0.127656	-0.193659	0.043042	0.139017	0.211185	0.187076	0.014908	0.511249	0.204039	0.043734	0.079677	0.284838	0.167975	0.018631	-0.065325	-0.077225
TCGA-E9-A22D-01	-0.008616	0.166999	0.135243	-0.015841	0.011042	-0.087377	-0.195111	0.086700	-0.013566	-0.002461	0.079651	-0.090526	0.185808	-0.069725	-0.076740	0.026412	0.067607	-0.039693	-0.007793	0.063936	0.103958	0.054174	-0.043844	0.238063	0.026477	0.018961	0.063041	0.088362	0.071993	0.019965	-0.019348	-0.041113
TCGA-E9-A22E-01	-0.048824	0.079484	0.059095	-0.004008	0.055203	-0.074080	-0.098406	0.119741	-0.016606	-0.062630	0.038023	-0.074331	0.109480	-0.030948	-0.052937	0.012819	0.069284	0.044316	-0.008957	0.014186	0.023791	0.022199	-0.076325	0.168080	-0.036766	-0.084799	0.044458	0.004450	0.063432	0.047508	0.059791	-0.029006
TCGA-E9-A22G-01	-0.006867	0.131229	-0.268155	0.107577	-0.167777	0.133087	-0.170527	-0.832825	-0.385726	0.044421	0.246945	0.026574	-0.264527	-0.062361	-0.508538	-0.437112	-0.254046	0.218029	-0.294854	-0.263076	-0.069519	-0.091032	0.250797	-0.598336	-0.163004	0.721949	0.020035	-0.430759	0.141773	-0.241223	-0.144348	-0.197430
TCGA-E9-A22H-01	0.101159	0.328335	0.248252	-0.023148	0.049243	-0.158829	-0.411477	0.183561	0.005123	0.033912	0.070889	-0.194112	0.378672	-0.093257	-0.033172	0.041288	0.123855	-0.135967	0.026140	0.131883	0.211500	0.172760	-0.043307	0.481219	0.186992	0.036647	0.071994	0.201490	0.190159	0.031081	0.032691	-0.095451
TCGA-E9-A243-01	-0.143803	-0.128517	-0.310767	0.089532	-0.104485	0.139370	0.147001	-0.605860	-0.256742	-0.049745	0.159831	0.123837	-0.379668	-0.005057	-0.347619	-0.303742	-0.192555	0.255655	-0.219056	-0.256167	-0.186800	-0.193733	0.112211	-0.642181	-0.285620	0.391984	-0.007419	-0.424376	-0.027929	-0.145708	-0.079638	-0.079601
TCGA-E9-A244-01	-0.063244	0.056714	-0.265522	0.098492	-0.140656	0.131787	-0.074073	-0.738489	-0.344355	0.007979	0.223346	0.053485	-0.288057	-0.054614	-0.451668	-0.360757	-0.218912	0.247427	-0.264982	-0.272000	-0.121368	-0.134445	0.204252	-0.599415	-0.223858	0.597874	0.012377	-0.408022	0.080979	-0.196851	-0.130369	-0.147407
TCGA-E9-A245-01	0.027672	0.046087	0.042720	-0.048357	0.105776	-0.099400	-0.155755	0.163133	0.043974	-0.035484	-0.059849	-0.097866	0.080950	0.002237	0.011961	-0.047522	0.013380	-0.047448	-0.024427	0.070925	0.105575	0.069251	-0.060393	0.126302	0.123191	-0.013367	0.034227	-0.027959	0.116748	0.015697	0.167099	-0.071379
TCGA-E9-A247-01	0.135765	0.357011	0.272471	-0.007082	-0.001469	-0.106119	-0.366316	0.167356	0.030429	0.101190	0.041432	-0.181170	0.391656	-0.075124	0.031772	0.097379	0.137542	-0.169660	0.064887	0.102026	0.195445	0.193147	0.035252	0.495334	0.200699	0.023885	0.063139	0.297461	0.134793	0.030486	-0.053519	-0.055621
TCGA-E9-A248-01	-0.159972	-0.129063	-0.287110	0.083563	-0.102220	0.129138	0.169122	-0.544820	-0.240725	-0.055595	0.150972	0.124300	-0.348086	0.004446	-0.313372	-0.267315	-0.163689	0.235497	-0.194321	-0.236058	-0.182729	-0.185754	0.093915	-0.574481	-0.288781	0.313330	-0.003723	-0.389955	-0.050920	-0.120603	-0.077428	-0.057517
TCGA-E9-A249-01	0.039635	0.170296	0.167584	0.001951	0.067727	-0.111168	-0.200845	0.228822	0.042900	-0.008129	0.015629	-0.117854	0.244239	-0.059794	0.031480	0.087368	0.116819	-0.045049	0.038434	0.083794	0.081288	0.089065	-0.078175	0.348317	0.071817	-0.098213	0.042220	0.159815	0.089187	0.067572	0.046111	-0.025196
TCGA-E9-A24A-01	-0.024463	0.115274	0.096364	-0.011194	0.082114	-0.114212	-0.170679	0.171635	0.003284	-0.057980	0.036364	-0.118230	0.163195	-0.047072	-0.045016	0.010134	0.081729	0.000430	-0.009601	0.053586	0.068477	0.058403	-0.096515	0.246998	0.021061	-0.071212	0.056204	0.027638	0.109917	0.046788	0.090621	-0.051035
TCGA-E9-A295-01	0.103255	0.080103	0.220038	-0.085989	0.054537	-0.096335	-0.100778	0.368613	0.180604	0.046952	-0.086740	-0.065901	0.252549	0.009396	0.245374	0.176160	0.124200	-0.238097	0.118509	0.212179	0.130639	0.108455	-0.071657	0.388760	0.206468	-0.214594	0.010817	0.277195	0.030595	0.070042	0.008472	0.036329
TCGA-E9-A2JS-01	0.215325	0.432667	0.311735	-0.023387	-0.023554	-0.111404	-0.470858	0.157388	0.050200	0.165554	0.016922	-0.224744	0.469366	-0.077129	0.056325	0.076973	0.126040	-0.259527	0.077360	0.127045	0.269426	0.262021	0.072471	0.575107	0.308196	0.081960	0.070494	0.344506	0.191691	-0.006152	-0.063540	-0.079428
TCGA-E9-A2JT-01	-0.209893	-0.513841	-0.204011	-0.021226	0.048362	0.111195	0.636262	0.185797	0.148371	-0.123071	-0.152208	0.243095	-0.410849	0.118533	0.195814	0.135711	-0.035865	0.142082	0.061425	-0.048797	-0.253661	-0.232533	-0.148044	-0.360914	-0.249929	-0.399803	-0.081639	-0.145542	-0.319386	0.076141	0.056279	0.210545
TCGA-E9-A3Q9-01	0.066070	0.109163	0.118968	-0.046581	0.110873	-0.127597	-0.222107	0.243966	0.079236	-0.013191	-0.054293	-0.133431	0.183867	-0.013891	0.058962	0.012848	0.066232	-0.099463	0.024603	0.107158	0.149544	0.104016	-0.073306	0.285912	0.177806	-0.056547	0.033826	0.074742	0.131733	0.042857	0.161545	-0.070840
TCGA-E9-A3QA-01	-0.100131	-0.045080	-0.297184	0.101565	-0.132261	0.148893	0.052415	-0.712201	-0.301320	-0.007956	0.195000	0.102092	-0.362008	-0.038260	-0.416073	-0.343639	-0.220029	0.248071	-0.244027	-0.276610	-0.160821	-0.175928	0.172586	-0.669548	-0.264472	0.535011	-0.001549	-0.427016	0.016731	-0.183492	-0.129699	-0.116188
TCGA-E9-A3X8-01	-0.205153	-0.614141	-0.190047	-0.040942	0.111041	0.085001	0.731946	0.394678	0.252608	-0.152661	-0.236313	0.262971	-0.407870	0.149706	0.339553	0.236224	0.004835	0.120675	0.136514	0.005349	-0.280446	-0.243153	-0.229590	-0.274024	-0.232506	-0.610924	-0.112195	-0.087562	-0.357553	0.140669	0.128691	0.262827
TCGA-E9-A54X-01	-0.037105	-0.055609	0.000264	-0.030368	0.105117	-0.067102	-0.008045	0.177938	0.052780	-0.067348	-0.059624	-0.041132	0.005273	0.013210	0.024682	-0.009009	0.021898	0.018000	-0.019674	0.043691	0.023996	0.010225	-0.089228	0.050195	0.023831	-0.101952	0.026772	-0.047677	0.035455	0.047824	0.146875	-0.021859
TCGA-E9-A54Y-01	0.260334	0.383689	0.334272	-0.039761	0.022256	-0.137789	-0.453511	0.271573	0.092234	0.145123	-0.042325	-0.214148	0.482908	-0.046270	0.174774	0.129082	0.151881	-0.303990	0.125980	0.209810	0.297612	0.291821	0.042067	0.626565	0.417861	0.028048	0.020339	0.409258	0.179891	0.044353	0.028058	-0.083053
TCGA-E9-A5FK-01	-0.058880	-0.281665	0.020823	-0.030762	0.079796	0.001377	0.354040	0.407084	0.225545	-0.053690	-0.168148	0.109464	-0.088724	0.079548	0.318562	0.246452	0.084768	-0.027385	0.158220	0.087736	-0.082950	-0.074682	-0.140423	0.071044	-0.017950	-0.434859	-0.067023	0.141801	-0.217334	0.138873	0.078820	0.157185
TCGA-E9-A5FL-01	-0.159211	-0.216053	-0.315473	0.070608	-0.078209	0.138231	0.264731	-0.474340	-0.193395	-0.064442	0.093558	0.169419	-0.388290	0.046779	-0.233195	-0.230227	-0.163638	0.230890	-0.169299	-0.225160	-0.217058	-0.208720	0.078212	-0.593792	-0.287135	0.218229	-0.024939	-0.374023	-0.101695	-0.095104	-0.050905	-0.026815
TCGA-E9-A5UO-01	0.329906	0.531128	0.375736	-0.064587	0.004235	-0.174056	-0.637058	0.204258	0.040582	0.164164	-0.028676	-0.288803	0.578221	-0.063374	0.098260	0.048272	0.136071	-0.371645	0.107802	0.225125	0.385923	0.368392	0.073981	0.706508	0.493923	0.149744	0.042889	0.396514	0.300897	-0.013972	0.023872	-0.146591
TCGA-E9-A5UP-01	0.116845	0.118177	0.190765	-0.031213	0.051563	-0.073884	-0.110809	0.299900	0.126378	0.060802	-0.093663	-0.080607	0.245449	0.014351	0.200631	0.151918	0.107736	-0.171429	0.103936	0.133866	0.116736	0.149388	-0.012583	0.376787	0.228059	-0.135357	-0.002977	0.279586	0.030784	0.075095	0.028288	0.033127
TCGA-E9-A6HE-01	0.078567	-0.015087	0.179118	-0.039115	0.073080	-0.060692	0.049689	0.429393	0.212018	0.026819	-0.142375	-0.019061	0.168478	0.028262	0.314750	0.244104	0.143771	-0.143821	0.174011	0.153075	0.054354	0.070317	-0.082425	0.341266	0.153368	-0.309190	-0.035939	0.300859	-0.064335	0.121609	0.042704	0.078764
TCGA-EW-A1IW-01	0.040095	0.105603	0.176711	-0.031919	0.011159	-0.050558	-0.064350	0.247382	0.104310	0.025375	-0.034000	-0.047324	0.212229	-0.004369	0.141534	0.152892	0.112699	-0.107471	0.089952	0.096802	0.058496	0.071348	-0.031302	0.305423	0.077625	-0.167123	0.012802	0.230828	-0.009113	0.080765	-0.039048	0.043050
TCGA-EW-A1IX-01	-0.062256	-0.003095	0.063977	-0.009897	0.093535	-0.090065	-0.020493	0.246125	0.061123	-0.079723	-0.001684	-0.062507	0.093613	-0.023811	0.026731	0.074481	0.093903	0.023325	0.035467	0.045044	0.008264	0.006484	-0.136230	0.208055	-0.033998	-0.208784	0.035300	0.033420	0.022860	0.081685	0.099301	0.012039
TCGA-EW-A1IY-01	-0.079268	-0.113387	0.033268	-0.008210	0.086021	-0.044853	0.144011	0.291427	0.112935	-0.081463	-0.059286	0.013212	0.005527	0.004840	0.118861	0.142258	0.083895	0.038832	0.066896	0.037059	-0.063295	-0.043477	-0.146359	0.119413	-0.078875	-0.299772	-0.000889	0.052031	-0.069539	0.104383	0.075441	0.083122
TCGA-EW-A1IZ-01	-0.052920	0.007841	0.061153	-0.003169	-0.000944	-0.006985	0.044511	0.099139	0.031061	-0.003975	0.018599	-0.000961	0.025540	-0.018615	0.010012	0.078132	0.050093	0.010093	0.026716	0.007348	0.006509	-0.013149	-0.026615	0.079626	-0.042538	-0.078311	0.023347	0.065776	-0.062236	0.038159	-0.039683	0.040332
TCGA-EW-A1J1-01	0.089528	0.183669	0.162293	-0.027016	0.101373	-0.145273	-0.298872	0.252259	0.064879	0.007142	0.002078	-0.166651	0.269742	-0.058373	0.026430	0.033449	0.100840	-0.128016	0.031262	0.132562	0.177391	0.142071	-0.084180	0.399318	0.198737	-0.039985	0.057377	0.136527	0.153332	0.050220	0.127858	-0.072741
TCGA-EW-A1J2-01	-0.051052	-0.006679	0.085752	-0.011241	0.056726	-0.066245	0.004476	0.231017	0.077812	-0.050421	-0.001962	-0.032693	0.096795	-0.021602	0.057664	0.105534	0.086471	-0.005661	0.046029	0.058888	0.003399	-0.005684	-0.109082	0.201697	-0.029927	-0.203756	0.026565	0.079722	-0.015589	0.078178	0.038758	0.035716
TCGA-EW-A1J3-01	-0.066218	-0.045680	0.054442	-0.002105	0.062500	-0.049191	0.071955	0.247452	0.081379	-0.062007	-0.020491	-0.019474	0.050172	-0.011406	0.073521	0.125272	0.093324	0.028855	0.066668	0.028168	-0.021828	-0.020555	-0.116875	0.171262	-0.063098	-0.246612	0.016156	0.064863	-0.046961	0.089056	0.054026	0.057865
TCGA-EW-A1J5-01	0.109061	0.302180	0.261895	-0.023648	0.040342	-0.143491	-0.364117	0.238239	0.045658	0.051379	0.042605	-0.177125	0.380523	-0.083999	0.036111	0.095442	0.140867	-0.151662	0.064561	0.139075	0.203240	0.166759	-0.037731	0.502770	0.198825	-0.020529	0.059934	0.258222	0.148030	0.049409	0.019566	-0.059428
TCGA-EW-A1J6-01	0.059811	0.237756	0.169682	-0.007269	0.056481	-0.113848	-0.304616	0.145134	-0.008881	0.021090	0.068410	-0.149551	0.262773	-0.081331	-0.048567	0.026923	0.105154	-0.059803	0.001679	0.084914	0.155494	0.120564	-0.036175	0.346773	0.125037	0.035954	0.067560	0.136325	0.130844	0.028160	0.038471	-0.073726
TCGA-EW-A1OV-01	0.003190	0.242925	0.117622	0.010644	-0.063487	-0.022678	-0.217413	-0.087144	-0.098408	0.030494	0.125470	-0.080372	0.162718	-0.063128	-0.142508	-0.025312	0.037811	0.000312	-0.037631	-0.005514	0.089690	0.057237	0.064864	0.158430	-0.003003	0.145093	0.062570	0.065970	0.067244	-0.014589	-0.102714	-0.055155
TCGA-EW-A1OW-01	-0.065785	-0.039541	-0.295275	0.083431	-0.116589	0.147767	0.029072	-0.666005	-0.298687	-0.012888	0.163072	0.093990	-0.349678	-0.019437	-0.374745	-0.321893	-0.218111	0.255500	-0.238037	-0.255005	-0.152846	-0.161148	0.176436	-0.641902	-0.221585	0.516985	-0.017550	-0.405285	0.032113	-0.177413	-0.095687	-0.113592
TCGA-EW-A1OX-01	0.314921	0.535348	0.362321	-0.069709	-0.002882	-0.170649	-0.631278	0.181057	0.036776	0.171496	-0.018691	-0.295772	0.572707	-0.061291	0.078051	0.031207	0.130424	-0.379169	0.097896	0.212100	0.383202	0.362554	0.080198	0.694340	0.477316	0.155920	0.062301	0.375487	0.308525	-0.026655	0.009609	-0.136318
TCGA-EW-A1OY-01	0.050821	0.322906	0.190217	0.008200	0.010724	-0.108075	-0.378842	0.046730	-0.072006	0.025274	0.125398	-0.162250	0.298721	-0.097381	-0.126010	-0.017183	0.095076	-0.035859	-0.033147	0.061959	0.163751	0.130988	0.007587	0.342992	0.101681	0.125312	0.083171	0.122531	0.160486	0.006123	-0.011256	-0.105874
TCGA-EW-A1OZ-01	0.168181	0.425228	0.287239	-0.019442	-0.037261	-0.104024	-0.441750	0.100775	-0.013689	0.119727	0.057230	-0.193116	0.429360	-0.073349	0.002886	0.067270	0.125650	-0.192743	0.056639	0.107677	0.237990	0.221052	0.075009	0.506983	0.233476	0.097077	0.064924	0.302090	0.172815	0.004874	-0.080254	-0.086560
TCGA-EW-A1P0-01	0.051183	0.296768	0.182379	-0.002527	0.024331	-0.119240	-0.352411	0.105213	-0.031771	0.026451	0.090474	-0.183037	0.294490	-0.090528	-0.085035	-0.008036	0.093341	-0.070605	-0.012483	0.074463	0.165192	0.138440	-0.017314	0.370114	0.120307	0.072650	0.084864	0.116223	0.170339	0.007261	0.020431	-0.093237
TCGA-EW-A1P1-01	-0.220193	-0.332436	-0.242829	0.032508	-0.004233	0.087690	0.396762	-0.115143	-0.038205	-0.125767	0.007574	0.179417	-0.344102	0.066076	-0.066285	-0.045307	-0.078480	0.213085	-0.058569	-0.140490	-0.225918	-0.220187	-0.067498	-0.396239	-0.299319	-0.136135	-0.034337	-0.266824	-0.188223	0.011101	0.025625	0.079828
TCGA-EW-A1P3-01	0.035341	0.115306	0.175801	-0.033221	0.068775	-0.114753	-0.169231	0.267054	0.077993	-0.009506	0.005571	-0.089664	0.231829	-0.046210	0.066911	0.098312	0.108184	-0.092899	0.046882	0.141880	0.102915	0.070087	-0.097037	0.344602	0.104390	-0.122587	0.037509	0.166111	0.066177	0.068200	0.050192	-0.011408
TCGA-EW-A1P4-01	-0.095991	-0.028280	-0.294821	0.103550	-0.137722	0.152629	0.031043	-0.719576	-0.306243	-0.014435	0.200188	0.096422	-0.357896	-0.040531	-0.432208	-0.356155	-0.220191	0.264205	-0.251852	-0.274015	-0.152146	-0.172573	0.176735	-0.671693	-0.255459	0.558069	0.001818	-0.430093	0.030079	-0.184044	-0.124707	-0.138292
TCGA-EW-A1P5-01	0.043582	0.187921	0.186735	-0.018433	0.071845	-0.125856	-0.233689	0.249025	0.056799	-0.005010	0.023099	-0.138458	0.268196	-0.069259	0.025525	0.085220	0.122154	-0.081422	0.047566	0.102022	0.120842	0.107528	-0.086947	0.382843	0.098261	-0.091842	0.058051	0.163076	0.114223	0.061324	0.048772	-0.032985
TCGA-EW-A1P6-01	0.072202	0.300312	0.211005	-0.005552	0.054766	-0.137290	-0.372539	0.154619	-0.014983	0.019609	0.086790	-0.180222	0.333708	-0.094595	-0.059512	0.019540	0.120136	-0.075115	-0.000018	0.100750	0.166109	0.150831	-0.044459	0.416265	0.137342	0.042079	0.078823	0.157591	0.173209	0.030749	0.034474	-0.087368
TCGA-EW-A1P7-01	-0.162329	-0.164443	-0.329709	0.096430	-0.102041	0.141972	0.183394	-0.620409	-0.251116	-0.051617	0.162300	0.139002	-0.409759	-0.008621	-0.351243	-0.302814	-0.200424	0.258385	-0.218456	-0.272251	-0.208788	-0.215378	0.102021	-0.675684	-0.312351	0.380559	-0.011975	-0.443792	-0.046206	-0.150444	-0.082774	-0.066249
TCGA-EW-A1P8-01	-0.067575	0.044879	-0.279687	0.107966	-0.143099	0.135434	-0.057099	-0.768831	-0.349103	0.009418	0.228122	0.062688	-0.311117	-0.057538	-0.469933	-0.378963	-0.224642	0.249473	-0.273599	-0.278867	-0.129570	-0.139835	0.207899	-0.637231	-0.228406	0.626941	0.009226	-0.423390	0.071435	-0.209299	-0.142100	-0.157190
TCGA-EW-A1PA-01	0.049259	-0.057010	0.148859	-0.037080	0.072741	-0.045541	0.093568	0.417924	0.216078	0.020215	-0.141555	-0.008536	0.122972	0.027433	0.294007	0.243712	0.133773	-0.120863	0.166215	0.129084	0.039533	0.043642	-0.100200	0.295948	0.110865	-0.330259	-0.027313	0.262106	-0.088373	0.118697	0.046332	0.095378
TCGA-EW-A1PB-01	-0.075245	0.032631	-0.273152	0.112760	-0.151546	0.148508	-0.022076	-0.771237	-0.342948	0.007622	0.224590	0.080552	-0.330257	-0.054716	-0.460455	-0.363106	-0.219754	0.251490	-0.259463	-0.285120	-0.135407	-0.156988	0.212357	-0.660705	-0.246967	0.622183	0.002821	-0.413227	0.049789	-0.196677	-0.157790	-0.149024
TCGA-EW-A1PC-01	0.135630	0.452591	0.261237	-0.002000	-0.046430	-0.106015	-0.493040	0.002701	-0.089475	0.091960	0.121973	-0.203876	0.409423	-0.097446	-0.109420	-0.004215	0.094608	-0.121711	-0.004405	0.068220	0.230677	0.204792	0.083571	0.452122	0.193792	0.175589	0.083255	0.217325	0.204682	-0.015302	-0.072140	-0.115017
TCGA-EW-A1PD-01	-0.043868	0.009847	0.102623	-0.013364	0.045110	-0.057841	0.009623	0.240219	0.093856	-0.033598	-0.003804	-0.033573	0.112796	-0.025288	0.072572	0.121602	0.096570	-0.022670	0.059003	0.058827	0.001015	0.000973	-0.094190	0.218148	-0.031545	-0.215129	0.033706	0.109708	-0.025768	0.076098	0.003022	0.043380
TCGA-EW-A1PE-01	-0.030157	0.038432	0.110773	-0.026974	0.090968	-0.112156	-0.082136	0.266565	0.077632	-0.064290	-0.001318	-0.080050	0.151060	-0.031720	0.046395	0.077850	0.096520	-0.036514	0.035718	0.092850	0.049958	0.032258	-0.136390	0.262580	0.023545	-0.178013	0.035580	0.075814	0.052509	0.077436	0.087415	0.001480
TCGA-EW-A1PF-01	-0.056103	-0.039907	0.074028	-0.017090	0.062303	-0.055913	0.051810	0.264332	0.101784	-0.055408	-0.025043	-0.018154	0.072794	-0.008748	0.090364	0.130613	0.094667	-0.001919	0.070530	0.052083	-0.005627	-0.016393	-0.118704	0.188468	-0.037902	-0.250356	0.016424	0.085914	-0.042777	0.089393	0.043684	0.054277
TCGA-EW-A1PG-01	-0.189340	-0.288017	-0.163133	0.016882	0.020216	0.048846	0.332869	0.022698	0.015800	-0.118524	-0.012732	0.132910	-0.243818	0.051078	-0.004968	0.018024	-0.034566	0.165526	-0.018769	-0.081325	-0.177345	-0.175301	-0.101967	-0.233980	-0.237742	-0.212482	-0.022268	-0.175619	-0.164567	0.043248	0.048885	0.091798
TCGA-EW-A1PH-01	-0.049248	-0.003529	-0.289795	0.092318	-0.130732	0.141898	-0.012115	-0.703820	-0.326524	-0.004241	0.181101	0.083775	-0.329386	-0.020052	-0.394657	-0.349918	-0.222852	0.243230	-0.253088	-0.246004	-0.133963	-0.140750	0.197145	-0.632951	-0.194740	0.566545	-0.014584	-0.405653	0.052729	-0.190292	-0.097834	-0.134041
TCGA-EW-A2FR-01	-0.118828	-0.188740	-0.127423	0.000575	-0.020028	0.082908	0.265620	-0.032998	-0.017180	-0.070595	-0.015196	0.130641	-0.210353	0.057889	0.006384	0.026417	-0.034405	0.134554	-0.003764	-0.078524	-0.135125	-0.140087	-0.023239	-0.227960	-0.180825	-0.108562	-0.039984	-0.111388	-0.147172	0.017636	-0.014191	0.076529
TCGA-EW-A2FS-01	0.007469	0.094285	0.163959	-0.026599	0.036398	-0.073880	-0.094298	0.247794	0.095431	0.004363	0.000596	-0.075584	0.190682	-0.034664	0.083445	0.125878	0.114531	-0.085154	0.068766	0.088686	0.081131	0.057133	-0.067276	0.303885	0.057089	-0.154932	0.040078	0.169326	0.014818	0.073228	-0.000079	0.018027
TCGA-EW-A2FV-01	-0.026293	0.109855	0.132970	-0.014545	0.008885	-0.077796	-0.132941	0.157074	0.031764	-0.021999	0.048644	-0.074439	0.174541	-0.047162	-0.016729	0.070208	0.083036	-0.042697	0.030237	0.071353	0.088277	0.032325	-0.064836	0.258325	0.011254	-0.091211	0.053287	0.097663	0.033493	0.056680	0.004696	-0.011170
TCGA-EW-A2FW-01	-0.010434	0.120250	0.111324	-0.005870	0.075917	-0.109689	-0.171542	0.198975	0.033663	-0.033390	0.027489	-0.117420	0.179070	-0.054784	-0.025187	0.042114	0.099131	-0.017125	0.019504	0.052130	0.085528	0.060933	-0.091944	0.282177	0.041551	-0.098978	0.058492	0.068160	0.090820	0.059162	0.077245	-0.040880
TCGA-EW-A3E8-01	0.107056	0.077863	0.226711	-0.051234	0.046548	-0.083712	-0.085479	0.368008	0.175246	0.049039	-0.094193	-0.058521	0.251182	0.008316	0.252299	0.198012	0.129219	-0.195013	0.135346	0.192054	0.118075	0.106457	-0.053899	0.398985	0.206789	-0.204109	-0.010413	0.314256	-0.003500	0.097531	0.017927	0.034524
TCGA-EW-A3U0-01	-0.171779	-0.216944	-0.337256	0.093956	-0.093923	0.164342	0.250086	-0.602516	-0.221899	-0.054402	0.136189	0.169915	-0.462543	-0.005660	-0.327791	-0.267963	-0.198926	0.279546	-0.195822	-0.285910	-0.232601	-0.251576	0.098756	-0.734787	-0.339901	0.361858	-0.032009	-0.439296	-0.087747	-0.137845	-0.094693	-0.047074
TCGA-EW-A423-01	0.209432	0.214453	0.254938	-0.046546	0.029749	-0.102382	-0.242034	0.318063	0.120981	0.089901	-0.096831	-0.118299	0.354238	0.005227	0.246008	0.154659	0.125721	-0.240849	0.143538	0.190476	0.198846	0.213557	0.001264	0.504599	0.326107	-0.092769	-0.019685	0.356629	0.092819	0.059309	0.046019	-0.008061
TCGA-EW-A424-01	-0.025018	-0.323970	0.028271	-0.045179	0.124429	-0.011683	0.394153	0.543433	0.293713	-0.055351	-0.240720	0.106060	-0.065482	0.097263	0.435654	0.306785	0.115083	-0.053966	0.203466	0.124395	-0.101390	-0.053190	-0.181702	0.134923	0.017959	-0.556162	-0.081146	0.191732	-0.218337	0.163892	0.119931	0.199744
TCGA-EW-A6S9-01	-0.026881	-0.139920	0.036139	-0.030056	0.059623	-0.006168	0.175131	0.304972	0.139212	-0.048940	-0.107033	0.051125	-0.007721	0.047202	0.192938	0.179030	0.073349	0.001187	0.109357	0.061108	-0.041946	-0.037594	-0.106405	0.121874	-0.012854	-0.316986	-0.036003	0.109565	-0.109222	0.100188	0.059297	0.105954
TCGA-EW-A6SA-01	0.307138	0.524435	0.373077	-0.055812	0.000111	-0.165094	-0.613853	0.196945	0.041377	0.171037	-0.013798	-0.278077	0.568872	-0.072510	0.088451	0.062496	0.142184	-0.347605	0.101069	0.207482	0.367954	0.351439	0.075072	0.685519	0.460785	0.143204	0.052776	0.401561	0.280552	-0.009050	-0.002731	-0.135048
TCGA-EW-A6SB-01	-0.008796	0.077799	-0.254244	0.090300	-0.168647	0.152856	-0.076515	-0.757243	-0.335389	0.053081	0.199468	0.065402	-0.278799	-0.045652	-0.424853	-0.371142	-0.243152	0.189017	-0.254029	-0.247312	-0.097288	-0.098602	0.252256	-0.601130	-0.166654	0.640997	0.010163	-0.373301	0.074240	-0.214408	-0.169588	-0.143665
TCGA-EW-A6SC-01	0.046169	0.011032	0.162189	-0.056070	0.103763	-0.115586	-0.070766	0.371627	0.155967	-0.019906	-0.066312	-0.064826	0.189657	-0.009899	0.180942	0.144894	0.119278	-0.137315	0.082753	0.184513	0.090807	0.056640	-0.137438	0.332966	0.139361	-0.224169	0.008788	0.187222	0.019963	0.098730	0.094685	0.025623
TCGA-EW-A6SD-01	-0.090614	-0.158208	-0.125308	-0.003138	-0.055204	0.116333	0.257714	-0.099064	-0.048018	-0.035328	-0.015313	0.146265	-0.219783	0.080084	0.004688	0.016509	-0.065149	0.114495	-0.017202	-0.091567	-0.122244	-0.122386	0.046586	-0.257693	-0.139016	-0.033372	-0.054884	-0.088624	-0.148094	0.001847	-0.053008	0.087933
TCGA-GI-A2C8-01	0.027409	-0.160006	0.106390	-0.061810	0.093791	-0.029469	0.233030	0.494033	0.261143	-0.003938	-0.204243	0.033789	0.051625	0.072211	0.392069	0.288413	0.145013	-0.117000	0.214962	0.128028	-0.011582	0.013011	-0.128551	0.250035	0.073931	-0.466564	-0.048821	0.246226	-0.143372	0.132659	0.065688	0.149218
TCGA-GI-A2C9-01	-0.044517	-0.028398	-0.278086	0.076803	-0.129013	0.155262	0.025580	-0.644003	-0.278322	0.011998	0.150029	0.093411	-0.331737	-0.018499	-0.351623	-0.312009	-0.226076	0.226389	-0.227259	-0.238885	-0.135718	-0.142491	0.189333	-0.610901	-0.191713	0.508039	-0.014246	-0.377621	0.027065	-0.178034	-0.110629	-0.102242
TCGA-GM-A2D9-01	0.117420	0.041530	0.223044	-0.070471	0.062814	-0.099402	-0.065953	0.410307	0.192206	0.030277	-0.117961	-0.042407	0.249442	0.017176	0.288883	0.200195	0.113519	-0.211123	0.144286	0.225785	0.108686	0.102317	-0.096079	0.400263	0.210441	-0.238682	-0.025761	0.301220	0.019235	0.097097	0.052597	0.049153
TCGA-GM-A2DA-01	-0.118104	-0.479831	-0.071478	-0.052073	0.127069	0.019298	0.543963	0.494423	0.285435	-0.108980	-0.235804	0.163079	-0.234048	0.121499	0.389940	0.268927	0.066911	0.006204	0.177724	0.090878	-0.153015	-0.139088	-0.231963	-0.038090	-0.082602	-0.600063	-0.088697	0.034005	-0.272866	0.154700	0.163665	0.216038
TCGA-GM-A2DB-01	-0.071869	-0.029411	-0.101420	0.013964	-0.085159	0.110898	0.127722	-0.232685	-0.129338	-0.001107	0.059149	0.104462	-0.164195	0.045120	-0.079467	-0.046150	-0.054132	0.121261	-0.052509	-0.124674	-0.076913	-0.090559	0.103376	-0.252292	-0.137926	0.111655	-0.022293	-0.096503	-0.100221	-0.029154	-0.094580	0.019400
TCGA-GM-A2DC-01	0.173252	0.280418	0.284879	-0.053226	0.043099	-0.138746	-0.344371	0.306995	0.128378	0.102564	-0.040219	-0.180041	0.403811	-0.056147	0.156567	0.126027	0.143644	-0.262982	0.102839	0.188302	0.231895	0.205404	-0.027818	0.547265	0.297261	-0.060805	0.042807	0.320263	0.147390	0.046777	0.017194	-0.042529
TCGA-GM-A2DD-01	-0.013381	0.045387	-0.032763	0.000546	-0.085958	0.090836	0.053070	-0.163986	-0.102422	0.033786	0.040124	0.067145	-0.059260	0.043549	-0.027083	-0.004169	-0.024128	0.056336	-0.011000	-0.087178	-0.031967	-0.031828	0.112006	-0.102722	-0.076247	0.075160	-0.015393	-0.001840	-0.070368	-0.019452	-0.105321	0.026427
TCGA-GM-A2DF-01	-0.151018	-0.193216	-0.328491	0.084008	-0.097866	0.164896	0.223998	-0.580692	-0.220152	-0.046209	0.129038	0.162111	-0.444171	-0.004116	-0.308793	-0.261253	-0.198001	0.272177	-0.190226	-0.270993	-0.218627	-0.239621	0.110755	-0.705691	-0.315485	0.360963	-0.030973	-0.422327	-0.075574	-0.135720	-0.090246	-0.054354
TCGA-GM-A2DH-01	-0.084523	-0.119967	-0.021715	-0.013017	-0.017756	0.057951	0.212791	0.080054	0.045352	-0.026806	-0.031665	0.074766	-0.109625	0.032893	0.060266	0.088329	0.011231	0.046987	0.034286	-0.016918	-0.064713	-0.073221	-0.029641	-0.067982	-0.098085	-0.145102	-0.012892	-0.001767	-0.132708	0.040796	-0.032815	0.091558
TCGA-GM-A2DI-01	-0.188908	-0.466091	-0.169583	-0.023489	0.055581	0.087671	0.566554	0.216063	0.149630	-0.116049	-0.138893	0.206508	-0.352587	0.102334	0.194923	0.144368	-0.015732	0.119386	0.067155	-0.023622	-0.216474	-0.203234	-0.155743	-0.281108	-0.212865	-0.396240	-0.071399	-0.116286	-0.287127	0.081520	0.069859	0.197589
TCGA-GM-A2DK-01	-0.147120	-0.432318	-0.097903	-0.036435	0.083951	0.049947	0.513923	0.339287	0.215402	-0.095667	-0.170888	0.171392	-0.252681	0.103889	0.275526	0.205555	0.040332	0.052443	0.121794	0.029690	-0.172325	-0.162986	-0.178931	-0.127202	-0.145071	-0.483562	-0.065587	-0.019288	-0.270451	0.116878	0.091531	0.188456
TCGA-GM-A2DL-01	-0.027081	-0.222919	0.044028	-0.047482	0.069017	0.004407	0.296553	0.394682	0.217034	-0.027751	-0.170951	0.078742	-0.049967	0.070566	0.311201	0.239547	0.090965	-0.053316	0.162966	0.093579	-0.049291	-0.042173	-0.128964	0.111775	0.000940	-0.412004	-0.052118	0.145527	-0.172089	0.116036	0.059858	0.150357
TCGA-GM-A2DM-01	0.022675	-0.006240	0.055477	-0.045799	0.100853	-0.082812	-0.085564	0.224201	0.083541	-0.036326	-0.072029	-0.064519	0.079145	0.004282	0.057764	0.007013	0.029732	-0.057719	0.008923	0.100714	0.082335	0.052486	-0.090812	0.157982	0.110131	-0.093720	0.023275	0.012922	0.070181	0.045006	0.151157	-0.036970
TCGA-GM-A2DN-01	-0.150794	-0.388206	-0.092724	-0.028040	0.070757	0.054276	0.488953	0.310689	0.180503	-0.105884	-0.156979	0.164961	-0.245979	0.092173	0.235649	0.195099	0.027006	0.082527	0.103254	0.007394	-0.175766	-0.158090	-0.161022	-0.135226	-0.161647	-0.439951	-0.065179	-0.020761	-0.250392	0.115291	0.074325	0.191305
TCGA-GM-A2DO-01	-0.158698	-0.302844	-0.093879	-0.012155	0.018632	0.077768	0.409752	0.131596	0.095867	-0.069549	-0.069689	0.149736	-0.251114	0.055309	0.103962	0.112002	-0.005024	0.098541	0.038481	-0.039302	-0.150037	-0.152339	-0.090506	-0.206782	-0.176900	-0.246603	-0.035979	-0.065459	-0.229280	0.055250	-0.003546	0.151840
TCGA-GM-A3NW-01	0.116211	0.102314	0.258635	-0.073867	0.066956	-0.130159	-0.163466	0.407910	0.195225	0.045024	-0.091389	-0.090597	0.309554	-0.017394	0.245437	0.182721	0.130440	-0.245168	0.119721	0.246591	0.152978	0.120693	-0.097497	0.460258	0.237008	-0.200217	0.005107	0.307882	0.056236	0.093579	0.043384	0.017623
TCGA-GM-A3NY-01	0.011091	-0.179051	0.096200	-0.045120	0.097406	-0.035874	0.219828	0.467921	0.245141	-0.022913	-0.169175	0.043100	0.043979	0.051704	0.344256	0.263322	0.112485	-0.090104	0.176140	0.132500	-0.024592	-0.006713	-0.160019	0.230976	0.056095	-0.422837	-0.056465	0.209229	-0.126801	0.137120	0.090051	0.141865
TCGA-GM-A3XG-01	-0.234234	-0.588079	-0.312402	-0.005627	0.049752	0.116337	0.655032	0.061753	0.097831	-0.145105	-0.126845	0.282522	-0.477648	0.150441	0.144868	0.040044	-0.101506	0.182035	0.002056	-0.080722	-0.315724	-0.267821	-0.142913	-0.472021	-0.286413	-0.376719	-0.092016	-0.270379	-0.305137	0.051954	0.109136	0.181405
TCGA-GM-A3XL-01	-0.092543	0.005999	-0.282857	0.120698	-0.146843	0.148116	0.002927	-0.772766	-0.335112	0.005381	0.226575	0.089797	-0.342445	-0.059450	-0.459283	-0.359173	-0.217234	0.255906	-0.260066	-0.295184	-0.152574	-0.168177	0.199410	-0.674605	-0.267360	0.602697	0.004247	-0.423707	0.035732	-0.193743	-0.157530	-0.141848
TCGA-GM-A3XN-01	-0.161235	-0.447417	-0.117309	-0.024477	0.092303	0.049273	0.526865	0.327136	0.198643	-0.119918	-0.165829	0.188322	-0.270503	0.098465	0.246901	0.195788	0.025987	0.099150	0.105253	0.012231	-0.207276	-0.191331	-0.195249	-0.155868	-0.184089	-0.483116	-0.078206	-0.042489	-0.271456	0.124367	0.098063	0.193109
TCGA-GM-A4E0-01	-0.132810	-0.380761	-0.071211	-0.022656	0.082051	0.024505	0.445763	0.329513	0.189945	-0.097976	-0.150563	0.151647	-0.200468	0.097087	0.258229	0.197678	0.048991	0.049625	0.110992	0.044562	-0.151121	-0.145148	-0.159180	-0.080080	-0.115880	-0.443110	-0.070115	0.017481	-0.254405	0.129773	0.097410	0.161163
TCGA-GM-A5PV-01	-0.089643	-0.403174	-0.032961	-0.043536	0.144764	-0.019267	0.425247	0.505907	0.268007	-0.109690	-0.212328	0.113230	-0.153581	0.096830	0.359014	0.250546	0.081507	-0.001911	0.163191	0.111634	-0.111747	-0.104990	-0.228801	0.044795	-0.036658	-0.548352	-0.075207	0.066221	-0.215504	0.164245	0.191984	0.175938
TCGA-GM-A5PX-01	-0.075536	-0.407646	-0.026849	-0.047945	0.141407	-0.010019	0.450200	0.524862	0.286160	-0.099328	-0.234766	0.126287	-0.150136	0.106600	0.393178	0.273023	0.089906	-0.014287	0.184962	0.115835	-0.120678	-0.103541	-0.222518	0.054153	-0.032992	-0.577544	-0.083520	0.093244	-0.228764	0.166105	0.171389	0.190502
TCGA-HN-A2NL-01	-0.004637	0.049936	-0.276492	0.087492	-0.153039	0.150031	-0.074400	-0.732733	-0.320268	0.044702	0.187025	0.065447	-0.299947	-0.037566	-0.417599	-0.380611	-0.253289	0.207262	-0.258014	-0.239203	-0.089318	-0.104173	0.223412	-0.601185	-0.153341	0.621481	-0.000631	-0.402127	0.083776	-0.219962	-0.128411	-0.148754
TCGA-HN-A2OB-01	-0.082268	-0.444753	-0.042595	-0.048344	0.130487	0.010110	0.507730	0.530068	0.297768	-0.097160	-0.249639	0.153950	-0.181840	0.120517	0.424189	0.290831	0.081854	-0.009192	0.193403	0.112280	-0.146845	-0.117322	-0.216165	0.019698	-0.047716	-0.605851	-0.093620	0.099315	-0.265514	0.169146	0.157599	0.214611
TCGA-JL-A3YW-01	-0.019349	0.026348	-0.036029	0.001611	-0.080524	0.088567	0.069412	-0.143626	-0.089542	0.024654	0.028839	0.071952	-0.071432	0.040080	-0.021617	0.002912	-0.026383	0.062249	-0.007328	-0.082259	-0.036675	-0.039772	0.100055	-0.113786	-0.080246	0.062165	-0.019604	-0.007585	-0.074244	-0.014112	-0.098419	0.029560
TCGA-JL-A3YX-01	-0.030354	-0.199675	0.059241	-0.034597	0.093806	-0.014602	0.258112	0.424266	0.220523	-0.042247	-0.155728	0.059978	-0.015999	0.048021	0.293909	0.246412	0.112084	-0.023397	0.158437	0.089931	-0.055227	-0.046374	-0.154535	0.152946	-0.006446	-0.417543	-0.053234	0.156221	-0.153326	0.135308	0.079568	0.137747
TCGA-LD-A66U-01	-0.037550	-0.330248	0.023328	-0.043784	0.133018	-0.019688	0.378798	0.531936	0.286363	-0.066585	-0.225227	0.096522	-0.078153	0.088690	0.402817	0.285948	0.108799	-0.045838	0.192563	0.126255	-0.088550	-0.062754	-0.196492	0.127979	0.014035	-0.536831	-0.077734	0.159201	-0.203788	0.164734	0.146307	0.179808
TCGA-LD-A74U-01	-0.053881	-0.296563	0.012487	-0.039519	0.078379	0.014885	0.375493	0.418081	0.238029	-0.049742	-0.184587	0.115532	-0.097366	0.082735	0.339193	0.257925	0.082036	-0.026427	0.167409	0.084802	-0.095095	-0.080441	-0.153501	0.064323	-0.034196	-0.462864	-0.070517	0.132773	-0.216168	0.135001	0.075254	0.176246
TCGA-LD-A7W5-01	0.053653	0.036028	0.184726	-0.055033	0.029779	-0.065489	-0.040246	0.312185	0.145482	0.026072	-0.071910	-0.025604	0.184261	0.009055	0.192465	0.176391	0.106209	-0.146712	0.109959	0.163281	0.093256	0.051049	-0.063845	0.307353	0.130566	-0.197571	-0.004299	0.245031	-0.030400	0.083629	-0.001918	0.039457
TCGA-LD-A7W6-01	0.023335	-0.174328	0.117014	-0.070520	0.123522	-0.071353	0.153227	0.500997	0.257404	-0.033012	-0.177590	0.006442	0.072775	0.048485	0.338876	0.228488	0.108962	-0.141458	0.149474	0.201339	0.015645	0.009078	-0.171728	0.265150	0.117145	-0.407310	-0.037505	0.192201	-0.081445	0.134391	0.133901	0.110589
TCGA-LD-A9QF-01	-0.141769	-0.267816	-0.279296	0.021687	-0.047105	0.130343	0.333904	-0.292794	-0.104637	-0.060095	0.011485	0.182969	-0.360180	0.091441	-0.100593	-0.143861	-0.131160	0.173008	-0.101683	-0.156007	-0.203635	-0.185020	0.038288	-0.484214	-0.238749	0.037931	-0.035649	-0.299263	-0.139021	-0.054874	-0.023961	0.029384
TCGA-LL-A440-01	-0.201449	-0.530364	-0.241457	-0.015185	0.052844	0.105472	0.623150	0.149312	0.131140	-0.126296	-0.149902	0.252955	-0.411498	0.141515	0.189046	0.106537	-0.047986	0.147369	0.053622	-0.051530	-0.267265	-0.239040	-0.138300	-0.367182	-0.249064	-0.413970	-0.086954	-0.172497	-0.310883	0.081751	0.086310	0.184081
TCGA-LL-A441-01	-0.174848	-0.223711	-0.337106	0.087404	-0.086899	0.155482	0.257347	-0.568876	-0.215342	-0.061733	0.129169	0.169172	-0.447291	0.006663	-0.306801	-0.258584	-0.192692	0.269472	-0.191800	-0.271951	-0.234108	-0.243439	0.086986	-0.700466	-0.330681	0.320047	-0.029849	-0.428349	-0.092113	-0.128619	-0.079172	-0.036025
TCGA-LL-A442-01	0.079486	0.113057	0.107889	-0.037537	0.091626	-0.111472	-0.236319	0.205773	0.057613	-0.006327	-0.039234	-0.122718	0.183756	-0.027588	0.017973	-0.014398	0.045756	-0.097700	0.007602	0.118974	0.156464	0.112606	-0.064499	0.273789	0.182187	-0.012515	0.039796	0.062088	0.132503	0.029744	0.144733	-0.085910
TCGA-LL-A50Y-01	0.138527	0.122172	0.222773	-0.039853	0.059567	-0.093886	-0.130223	0.356059	0.148957	0.058432	-0.097228	-0.082608	0.278292	0.005138	0.240808	0.180224	0.128017	-0.190104	0.137502	0.169299	0.134280	0.147956	-0.041036	0.434049	0.239887	-0.169920	-0.012401	0.314817	0.038555	0.086884	0.045819	0.023231
TCGA-LL-A5YL-01	-0.047405	-0.249859	0.033093	-0.028998	0.063064	0.018718	0.349964	0.399564	0.221375	-0.038325	-0.171708	0.114151	-0.062289	0.079742	0.332833	0.265241	0.096739	-0.020426	0.167449	0.073055	-0.097677	-0.065052	-0.125658	0.084439	-0.030013	-0.444260	-0.069569	0.171144	-0.219427	0.138379	0.043389	0.172293
TCGA-LL-A5YM-01	0.169955	0.244827	0.284208	-0.044694	0.027441	-0.103197	-0.256809	0.315839	0.150287	0.110250	-0.066863	-0.143143	0.372893	-0.024416	0.199866	0.167964	0.149713	-0.246600	0.130040	0.165738	0.194240	0.191307	0.002510	0.511058	0.277544	-0.098885	0.024768	0.370168	0.083181	0.064255	-0.022289	-0.011927
TCGA-LL-A5YN-01	-0.077520	-0.177687	0.015376	-0.016673	0.034863	0.022507	0.261787	0.240298	0.126232	-0.036670	-0.084205	0.082531	-0.088917	0.043482	0.167342	0.168262	0.060684	0.021663	0.095923	0.023276	-0.059143	-0.070275	-0.078312	0.013300	-0.058705	-0.265612	-0.035377	0.081186	-0.174519	0.089319	0.015085	0.114736
TCGA-LL-A5YO-01	-0.131134	-0.130076	-0.184615	0.031793	-0.082208	0.130026	0.224357	-0.299333	-0.138846	-0.039351	0.070649	0.145357	-0.275134	0.047419	-0.133081	-0.095182	-0.093459	0.176033	-0.088398	-0.161836	-0.144704	-0.156666	0.075337	-0.398738	-0.219720	0.118424	-0.027301	-0.205487	-0.128622	-0.045430	-0.082591	0.020979
TCGA-LL-A5YP-01	-0.068643	-0.016383	-0.290339	0.090796	-0.127772	0.147234	0.007594	-0.695548	-0.308968	-0.001853	0.184862	0.088995	-0.334065	-0.030691	-0.396414	-0.335612	-0.219965	0.251476	-0.246268	-0.263221	-0.150420	-0.157800	0.188707	-0.636686	-0.227209	0.541563	-0.007405	-0.406365	0.038841	-0.183051	-0.113491	-0.124585
TCGA-LL-A6FP-01	0.277792	0.336020	0.301626	-0.054654	0.037242	-0.147173	-0.425427	0.297595	0.090914	0.111062	-0.074151	-0.199471	0.456649	-0.017411	0.207113	0.107993	0.138898	-0.304141	0.127172	0.225098	0.293238	0.286563	0.013773	0.615329	0.430893	-0.002173	-0.004313	0.374241	0.187150	0.037524	0.084549	-0.074297
TCGA-LL-A6FQ-01	0.236534	0.306412	0.308615	-0.068425	0.033275	-0.148267	-0.389491	0.301539	0.103164	0.095870	-0.059178	-0.173628	0.436141	-0.021246	0.190152	0.116517	0.131820	-0.299549	0.116605	0.240381	0.269228	0.247331	-0.003723	0.576373	0.387475	-0.018866	0.006096	0.363904	0.171420	0.046418	0.055722	-0.067417
TCGA-LL-A6FR-01	-0.053589	-0.029027	-0.297581	0.085227	-0.121363	0.148034	0.014122	-0.676355	-0.302322	-0.002246	0.168888	0.094768	-0.331930	-0.015135	-0.370925	-0.330089	-0.222179	0.245923	-0.241601	-0.247728	-0.152744	-0.150876	0.193144	-0.627903	-0.203050	0.527412	-0.015556	-0.393571	0.034633	-0.175640	-0.095818	-0.120056
TCGA-LL-A73Y-01	-0.095376	-0.098549	-0.306376	0.081972	-0.114597	0.159497	0.098992	-0.629772	-0.259113	-0.020139	0.149965	0.122309	-0.384708	-0.015348	-0.349320	-0.301095	-0.219229	0.260178	-0.220521	-0.257802	-0.174425	-0.190131	0.152930	-0.664172	-0.251479	0.456698	-0.018693	-0.412481	-0.005430	-0.162424	-0.095355	-0.092130
TCGA-LL-A73Z-01	-0.228660	-0.605804	-0.230393	-0.018856	0.064613	0.116433	0.724892	0.251965	0.192771	-0.141944	-0.181614	0.289079	-0.441956	0.144624	0.266714	0.185389	-0.030114	0.158685	0.091887	-0.041676	-0.301725	-0.272514	-0.186823	-0.368529	-0.279780	-0.518311	-0.106805	-0.136437	-0.374329	0.114424	0.088409	0.242849
TCGA-LL-A740-01	0.030202	0.085430	0.031502	-0.007094	-0.061052	0.051997	-0.007041	-0.048168	-0.051829	0.047656	0.011761	0.028665	0.039819	0.033245	0.034722	0.048310	0.017695	0.003577	0.033414	-0.037613	0.006094	0.014515	0.079062	0.050253	-0.018121	0.004981	-0.012040	0.085744	-0.042913	0.002994	-0.083505	0.033639
TCGA-LL-A7SZ-01	-0.036962	-0.091691	0.062170	-0.019613	0.026401	0.004828	0.155311	0.222521	0.113110	-0.005139	-0.065464	0.040248	-0.012064	0.020508	0.142672	0.154835	0.069773	-0.013419	0.089282	0.039218	-0.008495	-0.029182	-0.057863	0.086343	-0.011177	-0.201482	-0.016420	0.119214	-0.125481	0.073041	-0.003735	0.086459
TCGA-LL-A7T0-01	0.167022	0.306372	0.293001	-0.043328	0.011622	-0.115225	-0.339656	0.250278	0.087227	0.098679	-0.014014	-0.159149	0.397079	-0.048413	0.122674	0.128246	0.140955	-0.227627	0.091509	0.176154	0.220280	0.197931	0.009111	0.511568	0.272452	-0.021259	0.036862	0.338165	0.123850	0.047550	-0.027661	-0.046873
TCGA-LL-A8F5-01	0.002776	0.066683	-0.243020	0.078810	-0.151540	0.146135	-0.071159	-0.694712	-0.320350	0.043606	0.174709	0.061657	-0.261074	-0.025407	-0.376194	-0.337509	-0.227149	0.190061	-0.242254	-0.230725	-0.100402	-0.096074	0.243446	-0.557695	-0.143266	0.586712	0.000602	-0.341829	0.070315	-0.192713	-0.140020	-0.128776
TCGA-LL-A9Q3-01	0.164216	0.181708	0.241645	-0.059299	0.031473	-0.102643	-0.215079	0.310821	0.124803	0.075895	-0.079701	-0.101453	0.315139	-0.000972	0.209120	0.156042	0.122128	-0.228183	0.128456	0.194232	0.184946	0.163396	-0.018972	0.454766	0.274692	-0.112314	-0.003741	0.323735	0.071699	0.063280	0.029706	-0.015414
TCGA-LQ-A4E4-01	0.182381	0.161991	0.253860	-0.040647	0.033533	-0.091360	-0.169033	0.359081	0.168069	0.089597	-0.103372	-0.098973	0.324051	0.004524	0.285597	0.195866	0.139841	-0.244147	0.164072	0.192252	0.166860	0.181782	-0.016159	0.486410	0.292388	-0.158144	-0.018943	0.372606	0.041208	0.085067	0.028671	0.015215
TCGA-MS-A51U-01	-0.109064	-0.308013	-0.028889	-0.031008	0.117067	-0.022988	0.333835	0.386442	0.194509	-0.108218	-0.142794	0.086661	-0.122555	0.068164	0.234398	0.186896	0.067832	0.028769	0.106779	0.067156	-0.100948	-0.097999	-0.185368	0.024094	-0.070202	-0.428906	-0.044120	0.029532	-0.169973	0.135366	0.139249	0.132335
TCGA-OK-A5Q2-01	-0.096359	-0.341818	-0.020516	-0.027577	0.069951	0.033073	0.441373	0.386473	0.227048	-0.065396	-0.176535	0.148870	-0.150712	0.092867	0.319756	0.253820	0.073708	0.016056	0.155359	0.053523	-0.136978	-0.116239	-0.147084	-0.007878	-0.084813	-0.473919	-0.074918	0.104776	-0.261846	0.139524	0.059920	0.186879
TCGA-OL-A5D6-01	0.021555	0.083710	0.021979	-0.004151	-0.068321	0.058875	-0.001610	-0.072764	-0.063099	0.045865	0.019794	0.034134	0.023351	0.030970	0.019054	0.036919	0.008817	0.013630	0.022528	-0.046020	0.002425	0.008758	0.086558	0.020544	-0.026222	0.028301	-0.012116	0.069951	-0.044969	-0.002662	-0.089838	0.029387
TCGA-OL-A5D7-01	0.009988	0.168114	-0.205162	0.094909	-0.196233	0.147681	-0.147940	-0.786175	-0.366130	0.082486	0.228146	0.045619	-0.212899	-0.067012	-0.440935	-0.359140	-0.230864	0.165179	-0.253390	-0.249362	-0.081493	-0.069154	0.298549	-0.549629	-0.152848	0.685026	0.023224	-0.320358	0.089134	-0.218760	-0.222143	-0.154675
TCGA-OL-A5D8-01	0.211252	0.296977	0.319706	-0.050309	0.020657	-0.123622	-0.334012	0.307517	0.129377	0.117037	-0.055990	-0.160671	0.424573	-0.034660	0.201086	0.159140	0.149344	-0.286067	0.128951	0.216982	0.235125	0.227065	0.008024	0.557282	0.338614	-0.047774	0.016225	0.396822	0.121671	0.059892	-0.012482	-0.038448
TCGA-OL-A5DA-01	-0.057303	-0.401098	-0.011569	-0.043120	0.145205	-0.007288	0.459825	0.569741	0.307663	-0.088471	-0.252262	0.128806	-0.129279	0.102314	0.436061	0.306529	0.105137	-0.016195	0.202398	0.118859	-0.130699	-0.089885	-0.223383	0.084770	-0.022003	-0.606856	-0.087981	0.138736	-0.239446	0.174948	0.161879	0.210907
TCGA-OL-A5RU-01	-0.076716	-0.280723	-0.007968	-0.046863	0.120409	-0.031610	0.287657	0.394988	0.203754	-0.092511	-0.160141	0.067591	-0.094500	0.069238	0.243783	0.174477	0.062728	-0.009679	0.107395	0.092660	-0.070124	-0.074764	-0.176282	0.050636	-0.026160	-0.401607	-0.039197	0.042245	-0.138162	0.124646	0.145950	0.118692
TCGA-OL-A5RV-01	-0.118559	-0.409525	-0.063656	-0.036414	0.131296	0.002019	0.453467	0.443357	0.237066	-0.120829	-0.194129	0.136448	-0.192102	0.094500	0.306704	0.225786	0.061480	0.047145	0.133145	0.070763	-0.151131	-0.132441	-0.217477	-0.027950	-0.095343	-0.521357	-0.072425	0.020882	-0.224086	0.150136	0.159511	0.179743
TCGA-OL-A5RW-01	-0.071808	-0.033236	-0.304524	0.097762	-0.128177	0.156101	0.022643	-0.708675	-0.306007	-0.006572	0.185991	0.102253	-0.354339	-0.028544	-0.396940	-0.344067	-0.226939	0.267805	-0.253112	-0.271821	-0.161574	-0.168294	0.188343	-0.671341	-0.232730	0.554769	-0.010987	-0.417800	0.033777	-0.183969	-0.111920	-0.132785
TCGA-OL-A5RX-01	-0.104185	-0.344844	-0.032613	-0.026965	0.113004	-0.001741	0.395776	0.410002	0.219188	-0.102631	-0.162402	0.118967	-0.139541	0.073762	0.284855	0.221946	0.070882	0.036275	0.123762	0.068184	-0.138851	-0.115030	-0.198546	0.012580	-0.089716	-0.474594	-0.062362	0.052965	-0.206996	0.142889	0.121268	0.169552
TCGA-OL-A5RY-01	-0.187537	-0.358278	-0.287992	0.031058	-0.033545	0.144040	0.438375	-0.224058	-0.059160	-0.091376	-0.007745	0.216626	-0.423255	0.085166	-0.063652	-0.078274	-0.120679	0.212637	-0.070496	-0.166415	-0.241938	-0.236713	-0.009753	-0.528650	-0.291579	-0.039660	-0.054713	-0.293068	-0.208453	-0.024336	-0.009947	0.076365
TCGA-OL-A5RZ-01	0.165341	0.308468	0.203413	-0.038359	-0.045790	-0.064946	-0.337787	0.077109	-0.028932	0.092084	0.013046	-0.125733	0.309452	-0.007721	0.043055	0.038805	0.073438	-0.158541	0.056596	0.119650	0.217556	0.185289	0.083935	0.391951	0.260729	0.093222	0.008469	0.235993	0.130378	-0.007848	-0.015918	-0.080011
TCGA-OL-A5S0-01	-0.082823	-0.071167	-0.301443	0.088771	-0.121823	0.157013	0.074785	-0.660996	-0.279141	-0.010244	0.162120	0.118134	-0.367899	-0.018791	-0.360183	-0.311951	-0.217954	0.252801	-0.228230	-0.260099	-0.173077	-0.180562	0.174870	-0.662685	-0.242451	0.492776	-0.017679	-0.401505	0.000182	-0.167436	-0.109954	-0.105006
TCGA-OL-A66H-01	0.073034	0.071838	0.147091	-0.051388	0.102031	-0.124246	-0.170797	0.309767	0.115287	-0.012849	-0.063489	-0.099044	0.201447	-0.015127	0.110537	0.071991	0.082745	-0.132668	0.058798	0.157204	0.138226	0.093805	-0.099742	0.331838	0.183255	-0.125737	0.021908	0.140577	0.087942	0.068868	0.135219	-0.040489
TCGA-OL-A66I-01	-0.021342	0.062958	-0.239937	0.086365	-0.166831	0.155576	-0.044939	-0.718498	-0.319935	0.049524	0.188593	0.078080	-0.275003	-0.041839	-0.388979	-0.327856	-0.226701	0.190860	-0.235406	-0.248931	-0.118058	-0.113453	0.249569	-0.588885	-0.180157	0.592336	0.002504	-0.339951	0.044255	-0.194462	-0.179049	-0.121294
TCGA-OL-A66J-01	0.039152	0.002699	0.202901	-0.064452	0.068010	-0.102709	-0.048256	0.354070	0.161120	-0.008577	-0.057960	-0.031844	0.193065	0.000422	0.195584	0.165625	0.114165	-0.156698	0.088037	0.220409	0.078906	0.032736	-0.112540	0.309633	0.130323	-0.218612	-0.001096	0.225795	-0.013309	0.099998	0.031760	0.025277
TCGA-OL-A66K-01	-0.013244	-0.262939	0.050356	-0.039231	0.134018	-0.036514	0.307696	0.520199	0.267963	-0.054612	-0.212445	0.068777	-0.020818	0.079034	0.385112	0.275349	0.121328	-0.060671	0.185048	0.128793	-0.065362	-0.028249	-0.177740	0.180119	0.046363	-0.500310	-0.067713	0.186977	-0.167749	0.159203	0.137129	0.159955
TCGA-OL-A66L-01	-0.000053	-0.215546	0.082677	-0.035520	0.092406	-0.023550	0.277836	0.476705	0.258222	-0.023857	-0.189253	0.066566	0.002041	0.067116	0.374427	0.281824	0.123334	-0.081887	0.197606	0.122970	-0.037546	-0.023460	-0.139549	0.194376	0.053247	-0.449203	-0.066613	0.225358	-0.178318	0.150128	0.085969	0.146094
TCGA-OL-A66N-01	-0.075243	-0.392555	-0.022211	-0.035667	0.096118	0.031907	0.495475	0.477301	0.277472	-0.065563	-0.230885	0.163293	-0.162408	0.112512	0.411888	0.298956	0.085139	-0.005424	0.194083	0.081400	-0.148266	-0.109282	-0.172962	0.015049	-0.053007	-0.555710	-0.096859	0.137243	-0.277677	0.158678	0.096908	0.217412
TCGA-OL-A66O-01	0.219406	0.344616	0.322398	-0.041236	0.034688	-0.137384	-0.407483	0.290101	0.102368	0.122003	-0.032314	-0.194365	0.453732	-0.052110	0.163345	0.136645	0.157909	-0.270538	0.113019	0.206561	0.263712	0.252604	0.011512	0.590440	0.362912	-0.009215	0.028121	0.385004	0.157117	0.055557	0.021106	-0.067436
TCGA-OL-A66P-01	-0.049714	0.013732	-0.070300	0.011352	-0.089150	0.101719	0.084970	-0.216026	-0.125400	0.014936	0.061882	0.085121	-0.114350	0.038060	-0.070263	-0.033645	-0.041574	0.096086	-0.039709	-0.113198	-0.055810	-0.064916	0.109949	-0.187688	-0.117123	0.109378	-0.014344	-0.058363	-0.084009	-0.027416	-0.105067	0.017450
TCGA-OL-A6VO-01	-0.025668	0.065755	-0.275198	0.099149	-0.155464	0.145547	-0.085862	-0.769275	-0.347173	0.038685	0.215939	0.060979	-0.292768	-0.050081	-0.440948	-0.380082	-0.238290	0.225580	-0.267916	-0.264924	-0.105141	-0.118277	0.228204	-0.611702	-0.186407	0.638707	0.005760	-0.407995	0.087135	-0.216476	-0.140205	-0.156518
TCGA-OL-A6VQ-01	-0.049844	-0.314381	0.008304	-0.048018	0.128957	-0.025329	0.340255	0.482039	0.252111	-0.077160	-0.200874	0.078068	-0.087623	0.082492	0.341803	0.239254	0.087615	-0.039669	0.158571	0.121680	-0.074312	-0.062641	-0.192684	0.102744	0.008377	-0.485651	-0.062726	0.103917	-0.171346	0.146251	0.158688	0.156932
TCGA-OL-A6VR-01	-0.098790	-0.410322	-0.036247	-0.032778	0.139655	-0.002709	0.463353	0.504937	0.276807	-0.100220	-0.214070	0.132505	-0.165764	0.088528	0.361941	0.270969	0.086372	0.021958	0.166696	0.085639	-0.141802	-0.120111	-0.226156	0.024677	-0.068420	-0.559458	-0.077957	0.081676	-0.243044	0.165487	0.156726	0.197174
TCGA-OL-A97C-01	-0.148557	-0.364576	-0.291147	-0.004574	0.010596	0.099519	0.401679	-0.143135	-0.026394	-0.081918	-0.055656	0.201801	-0.362042	0.127002	0.000328	-0.107853	-0.125626	0.142238	-0.074233	-0.093333	-0.230161	-0.177962	-0.021927	-0.425445	-0.205835	-0.132090	-0.049183	-0.296377	-0.160431	-0.021622	0.056179	0.061058
TCGA-PE-A5DC-01	0.014489	-0.116415	0.114696	-0.032500	0.082220	-0.042003	0.157209	0.417656	0.208607	-0.009314	-0.139451	0.021381	0.069846	0.041144	0.297500	0.242640	0.129975	-0.087120	0.162898	0.121602	0.009385	0.012106	-0.113933	0.240773	0.078855	-0.357463	-0.039989	0.229616	-0.128197	0.134251	0.072824	0.102032
TCGA-PE-A5DD-01	0.186502	0.185446	0.267220	-0.041041	0.033832	-0.097598	-0.198116	0.355383	0.160239	0.091596	-0.099280	-0.111568	0.342114	-0.001658	0.273422	0.192511	0.143969	-0.246242	0.159661	0.196068	0.178341	0.190789	-0.010735	0.501968	0.302091	-0.142348	-0.015695	0.378843	0.055641	0.081693	0.025100	0.007227
TCGA-PE-A5DE-01	-0.030665	-0.167877	0.056764	-0.037088	0.107072	-0.053936	0.173569	0.390243	0.189119	-0.059063	-0.132783	0.023158	0.003297	0.044844	0.234364	0.183219	0.091830	-0.049204	0.123277	0.102012	-0.008627	-0.018672	-0.143198	0.160679	0.037072	-0.344965	-0.029616	0.119671	-0.100698	0.123735	0.125770	0.083142
TCGA-PL-A8LV-01	-0.086232	-0.069038	-0.304736	0.094181	-0.123680	0.157724	0.064433	-0.670287	-0.281194	-0.018263	0.168780	0.114679	-0.373201	-0.021980	-0.378835	-0.329653	-0.221982	0.266574	-0.239286	-0.260203	-0.165168	-0.180904	0.169815	-0.675422	-0.241799	0.511674	-0.012275	-0.417310	0.011071	-0.169946	-0.102781	-0.120413
TCGA-PL-A8LX-01	0.116129	0.113422	0.157535	-0.049437	0.090424	-0.118868	-0.227293	0.270694	0.088523	0.010119	-0.069079	-0.107671	0.225951	-0.016890	0.095032	0.045201	0.066101	-0.145033	0.054217	0.163982	0.170894	0.121098	-0.065240	0.346002	0.222338	-0.064558	0.022717	0.148239	0.111357	0.049022	0.134946	-0.072594
TCGA-PL-A8LY-01	-0.233012	-0.546949	-0.335724	0.003004	0.031403	0.118024	0.593660	-0.049796	0.042362	-0.137565	-0.084656	0.268818	-0.477027	0.143092	0.067081	-0.030357	-0.132725	0.189827	-0.044349	-0.106723	-0.312260	-0.262363	-0.109340	-0.512650	-0.289839	-0.279462	-0.079712	-0.323923	-0.260552	0.016917	0.097126	0.144930
TCGA-PL-A8LZ-01	-0.163100	-0.194121	-0.332486	0.090585	-0.094391	0.155289	0.219674	-0.606126	-0.231570	-0.051218	0.142462	0.155644	-0.438166	-0.003403	-0.334735	-0.278813	-0.200256	0.268674	-0.203656	-0.279814	-0.220288	-0.234741	0.102163	-0.707114	-0.323801	0.367919	-0.026122	-0.438407	-0.067655	-0.141824	-0.090487	-0.053568
TCGA-S3-A6ZF-01	0.046425	0.055948	0.176380	-0.033087	0.041974	-0.054303	-0.029426	0.319245	0.146209	0.028247	-0.062983	-0.043471	0.181983	-0.009028	0.185633	0.189033	0.129785	-0.106438	0.120166	0.118438	0.070882	0.056022	-0.066862	0.317081	0.095474	-0.216073	0.002212	0.241558	-0.031365	0.089579	-0.001530	0.049484
TCGA-S3-A6ZG-01	0.111586	0.016231	0.210171	-0.056384	0.076373	-0.082804	-0.022574	0.452054	0.223706	0.042359	-0.145916	-0.049044	0.229445	0.016777	0.322558	0.236464	0.137767	-0.194013	0.167792	0.199736	0.097141	0.105442	-0.098160	0.406912	0.203747	-0.291796	-0.024332	0.319473	-0.016300	0.113392	0.063137	0.073794
TCGA-S3-A6ZH-01	0.062904	-0.023104	0.165904	-0.060066	0.075906	-0.082819	0.008036	0.392898	0.168398	-0.009469	-0.114493	-0.024056	0.160586	0.027080	0.248705	0.180051	0.107768	-0.135946	0.122588	0.183967	0.064706	0.055078	-0.111145	0.307521	0.148182	-0.258799	-0.026285	0.224654	-0.018535	0.103908	0.081901	0.056933
TCGA-S3-AA0Z-01	-0.104313	-0.114167	-0.305776	0.090806	-0.118537	0.164736	0.129384	-0.627194	-0.250001	-0.018353	0.143114	0.139323	-0.395533	-0.015987	-0.341877	-0.286850	-0.215071	0.260658	-0.215759	-0.262395	-0.191776	-0.202313	0.157004	-0.681523	-0.261192	0.443208	-0.023712	-0.399181	-0.033236	-0.154214	-0.112057	-0.085973
TCGA-S3-AA10-01	-0.028673	0.045741	-0.275364	0.093971	-0.149766	0.146021	-0.064027	-0.745354	-0.330931	0.025853	0.200710	0.067069	-0.304006	-0.040954	-0.435451	-0.381457	-0.240161	0.223596	-0.262999	-0.251121	-0.104729	-0.119590	0.220128	-0.618683	-0.182129	0.624423	0.005640	-0.407872	0.079924	-0.209217	-0.132396	-0.155623
TCGA-S3-AA11-01	0.180976	0.274280	0.294328	-0.061249	0.036828	-0.140294	-0.342822	0.299836	0.099936	0.084602	-0.031500	-0.150579	0.400377	-0.035756	0.157888	0.134003	0.133620	-0.251806	0.108561	0.217820	0.231946	0.200222	-0.020334	0.532379	0.307947	-0.054510	0.023647	0.339376	0.140812	0.054309	0.027766	-0.053718
TCGA-S3-AA12-01	0.235667	0.396100	0.309275	-0.030697	0.066407	-0.164045	-0.495802	0.269274	0.064628	0.120216	-0.007828	-0.242872	0.485306	-0.074849	0.107357	0.088599	0.162428	-0.257436	0.086578	0.194140	0.292366	0.281944	0.000990	0.632616	0.376226	0.042168	0.048848	0.341809	0.220532	0.041453	0.069219	-0.097969
TCGA-S3-AA14-01	-0.055942	-0.284276	0.004343	-0.036699	0.105411	-0.006427	0.325988	0.428075	0.215574	-0.078931	-0.172638	0.094044	-0.087846	0.075913	0.293134	0.232705	0.079822	0.003256	0.143864	0.087113	-0.089420	-0.073948	-0.170849	0.082481	-0.025148	-0.455662	-0.062342	0.100904	-0.174235	0.138171	0.119897	0.156804
TCGA-S3-AA15-01	-0.159724	-0.206726	-0.322736	0.074663	-0.085186	0.146810	0.243389	-0.533940	-0.207855	-0.055958	0.113041	0.161656	-0.414813	0.020067	-0.281081	-0.254270	-0.182027	0.245863	-0.182115	-0.246941	-0.217126	-0.221506	0.087162	-0.648354	-0.305699	0.287245	-0.023141	-0.407322	-0.082578	-0.122324	-0.072869	-0.040233
TCGA-S3-AA17-01	0.112199	0.120070	0.219270	-0.049537	0.026388	-0.078223	-0.130635	0.287683	0.126960	0.062637	-0.072516	-0.062176	0.259134	-0.000460	0.184875	0.150943	0.099024	-0.181865	0.103604	0.165428	0.126487	0.116870	-0.021661	0.371240	0.195366	-0.118540	0.004216	0.288596	0.026842	0.064487	-0.009089	0.017637
TCGA-UL-AAZ6-01	0.197484	0.392823	0.292098	-0.034034	-0.006821	-0.116880	-0.442755	0.176742	0.027024	0.112292	0.015593	-0.201083	0.433829	-0.050311	0.069918	0.082284	0.134890	-0.224389	0.080427	0.150192	0.269941	0.245629	0.055416	0.546216	0.321637	0.067011	0.039239	0.326995	0.173646	0.020573	-0.010433	-0.087763
TCGA-UU-A93S-01	-0.036685	0.039563	-0.071137	0.008289	-0.092592	0.093426	0.046628	-0.238290	-0.145325	0.016924	0.063371	0.072055	-0.100901	0.039080	-0.089208	-0.062781	-0.048398	0.093654	-0.058838	-0.110823	-0.033676	-0.045455	0.124731	-0.187490	-0.085493	0.148863	-0.012963	-0.071157	-0.053462	-0.039993	-0.098551	-0.004008
TCGA-V7-A7HQ-01	-0.018474	-0.067404	0.089049	-0.024252	0.114752	-0.076438	0.048701	0.350238	0.143508	-0.052247	-0.059378	-0.023417	0.086969	-0.009980	0.151148	0.145074	0.110135	-0.023947	0.074529	0.108007	-0.000074	0.004289	-0.164668	0.224956	0.026096	-0.270871	-0.000584	0.111322	-0.031898	0.105687	0.103292	0.061785
TCGA-W8-A86G-01	-0.149256	-0.482420	-0.108219	-0.025810	0.119566	0.029179	0.541014	0.416921	0.239545	-0.132966	-0.198767	0.184116	-0.254497	0.108247	0.314284	0.229826	0.043273	0.084613	0.132796	0.043817	-0.202925	-0.176336	-0.228815	-0.102127	-0.151908	-0.556819	-0.088261	-0.012956	-0.274797	0.149210	0.149967	0.205568
TCGA-WT-AB41-01	-0.088499	-0.220997	0.005474	-0.021454	0.037600	0.034202	0.321413	0.268567	0.156267	-0.037163	-0.111523	0.100576	-0.108235	0.052928	0.198553	0.191678	0.060146	0.021501	0.109335	0.020715	-0.091156	-0.086606	-0.090658	-0.004614	-0.085344	-0.320187	-0.038731	0.084880	-0.201452	0.097983	0.003822	0.145077
TCGA-WT-AB44-01	-0.119119	-0.406604	-0.053854	-0.029221	0.120081	0.010507	0.476136	0.451725	0.243856	-0.115220	-0.198116	0.148314	-0.181984	0.095353	0.330471	0.253550	0.075978	0.052547	0.153184	0.060242	-0.163975	-0.135490	-0.213388	-0.014573	-0.111554	-0.547546	-0.078907	0.051278	-0.245234	0.158853	0.135921	0.195158
TCGA-XX-A899-01	-0.069648	-0.330246	-0.002132	-0.041594	0.089358	0.009637	0.395338	0.424254	0.245463	-0.059268	-0.188493	0.118186	-0.118202	0.085465	0.336399	0.248210	0.075862	-0.024990	0.156266	0.092748	-0.105201	-0.091338	-0.164159	0.041019	-0.036956	-0.472470	-0.067256	0.109188	-0.223511	0.136641	0.090344	0.176045
TCGA-XX-A89A-01	-0.183535	-0.455075	-0.148885	-0.019936	0.090147	0.038396	0.512677	0.289015	0.167681	-0.140326	-0.145996	0.181645	-0.288269	0.105591	0.213043	0.156765	0.012660	0.109748	0.079251	0.008349	-0.202553	-0.190522	-0.192705	-0.186491	-0.191621	-0.461391	-0.071741	-0.092682	-0.260624	0.119680	0.129486	0.170165
TCGA-Z7-A8R5-01	-0.225231	-0.563965	-0.225242	-0.009446	0.060789	0.100183	0.667440	0.219862	0.162853	-0.141988	-0.154934	0.266279	-0.413439	0.131824	0.225108	0.154633	-0.034231	0.161878	0.071157	-0.048349	-0.282571	-0.253216	-0.176058	-0.344273	-0.265813	-0.475683	-0.095820	-0.145930	-0.341745	0.102589	0.093432	0.223016
TCGA-Z7-A8R6-01	-0.011173	-0.041990	0.096419	-0.017685	0.099978	-0.074629	0.029384	0.340473	0.130627	-0.048914	-0.058937	-0.040988	0.092985	-0.009709	0.139418	0.145305	0.109057	-0.026721	0.078554	0.099257	0.022080	0.017286	-0.142565	0.240518	0.039282	-0.254293	0.004805	0.121369	-0.024955	0.107224	0.101453	0.053604
