sample_id	attention_latent_1	attention_latent_2	attention_latent_3	attention_latent_4	attention_latent_5	attention_latent_6	attention_latent_7	attention_latent_8	attention_latent_9	attention_latent_10	attention_latent_11	attention_latent_12	attention_latent_13	attention_latent_14	attention_latent_15	attention_latent_16	attention_latent_17	attention_latent_18	attention_latent_19	attention_latent_20	attention_latent_21	attention_latent_22	attention_latent_23	attention_latent_24	attention_latent_25	attention_latent_26	attention_latent_27	attention_latent_28	attention_latent_29	attention_latent_30	attention_latent_31	attention_latent_32
TCGA-3C-AAAU-01	1.275922	0.402013	0.179958	1.558740	1.438489	-0.007155	-0.311159	-0.599715	-1.119190	-0.348755	0.380793	0.079069	0.068737	-1.409755	0.816816	0.634263	-0.103474	0.753483	-3.117385	0.333738	0.907272	-2.019503	0.738633	-0.124192	-0.542320	-0.607388	0.210368	-0.782506	0.187841	2.108520	-0.053034	-1.136184
TCGA-3C-AALI-01	0.489547	0.319097	0.755993	1.339895	-0.891180	-1.418516	0.569954	-1.581234	0.019780	0.716546	0.649582	0.197319	-0.603991	-1.739922	0.674858	-0.974467	0.229113	1.465321	0.287862	-0.477829	0.762049	-1.002073	-0.117176	0.283601	0.716222	-1.339480	0.682597	-0.111783	0.196175	1.163404	0.302312	-1.795563
TCGA-3C-AALJ-01	-0.126184	0.644011	-0.306166	0.378669	1.189178	-0.981065	-1.026376	0.234430	0.886364	1.522390	1.242510	-0.920436	0.418141	-0.789820	-0.762696	-0.533536	1.206348	1.097743	-1.057065	0.870965	1.417368	-1.338217	-0.073619	-0.088793	-2.303112	-0.832536	-0.577349	-1.897391	-0.144451	1.124687	0.515048	0.777701
TCGA-3C-AALK-01	0.140336	-0.559277	-0.817062	0.660975	-0.138155	-0.040048	0.200096	0.271125	1.552904	1.538877	-0.977457	0.425698	-0.991038	-0.511461	0.375777	1.220971	-0.454864	-1.029742	1.020162	-0.265531	0.328808	1.430589	-1.498096	-0.712015	0.055445	0.254921	0.727658	-0.445639	-1.350098	-0.654497	0.428835	-0.154049
TCGA-4H-AAAK-01	0.528397	-0.102164	0.775993	0.430349	-0.706465	0.575804	-0.058426	1.436115	-0.287386	-0.089689	0.687823	-0.611529	-0.031888	0.462128	-0.211433	0.313137	-1.382137	-1.362669	0.546066	0.866782	0.613852	0.404612	-0.955230	-0.694490	0.743109	1.008547	0.673772	-1.489764	-1.051481	-0.461777	-0.121366	-0.556695
TCGA-5L-AAT0-01	0.404530	-0.622203	1.312423	0.232227	-0.349876	0.387348	-1.271257	0.721388	-0.242186	0.262782	0.137150	-0.159247	-0.207271	-0.399153	-0.270299	1.226265	-1.069881	1.001087	0.249388	0.818834	0.008917	0.179662	-1.808241	-0.337075	1.369707	1.412217	0.708629	-2.137353	-0.947471	-0.036022	-0.532889	-0.137551
TCGA-5T-A9QA-01	-0.534945	0.779124	-1.696370	2.068805	-1.435984	1.099559	-0.229088	0.016424	-0.318687	0.444269	1.910319	-0.220837	-0.846572	0.200370	0.884486	-2.324136	1.289028	-1.194631	-0.911838	-0.418622	1.011694	0.116146	-0.134775	-0.423755	-1.356789	0.147602	0.589400	-0.467349	-0.107547	0.057677	0.919320	1.223030
TCGA-A1-A0SB-01	-0.702915	0.433060	0.497358	-1.639665	0.208753	0.753314	0.746660	0.627619	0.130224	-0.977163	-2.001306	0.106557	0.746278	2.063280	0.408657	-0.348898	-2.043827	-0.545779	-0.254308	0.430738	-0.336571	-0.481455	0.310264	0.842313	1.073161	-0.148567	-0.869191	2.390988	1.182394	-1.567330	-0.458480	-0.786049
TCGA-A1-A0SF-01	0.348290	-1.748502	-0.055656	0.408450	0.426239	0.026563	-0.292614	-0.628012	-0.077166	-0.772356	0.174931	0.059130	-1.128125	-1.285234	1.150565	1.416025	-0.663594	0.351956	-0.098643	1.444541	0.185870	0.869385	-1.475772	0.609309	1.614381	0.070189	0.329915	-0.391397	-0.815612	0.498154	-0.517826	-0.113365
TCGA-A1-A0SG-01	-0.502725	-0.476499	1.336368	-0.331025	0.537734	0.815660	-0.294474	-0.930406	0.086633	-1.210401	-0.505792	-0.390243	0.449365	0.768421	2.497680	0.108914	-0.915042	0.802041	1.166404	-0.364591	0.178985	-0.790268	-1.395775	-2.029249	0.795338	-0.938178	1.437264	0.131593	-0.422202	0.372369	-0.064808	0.156131
TCGA-A1-A0SI-01	-0.565488	-1.047930	0.611966	-0.733205	1.201489	-1.097806	0.422477	-1.044116	0.911171	1.448854	-0.803061	0.032416	0.607183	0.020088	0.782615	0.850087	0.017575	0.045794	1.236043	-0.506552	-1.097929	0.433286	1.208303	0.467353	0.208601	-0.130930	-1.097976	-0.623858	0.474820	-0.306471	0.163507	-2.316818
TCGA-A1-A0SN-01	-1.870806	-0.358552	-0.887937	0.527804	-1.516578	1.062882	-1.103065	-0.375214	0.985875	0.897782	0.749691	-0.225592	-0.071454	-0.655818	1.623094	0.819978	1.515636	-0.143330	1.475575	-0.922146	0.230833	-0.197584	-0.012029	0.421861	-0.311541	-1.613934	0.805653	-0.029787	-0.202051	0.182732	-0.029709	-0.716004
TCGA-A1-A0SQ-01	-0.876881	-1.152359	0.754053	-0.003089	1.373891	0.341138	-1.801937	-0.968037	-0.037882	-1.297125	0.614344	2.424533	2.053425	-0.562954	-0.000912	0.631276	0.678361	-0.745370	-0.956968	-0.286967	0.926113	-1.382223	0.887728	0.272615	0.318876	0.088377	-0.121232	-0.948282	-0.311161	-0.059848	0.587105	-0.607852
TCGA-A2-A0CK-01	0.663400	0.000228	-0.302505	-0.265327	-0.464984	0.569844	-0.563540	0.592721	-0.303047	-0.209479	-0.029093	-0.692010	1.518934	0.423688	0.379540	1.146997	0.345706	-0.593498	0.898303	0.138605	-1.277037	-0.101505	-2.396446	-0.867834	0.157198	1.300152	0.308311	-1.469158	-1.031255	1.745881	0.147473	0.280610
TCGA-A2-A0CO-01	-0.483738	-1.223271	0.102758	-0.405836	0.407858	-1.521322	-0.849758	-1.094240	-0.104094	0.414410	0.391670	-0.294938	0.178748	0.340770	-0.596411	1.824263	0.652634	-1.281161	0.159748	-0.607247	-0.400229	1.922788	-1.061903	0.121426	1.457503	0.705629	-0.593294	0.506404	-0.677929	0.681293	1.301581	-0.010840
TCGA-A2-A0CR-01	-0.250222	-0.963726	-0.181882	-0.019871	-0.329703	-0.672396	-1.206177	-0.060040	-1.254326	0.676965	0.234961	-0.519958	-1.269835	-0.154870	-1.099575	1.420367	0.570153	-0.138970	0.958390	0.004405	0.217138	1.892331	-1.985400	0.731946	1.564925	0.950208	0.236530	0.966670	-0.682984	-0.195034	0.515758	0.080440
TCGA-A2-A0EP-01	-0.179112	1.019361	-0.233899	0.122103	1.558058	0.641350	-0.679469	-0.224528	-1.173429	0.165124	-0.870977	-2.184204	-0.364682	-1.490933	-1.665688	-0.026937	-0.043627	-0.060904	1.334572	-0.068986	0.384133	1.274564	-0.427917	1.885593	0.591830	1.008121	-0.042865	-0.207133	0.144625	-0.130085	0.921808	-1.052138
TCGA-A2-A1FV-01	0.043769	-0.740960	-1.003328	0.046899	0.918656	-2.275986	-1.081050	-0.521185	1.223502	-0.146120	0.438300	0.669122	-0.087569	0.521043	0.827154	0.570637	1.256906	-1.531236	-0.700951	0.582592	0.125129	-0.617898	-1.052272	0.444765	-0.475944	0.423713	-0.341354	0.349596	-2.260813	1.569111	1.433059	1.308826
TCGA-A2-A1FW-01	-0.130604	0.239825	-1.448437	0.329876	1.663039	-1.749964	-0.893474	-0.143059	1.143022	-1.074850	1.564791	1.202318	0.015993	-0.865110	1.126264	0.200156	0.954753	-0.514737	-2.028141	0.390325	0.581834	-0.538120	-1.373318	0.655766	0.243536	-0.434770	0.033240	0.874074	-1.382496	0.639490	-0.830656	1.517220
TCGA-A2-A1FX-01	1.115693	-0.344027	-0.175455	-0.257928	0.444110	-0.949937	-1.821469	1.289942	0.498799	-1.331783	1.630002	0.861202	-2.200815	0.365308	1.070600	0.223202	0.779396	0.905715	-0.768134	0.629576	0.368067	-0.740130	-0.612463	-1.239116	-1.346779	-0.233027	0.807968	0.330705	-0.965680	1.056661	0.140022	0.372246
TCGA-A2-A1FZ-01	0.149592	0.280708	-1.263877	0.263494	1.097705	0.271702	-0.832546	-0.214825	-0.615771	0.834577	0.089049	-0.290539	0.711325	0.737827	0.783426	0.523340	-0.350151	-1.531394	0.251530	0.265632	-0.562094	0.106336	-0.324510	-0.463353	0.798781	0.050955	0.389086	0.036036	-0.752898	-0.905018	0.532347	-0.020634
TCGA-A2-A1G0-01	0.451583	-0.512107	1.294054	0.065814	1.110375	0.042124	-0.723004	-0.103837	-0.857642	-1.465653	-0.183624	-0.290584	0.943918	1.281751	0.034898	1.188457	-1.862131	0.793851	-0.349173	1.266125	-1.332050	-0.475931	-0.405970	-1.328914	0.955164	0.962378	0.226454	-0.240235	-0.992773	0.001180	-0.265539	0.634452
TCGA-A2-A1G1-01	0.897950	0.863157	-1.085042	-1.739612	-1.624266	0.237963	0.707563	0.012743	1.332796	-1.029422	0.751761	0.164238	1.496720	1.062375	-1.526917	0.142389	1.711132	0.141989	1.776725	-0.252690	0.253686	-1.658119	0.029155	-0.630337	-0.536207	-1.819291	-0.585798	0.521900	1.397925	-0.790423	-0.258088	-0.177422
TCGA-A2-A1G4-01	-0.133211	-0.335312	-1.044351	0.832702	0.749030	1.873213	-0.936430	0.096945	0.043285	0.786594	-2.081307	1.247897	0.942937	1.168766	0.530032	-1.603078	0.755918	-1.158177	0.467039	-0.241921	-0.756084	-0.167211	-1.255708	-0.416203	-0.134959	0.327854	0.606322	-0.370952	-1.618584	0.726831	-0.172861	1.447679
TCGA-A2-A1G6-01	0.039513	-0.632300	0.128692	0.743576	0.207215	0.195140	-0.095270	0.177351	-1.138840	-0.649981	0.138086	-0.881904	0.121888	1.950594	-1.052006	1.296719	-1.290967	-0.099149	0.510144	0.278378	-2.076662	0.247350	-0.828325	0.279306	1.444451	1.263541	0.165946	0.716776	0.099185	-1.571188	-0.128308	0.438124
TCGA-A2-A259-01	-0.928710	0.056239	0.627915	1.285874	0.270705	-1.028347	0.325937	1.270698	-1.937771	-0.135571	-0.045922	0.840955	0.466076	-0.768907	-0.900930	0.816735	-0.885343	0.936047	0.865783	0.862864	-1.413788	0.458463	-1.211514	-1.352314	0.017394	0.710891	0.807442	-0.008495	0.025864	-1.127374	0.665158	0.421321
TCGA-A2-A25A-01	-0.964554	-1.430935	0.315339	0.395359	-0.774716	-1.548658	-0.362522	1.128233	0.192891	1.265892	0.279325	-0.069291	-1.391803	-0.660760	-0.443716	2.476391	-1.068464	1.292731	0.582388	0.123485	0.112988	1.529571	-1.589173	0.242318	0.303016	0.161194	0.670954	0.231743	-0.693363	-0.067453	-0.003572	-0.314489
TCGA-A2-A25B-01	-0.111738	0.592946	0.488862	0.816515	1.042187	-0.831717	-0.731223	-0.658455	1.544697	-0.305599	0.698779	0.633364	0.803533	-1.597137	1.893467	-1.716630	-0.987383	0.403716	-1.430163	1.123292	1.171444	-1.532215	0.624204	-1.522204	0.289068	-1.706069	0.305215	-0.928565	-0.610871	0.720925	0.461662	0.822547
TCGA-A2-A25C-01	-1.288563	0.393701	-0.229379	0.255680	1.060369	0.273614	-1.923786	0.182219	0.309854	-0.051177	-0.241965	-0.100011	0.377395	-0.394906	0.642284	0.371810	-1.260614	-0.598207	1.018085	0.090334	0.305721	-0.522567	-0.001935	-0.523903	0.857488	-0.498766	0.649169	0.390808	0.514554	0.332827	1.109301	-1.589647
TCGA-A2-A25D-01	0.868298	-0.414717	-0.829242	1.248761	-0.587388	-1.343548	-0.347567	1.819262	-0.724920	-0.324397	0.700602	-0.561465	0.106741	-1.021791	-0.622304	-0.361706	-0.338548	1.019097	0.621173	1.647622	-0.146845	1.547657	-2.263826	0.371231	-0.454445	0.050450	0.492819	-0.843057	-1.038703	-0.012108	0.476215	1.175623
TCGA-A2-A25E-01	-0.299631	0.530190	0.571968	-0.258000	1.857893	-0.553070	-2.430366	-0.396637	0.333518	-0.853971	-0.162905	1.329615	0.505998	0.243649	1.392246	-0.043901	-0.913120	0.778087	-0.067316	-0.349964	-0.303355	-0.680971	0.238476	-2.453976	0.730320	-0.699790	0.368337	1.028023	-0.807202	0.208771	0.504061	0.623701
TCGA-A2-A25F-01	-0.644273	2.464680	-0.996403	-0.876619	0.594428	0.777361	-0.585926	0.397382	-0.836147	-0.322251	-0.998197	-1.880331	1.403849	-0.726027	-1.570924	-0.820278	-0.281076	1.209314	0.679548	1.045052	-0.224378	-0.033677	-0.249910	0.952407	-0.451152	-0.556978	-0.824757	1.846917	1.271227	-0.373447	-0.529474	0.982852
TCGA-A2-A3KC-01	0.420098	-1.098363	-0.658701	0.538125	-0.237982	0.058088	-1.078390	1.303178	-0.403631	0.628290	0.131567	-0.260912	-1.753178	1.307742	0.941239	0.910569	-0.379133	-0.143661	-0.076563	-1.140314	0.169242	1.443783	-1.781889	0.379493	0.347430	-0.420572	0.314246	0.726677	-1.031134	-0.085725	0.862376	0.213937
TCGA-A2-A3KD-01	-0.358799	-0.102605	0.910194	1.306766	0.475895	0.231917	-0.286479	-0.512550	-1.977377	0.846578	-0.588398	0.630474	-0.316255	1.228126	-0.714546	0.315114	-0.484491	0.904198	0.136426	-1.841963	-1.758455	0.394760	-0.995527	0.576699	1.753165	1.307547	-0.280182	-0.245105	-0.374639	-0.126991	0.050470	0.029523
TCGA-A2-A3XS-01	0.591905	1.301507	-0.656249	-2.067386	-0.919631	-0.001832	1.117683	-0.433245	0.823948	-1.049874	-1.023904	0.371782	1.245977	1.834336	-1.397695	0.332056	1.204569	1.275640	0.884762	-1.427819	0.940893	-0.230331	-1.092005	0.240581	0.163077	-1.335976	-1.469866	1.327630	0.795527	-1.376204	0.135535	-0.227454
TCGA-A2-A3XT-01	0.758795	0.740734	0.005167	-2.014459	0.948011	-0.028498	-0.458933	1.199899	0.033323	-0.411839	-2.123559	-0.890780	0.301032	1.954084	-1.021794	-0.201775	0.119071	1.614626	0.475226	0.436932	0.180406	-0.730479	-0.408827	1.078378	-0.667453	-0.750171	-2.217320	1.528398	0.732290	1.060170	-0.869824	-0.640224
TCGA-A2-A3XU-01	0.792285	0.380953	-0.154637	-1.951814	-1.065926	0.363117	1.468803	1.712988	0.095144	-0.999813	0.393241	0.429413	0.902704	1.178699	-0.335311	-0.626267	-0.289288	0.980948	-0.782230	0.778458	-1.198970	-0.900139	-0.771334	1.701511	0.432142	-0.659041	-1.503496	0.388674	1.723252	-0.511998	-1.530623	-0.737827
TCGA-A2-A3XV-01	1.159980	-0.965552	-0.749033	0.743908	0.308905	-0.482808	-0.170165	-0.282940	2.270666	1.879069	-1.266655	-1.032506	-0.784425	-1.343976	0.103233	-1.590794	0.574638	-0.118196	0.750839	-0.068505	1.165428	0.437862	0.139250	1.499700	-2.257167	0.148756	0.277225	0.739813	-0.165442	-1.786315	1.328102	-0.696172
TCGA-A2-A3XW-01	-0.823690	1.086045	0.992814	0.040445	0.225798	-0.657964	0.666888	0.533658	-0.155586	-1.459664	1.216964	-0.409696	-0.477160	0.062910	-0.854260	0.555110	0.423341	-0.144296	0.243863	-0.363862	0.189947	-0.068692	-1.339718	-0.900785	0.881599	-0.032290	0.775359	0.538857	1.623428	-2.713377	-0.546553	0.917810
TCGA-A2-A3XX-01	1.111671	0.898850	-0.417209	-1.120057	-1.000788	0.470353	1.496452	0.887276	-0.007230	-1.853555	-2.061953	0.200332	-0.850000	0.521126	-0.345229	0.725475	0.293885	1.161562	0.069603	0.141069	-0.362146	0.010934	-1.448726	1.015093	0.932474	-0.973844	-1.772331	1.625794	1.100329	0.249886	-0.564253	-0.264233
TCGA-A2-A3XY-01	0.909547	0.535393	-1.506079	-0.909429	-0.379696	-0.409266	0.840503	0.450511	0.996728	-0.918970	-0.844335	-0.692425	0.852876	-0.488551	-1.471115	0.339453	0.009218	0.952625	0.923581	0.892558	-0.890330	0.652102	-2.323408	0.890123	-0.113364	-0.538091	-1.217197	1.509687	1.844502	-0.573052	0.667742	-0.213632
TCGA-A2-A3XZ-01	0.045343	0.243577	-0.530914	0.996741	-0.230181	-0.160712	-0.447837	0.069459	-1.689048	0.016605	0.530588	-1.062714	0.003263	-0.315966	-0.750449	-0.282968	0.311702	1.104793	-0.237683	0.304771	-1.155244	1.311475	-0.880361	1.718453	1.483639	-0.180467	0.004980	0.307284	0.531070	-0.455471	-0.563172	-0.094792
TCGA-A2-A3Y0-01	1.864561	1.822175	-0.489275	-1.464202	-0.954700	-0.215306	1.209649	-0.445966	-0.366559	-0.865528	-0.521988	0.261956	0.263707	0.963937	-1.910069	-0.743320	0.272452	0.235995	1.048845	-0.881607	0.862742	-0.956359	-0.229223	-0.665434	1.088937	-0.568983	0.537604	0.813908	2.011691	0.634332	-2.357440	-0.390844
TCGA-A2-A4RW-01	0.539266	0.916901	-1.811213	2.328506	-1.765864	-0.973108	-0.384731	0.429924	-1.434956	1.475192	0.454360	-0.374535	-0.545964	0.295490	-0.582029	-0.088688	-0.299220	-0.042431	0.364674	0.616564	1.014203	-0.199298	-1.304113	0.148164	0.101651	0.020295	1.046911	-1.020308	-0.707522	0.532580	0.229337	1.062467
TCGA-A2-A4RX-01	0.845812	1.095399	-1.246088	-1.580349	0.109754	0.275362	0.275722	1.357121	0.333464	-0.047080	-0.527479	-0.181315	0.267455	1.883663	-1.877627	0.287472	-0.759002	0.686329	0.428659	-0.015371	-0.497904	-0.119863	-1.826241	0.229083	0.878737	-0.299943	0.607274	-0.219323	1.735071	-0.887479	-0.570353	-0.743585
TCGA-A2-A4RY-01	0.715014	-1.263329	0.273748	1.010616	-0.502774	-0.506929	-0.118706	0.279610	-0.076577	1.056531	-0.291345	-1.362645	-0.683767	1.539754	-1.000149	1.551917	-1.025189	0.824161	-0.463385	0.346613	-0.393160	1.924897	-1.842036	-0.174720	0.571367	0.726570	0.308454	0.102027	-0.690423	-1.062218	-0.190494	0.351275
TCGA-A2-A4S0-01	-0.132941	1.077033	-0.232484	1.263359	1.256464	2.363256	0.389561	-0.267950	-1.306956	-0.406661	0.093678	1.422199	-0.954189	0.550506	-0.578265	0.550454	0.191971	0.799004	-1.766097	-0.872209	-1.747513	-1.812436	0.620918	0.284178	-1.638634	1.357582	0.037411	-1.538936	0.240035	0.639859	0.982574	-0.858287
TCGA-A2-A4S1-01	1.691714	1.748519	0.713981	-0.206446	0.046142	-1.130431	1.021595	-0.131297	-0.129084	0.210113	-0.439049	-0.384167	-0.064606	-0.522191	-2.062021	-1.214868	0.277129	0.102881	0.013270	0.054064	1.662319	-2.889719	2.020349	1.237468	-1.928815	-1.065927	-1.001296	0.193281	0.089298	0.662101	-0.564793	1.636415
TCGA-A2-A4S2-01	0.961768	-0.251704	0.206648	0.009758	-0.820304	0.507884	-1.692847	0.566479	-0.762283	1.229640	0.723827	-1.455685	-0.622802	0.397781	0.629081	1.537857	-0.187878	-1.001119	0.405270	-0.939335	-0.007265	1.111902	-0.199721	0.030534	1.103271	0.004069	-0.615333	-0.312417	-1.029334	0.730334	0.309406	-0.565433
TCGA-A2-A4S3-01	1.720455	1.160912	0.388169	1.614711	-0.808582	-0.528711	1.061312	-1.773719	-0.775343	-0.146065	-1.486528	0.591327	-1.364998	-1.211762	-1.379459	-0.223479	-0.464447	1.632774	-1.130314	0.753751	0.511445	-1.546522	1.025821	-0.245482	0.809687	-0.180815	0.989550	0.272902	0.098143	0.924186	-1.349082	0.827079
TCGA-A7-A13D-01	0.818654	1.114331	-0.697036	-1.885782	-1.147452	0.019235	1.930393	0.407741	1.219301	-0.783484	-0.593517	1.071207	1.054479	1.822991	-0.260183	-0.733656	-1.026333	-0.384711	0.591759	0.028036	0.121245	-0.868324	-0.677322	0.836416	0.197470	-1.173676	-2.109682	0.999180	1.368834	0.411778	-1.466834	-0.475514
TCGA-A7-A13E-01	0.410626	0.881196	-1.768071	-1.827914	-0.959304	1.300519	0.650377	1.291557	1.203097	0.315157	-0.784878	0.941099	-0.737513	1.776412	0.398300	-0.928329	-0.134880	0.603170	0.278572	-0.211439	0.507621	-1.096829	-1.234073	0.996829	-0.021243	-1.938633	-1.960656	0.249853	1.964097	-1.020644	-0.073454	0.895652
TCGA-A7-A13F-01	0.834594	-0.246293	0.181782	-0.193976	0.178874	-0.593387	-2.070057	0.303979	0.209270	0.482100	0.293743	0.048461	-0.757724	1.206329	2.402920	-0.077782	0.292305	-1.364297	0.982157	-2.073517	-0.175905	0.001061	0.122144	-1.041889	0.714935	-1.089773	0.076069	-0.213326	-0.292701	1.216267	0.892001	-0.135781
TCGA-A7-A13G-01	-0.025222	-0.060997	0.999296	0.635270	0.530291	1.795696	0.093446	1.107711	-1.827340	-1.190904	0.216774	-1.309429	0.581000	-0.246517	1.400793	0.384109	-0.110353	-1.897095	-1.670571	-0.848011	-0.721644	-0.474533	-0.812090	0.151134	1.543555	0.446667	0.392237	-0.100010	0.952799	0.390956	-0.157034	-0.032489
TCGA-A7-A13H-01	1.037911	-0.923432	0.170149	0.384665	0.130428	-0.315001	-1.120380	0.808191	-1.099917	0.218138	0.388877	-0.770619	-0.087712	-0.038566	0.494673	1.382097	-0.932672	0.190960	0.604200	-0.144620	-0.270764	0.998594	-2.178071	0.195523	1.569660	0.596897	-0.092742	-0.277129	-0.981622	0.276112	-0.105862	-0.071211
TCGA-A7-A26E-01	0.538317	-0.623739	-0.294915	0.824631	-0.910323	0.184680	-1.560488	0.495601	1.076400	0.510570	0.326304	-2.359007	0.161821	0.365714	1.242345	0.945823	0.038478	-1.443859	0.700267	0.014382	-0.990857	0.025243	-0.946439	-0.184478	0.554127	0.763699	0.149541	-0.185260	-0.578887	0.437497	0.097433	0.643984
TCGA-A7-A26F-01	0.407944	0.015126	-1.537311	-1.140753	-0.349003	-0.763992	0.453913	0.066552	1.764145	1.075437	-0.050305	0.017243	0.929382	0.817785	-0.026250	-1.124017	1.420939	-1.087431	1.148829	-0.573636	-0.224525	0.789481	0.382564	-0.321483	0.383431	-0.575010	-0.151043	0.924247	1.517563	-1.035224	-1.887126	-1.403540
TCGA-A7-A26G-01	0.543199	0.566489	-0.615128	-1.191554	0.034155	-0.107695	0.056151	0.917909	-0.196895	-1.381235	-0.824227	0.812181	0.784492	0.556669	-0.639742	0.523557	-0.846277	0.563888	1.228179	0.917164	-0.865940	-0.520037	-0.121357	2.320604	0.249252	0.532406	-1.584108	1.359427	0.094567	-1.044398	-0.375586	-2.074694
TCGA-A7-A26H-01	0.985546	-1.534457	0.641287	0.470774	-1.167243	-0.876301	-0.226751	0.199575	-0.547688	0.738657	0.743637	0.126924	0.434499	-0.963515	0.899876	0.576010	0.481755	0.422034	-1.451563	1.164529	-0.305214	0.812550	-1.003052	-1.244319	0.692295	-0.263694	0.629938	-1.046579	-0.024512	0.140388	0.362941	-0.022141
TCGA-A7-A26I-01	0.383220	1.676699	-0.019923	-1.791579	-0.043365	0.092929	1.914762	0.280202	0.839346	-1.612431	0.611757	0.238662	1.411459	-0.252680	0.154595	0.115891	-0.567770	0.195269	-0.068162	-0.024336	-0.423174	-2.063803	0.231711	1.108835	0.367347	-0.751162	-0.447096	0.258627	1.627185	-2.490453	-0.980490	-0.204909
TCGA-A7-A26J-01	-0.420487	-1.314702	0.235651	-1.462129	-0.552267	-0.358934	-1.557206	-0.988288	1.395132	-0.792117	1.297294	-0.464103	-0.347347	0.029509	2.317432	1.638824	-0.743154	-0.989132	0.169400	-0.626277	0.447783	-0.137749	1.137533	-0.989658	0.210589	-0.044667	0.438239	0.804992	-0.200013	1.181652	0.468488	0.126598
TCGA-A7-A2KD-01	1.025908	-1.314582	1.892977	-0.008215	0.836341	0.363491	-0.689448	0.407737	-1.100724	-0.535472	0.190644	0.723536	0.276587	-1.731080	0.316635	0.171212	0.016916	-0.140247	-0.723350	0.429605	0.016061	0.334726	0.032927	0.485465	1.577951	-0.291766	0.291549	-0.694722	-0.755126	0.285901	-0.555111	-1.350201
TCGA-A7-A3IY-01	-0.452007	1.025663	-0.048431	0.014106	0.517823	1.443370	-0.113014	-0.025048	-0.952144	-0.889336	-0.593232	1.149536	-0.551281	1.379760	-0.484832	1.042204	-0.492417	-0.000537	0.349400	-1.434734	-1.995444	0.537539	0.033042	-0.634927	1.947643	1.292309	-0.669760	0.426026	0.121826	-1.199022	-0.569253	-0.032020
TCGA-A7-A3IZ-01	0.651409	0.327809	-0.041448	2.281875	-0.161254	-0.382413	-1.300679	0.380495	-0.119993	1.675266	0.090516	0.666340	-1.681946	0.153660	0.664680	-0.648773	0.245978	0.446804	-0.406063	-0.323063	-0.604615	0.124057	0.249810	-1.045833	-0.389552	0.264296	-0.602280	-2.061759	-2.131524	1.136227	0.985995	1.609212
TCGA-A7-A3J0-01	0.007606	0.254332	0.335991	0.094226	1.293468	1.379194	0.575196	-0.041399	-0.689822	-0.878116	0.463956	1.482212	-1.809116	0.516947	-0.375299	1.670429	-0.487480	0.712927	-1.714932	-1.364681	-1.749487	-1.705445	0.951930	0.353672	-0.905998	2.210291	0.123378	-0.595465	0.720361	0.318531	0.094479	-1.274549
TCGA-A7-A3J1-01	0.777446	-0.050953	0.132097	-0.222005	-0.364625	0.549012	-0.411555	-0.969546	-0.037742	1.180535	-0.165174	-1.309644	-1.176356	-0.083095	0.144230	1.565070	-0.256176	0.695651	1.215414	-0.585071	-0.757922	1.458589	-0.974276	-0.303146	1.075138	0.759327	0.104567	-1.357249	-1.091433	0.414140	1.073934	-1.044749
TCGA-A7-A3RF-01	0.038406	0.806389	-0.612838	1.152147	2.133880	0.287699	1.321178	-0.896826	-0.373949	-0.381578	0.694569	1.458280	-1.126925	-0.991185	0.585802	0.074575	-0.114053	1.712325	-1.818873	-0.510129	-1.132245	-1.804905	1.214105	-0.144160	-1.316132	1.056044	-0.806949	-1.631259	-0.793532	1.246600	0.844459	-0.219890
TCGA-A7-A425-01	0.303834	-1.799582	1.187120	-0.748092	0.466566	-1.570232	-1.039873	0.108515	-0.258527	1.204454	0.132230	0.000248	0.592026	0.672162	-1.485971	1.453432	0.049377	-0.550376	-1.118496	-0.297273	0.413031	1.474064	0.140871	0.574299	0.631375	1.527446	-0.347481	-0.064565	-0.591517	-0.180333	-0.082748	-1.047623
TCGA-A7-A426-01	0.180469	-1.375132	1.317216	0.004730	-0.928755	-1.777874	-0.863994	-0.159561	-0.187925	1.972356	0.524091	-0.490918	-0.295943	0.768855	-0.715832	1.365359	-0.780971	0.593503	0.110786	0.384291	-0.491764	0.966049	-1.376344	-0.780253	1.240938	1.270280	-0.368167	-0.557712	-0.754609	0.383727	0.327706	0.347191
TCGA-A7-A4SA-01	0.790799	0.623157	0.719239	-1.055077	1.526982	-0.456536	-0.656687	-0.569273	0.139024	0.389747	0.154833	-0.768727	0.058766	0.468194	-1.661789	1.235897	-1.495663	1.390691	0.298508	0.761200	-0.869367	-0.251344	-1.513609	0.077790	0.734506	0.846245	-0.127882	-1.711549	-0.407465	0.993125	-0.016359	0.138037
TCGA-A7-A4SB-01	0.647917	-0.084637	0.990218	0.744587	-0.330469	-1.265025	-0.239195	0.090264	0.582462	1.054708	-0.476744	1.762113	0.763478	0.061160	-0.767591	-0.312322	-2.260958	1.731558	-1.025645	0.769641	-0.447905	-0.367847	-0.720530	-1.341721	1.113737	0.419396	0.316110	-1.323951	-1.462486	0.009338	0.022273	1.119130
TCGA-A7-A4SC-01	0.232140	-0.809287	-0.488891	0.279622	-1.082920	-0.123022	-0.881145	-0.488039	0.428469	2.931914	0.109062	-1.055724	-0.630912	0.676767	-0.146896	0.730068	0.210944	0.402373	0.960166	-1.475368	-0.781179	1.548447	-0.480881	0.308043	0.188681	0.788021	-0.267014	-0.487236	-0.302760	-0.196028	0.255486	-0.333920
TCGA-A7-A4SD-01	1.844609	1.328666	0.213676	-1.479225	-1.059402	-1.270091	0.880552	0.296886	-0.203891	-0.623544	-0.355179	1.014118	0.295742	-0.121824	-2.277402	-0.172666	-1.055183	0.595459	1.596528	-0.302887	0.499305	-1.226796	0.736332	-0.375576	0.178580	0.343588	-0.227838	1.257544	1.547697	0.786694	-2.405878	-0.578326
TCGA-A7-A4SE-01	1.047511	0.865815	-0.542794	-1.877996	-1.567887	-0.001449	0.614291	0.605645	0.882438	-0.401886	-0.031284	1.122770	1.047909	0.757077	-1.958824	0.196973	-1.590990	0.670236	0.760435	1.010719	-0.477332	-0.461811	-0.993063	0.136873	0.873092	-0.455650	-0.645285	0.486944	1.481929	0.338111	-0.841978	-1.446483
TCGA-A7-A4SF-01	1.417290	-1.015049	0.290995	-0.152071	0.999378	-1.028201	-0.673216	-0.879543	0.916385	-0.006029	1.409657	0.957963	-2.146818	-1.353360	0.941265	-1.093849	-0.066974	1.325065	-1.271695	0.181745	1.457166	1.016159	0.374289	-0.571324	-0.797736	-0.387697	-0.614695	-0.884850	-0.505365	0.944552	-0.462106	1.525454
TCGA-A7-A56D-01	0.881286	0.260776	0.390078	0.614707	-1.636908	0.148699	0.135941	0.817600	0.331547	0.581021	1.677184	-0.759578	-0.216996	-0.625269	0.666968	-0.838168	0.171575	-0.389623	0.508412	-1.630822	0.875138	0.499831	-0.884482	-0.359466	0.044264	0.217270	-0.809802	-2.555174	0.399342	1.150032	0.253544	0.101236
TCGA-A7-A5ZV-01	-0.173839	1.192744	-0.323697	-1.542427	-1.094504	-1.596620	1.008688	2.428006	1.510782	-0.073676	0.162390	-0.193733	1.150250	1.393343	-1.318322	-1.054188	0.942935	-1.279317	1.014911	-1.114894	1.061698	-0.030130	0.107655	-0.220017	-0.211496	-1.113108	-1.476449	0.499257	1.217399	-0.656912	-0.790743	0.428053
TCGA-A7-A5ZW-01	0.383312	-0.309971	-0.101606	1.083760	-1.099928	-0.463750	0.490379	1.678799	-0.672061	0.701907	0.748913	-1.078411	-0.409151	0.198570	-0.538864	0.667196	-0.786936	0.911434	0.604037	0.046546	-1.047907	1.000288	-1.378182	0.015672	0.623503	1.523925	0.363331	-1.355550	-0.443447	-0.723524	-1.229681	0.634885
TCGA-A7-A5ZX-01	0.184549	-1.893098	0.906310	1.083062	-1.721756	-0.558176	0.442469	0.902715	-0.705673	1.724115	0.935937	-0.604820	-1.031507	0.716956	-0.181674	1.001287	-0.554748	0.090470	0.040691	-0.120005	-1.192858	0.670644	-1.715893	0.493079	0.956663	1.291518	-0.093818	-1.221609	0.046578	-0.068383	-0.227106	0.403153
TCGA-A7-A6VV-01	0.599606	1.157065	-1.055840	-1.615989	-0.753304	0.166719	1.504825	1.784563	0.189145	0.000709	1.459742	-0.173598	0.205921	0.028444	-1.457888	0.162601	-1.272603	0.873684	0.500230	0.193427	-0.126266	-0.066882	-0.918661	0.725461	-0.604629	-0.469245	-0.752143	0.519123	2.111047	-1.668801	-0.268881	-1.219796
TCGA-A7-A6VW-01	0.383575	0.624040	-0.905335	-1.204058	-1.382213	-0.545890	1.087108	1.563425	0.898169	-0.029769	0.517049	-0.651416	1.470702	1.727884	-1.162018	-0.175511	-0.208131	0.257846	0.976945	-0.741084	0.181664	1.369612	-1.576906	-0.646334	-0.130340	-0.327456	-0.850989	1.219457	1.014417	-0.696804	-0.576380	-1.645030
TCGA-A7-A6VX-01	2.180626	-0.879309	0.353646	0.259520	-0.781787	-0.059623	0.038826	1.036400	-0.494703	0.533240	1.663680	-1.880974	-0.190137	-0.201706	1.270298	-0.729392	-1.128796	0.713733	-0.783343	-0.382754	0.005679	0.654212	-0.481652	0.003724	-0.130690	-0.073801	-0.021188	-1.549092	-1.544283	2.162614	0.022224	0.323352
TCGA-A7-A6VY-01	0.634857	0.951310	-0.386092	-2.019398	-1.211018	-0.473048	1.233925	1.813348	-0.008753	-0.130155	1.417036	0.492671	0.004829	0.759107	-1.396173	-0.654272	0.600795	-0.538254	2.159578	-0.375908	0.311068	0.746193	-0.202051	-0.207610	-0.674318	-0.181102	-1.167909	0.433091	1.319122	-1.001299	-1.450371	-0.973260
TCGA-AC-A23C-01	0.220736	-0.922761	-0.748069	0.557375	0.774726	-1.066589	-0.686332	-1.589579	1.265225	-0.972302	0.152614	-0.403987	1.139675	-1.138271	1.353558	1.237687	1.506755	-1.378884	-0.336293	-0.268059	0.625978	0.911712	0.157629	0.735063	0.933397	-0.292894	-0.070122	-0.084554	-0.865044	-0.564714	0.621459	-0.913385
TCGA-AC-A23E-01	0.285165	-1.801727	0.313445	0.673147	0.496971	-0.574745	-0.440903	0.061106	0.664733	0.063246	0.548138	-0.848298	-0.148502	-0.681697	1.871138	0.660153	-0.934090	-1.988357	-0.145374	0.218005	-0.013034	-0.100525	0.844195	0.151292	1.446060	0.984003	-0.776341	-0.938706	0.575616	0.979161	-0.920590	-0.622795
TCGA-AC-A23G-01	-0.293843	-0.761736	-0.261237	-0.837210	-0.695925	-0.508971	-0.573496	1.643136	-0.268787	0.374024	1.354977	-1.289564	-1.314618	0.277427	0.655495	1.835207	-0.509293	-0.820419	1.370964	-0.357021	-1.079027	0.923968	-0.452646	0.371839	0.476336	0.470315	-0.356725	0.283895	0.085185	0.608687	-0.794022	0.490064
TCGA-AC-A23H-01	-0.785113	0.527592	-0.186954	1.427184	-0.090504	-1.081298	0.551950	-1.675954	2.784929	1.126583	-0.166795	0.314407	-0.563743	-1.488154	1.593953	-2.059272	0.370007	-0.220547	0.972441	-1.333375	0.365463	0.351082	0.972058	0.184585	0.212541	-1.187272	-0.095644	-0.651908	0.199872	-0.967562	0.776642	-0.269045
TCGA-AC-A2B8-01	1.222497	-1.203909	1.058278	0.227431	1.065975	0.413581	-0.196977	-0.590930	-0.355110	0.484768	-0.682142	-0.984882	0.426275	-0.192616	1.602028	0.362932	-0.113474	-0.533726	-0.217172	0.363750	0.015447	0.538529	-1.818097	-0.643612	0.896348	-0.197838	0.506743	-0.430472	-1.872285	1.397984	0.269120	-0.876427
TCGA-AC-A2BK-01	1.428174	1.220340	0.778377	-0.140304	-0.653449	-0.167091	0.282410	2.076777	-0.186212	-0.045370	-2.075076	0.219763	-1.466003	-0.767782	-0.808290	-0.505693	-0.616151	0.460405	-1.152822	-0.142311	-0.221518	-1.031642	1.733461	1.672239	0.668326	-1.506189	-1.889750	1.004496	1.174018	1.247561	-1.521991	0.657519
TCGA-AC-A2BM-01	0.751157	0.474787	0.335197	-0.500461	0.158570	0.022536	-1.179108	0.852217	0.447827	-0.872999	1.444022	-0.466590	-0.453747	-1.562416	1.024346	0.445146	0.099227	1.846382	0.303622	0.303913	-0.381239	0.343130	0.013138	-2.310333	-1.107252	-0.473976	0.619203	-0.837069	-1.729459	1.503652	-0.315565	1.138747
TCGA-AC-A2FB-01	-0.596966	-0.929121	0.266472	1.263873	0.627720	0.316835	-0.408997	0.081226	-1.440994	-0.583230	0.579083	-0.623216	-0.308673	0.831406	-0.041922	0.638954	-0.587664	1.440758	2.126339	-0.192285	-0.839531	1.590311	-1.536466	-0.453589	0.883097	-0.822952	0.692130	-0.182126	-0.770637	-0.276760	-0.516197	-0.119430
TCGA-AC-A2FE-01	0.685542	-0.549826	-0.665207	0.810858	-0.852328	0.182801	-1.285252	0.998754	-1.894443	1.154189	0.600080	-1.271520	0.096884	0.275778	-0.616154	-0.215232	1.620755	-0.078114	1.077558	-1.062993	-0.265524	2.155115	-1.222657	0.297092	-0.415283	0.592974	-0.404554	-0.093395	-0.900779	0.651656	0.426921	0.287726
TCGA-AC-A2FF-01	1.160536	-0.862355	-0.231570	0.153607	0.224349	0.055403	-0.677846	0.971354	-0.655551	-0.066775	-0.615665	-1.521756	-0.186027	0.525626	-0.705490	1.217602	-1.549926	0.019244	0.708884	1.632734	-0.510949	0.474862	-1.288458	0.617677	0.287430	1.598083	0.795474	-0.497084	-0.124073	-1.287852	0.229932	-0.019068
TCGA-AC-A2FG-01	0.329223	-2.042097	1.938709	-0.139142	-0.185644	-0.967198	-0.582303	-0.290497	0.265751	0.069219	-0.535580	-0.059796	-0.170412	0.991000	0.119130	1.703241	-1.409466	0.264965	0.873503	0.735280	-0.890273	0.427307	-1.026571	-0.844055	1.292300	1.594452	-0.206192	-0.367109	-0.314798	-0.643273	0.431447	-0.545187
TCGA-AC-A2FK-01	0.052311	-0.495008	0.665077	0.457183	-0.135611	-1.265985	0.597527	1.175589	-1.674205	0.132483	-0.175264	-0.612329	-0.629639	1.333897	-1.589565	1.816227	-0.959660	1.209897	0.708521	0.149508	-1.027515	0.858551	-1.558630	0.264002	0.119002	1.417383	0.499398	0.555052	-0.153125	-1.928451	0.382758	-0.242036
TCGA-AC-A2FM-01	-0.383879	0.054473	-1.254631	1.173651	-0.927972	0.310636	-0.629783	1.495388	0.201105	0.893822	1.436123	-0.008669	-0.944785	0.145587	-0.794308	-0.285670	1.116524	-1.345649	-0.984592	-0.003551	0.427956	0.522091	-2.805585	0.110929	-1.613573	0.408557	0.887292	0.108588	-0.701501	0.735110	1.003109	1.754552
TCGA-AC-A2FO-01	-0.195774	0.263737	0.300992	0.637955	-0.465158	-2.564133	-0.675809	-0.136862	-0.651708	0.537743	0.746750	-0.485457	-0.130652	-0.595918	-0.860298	1.426447	0.279878	0.719646	0.285989	1.394608	0.081748	0.813569	-1.324773	-0.197479	0.276535	0.003877	0.288493	-0.002305	-1.957099	-0.442570	1.509625	0.949553
TCGA-AC-A2QH-01	1.544624	1.469774	0.391976	-0.421921	-0.493001	-0.820422	1.954955	1.781065	-0.016673	-1.437250	0.673379	-0.388363	-0.534012	-0.682342	-1.136442	-1.207922	-0.183314	0.647675	-0.310507	0.495157	0.645700	-2.148301	0.473192	1.676845	-2.866167	-0.403471	-1.038532	-0.008894	-0.548570	0.915937	0.392204	1.258830
TCGA-AC-A2QI-01	0.817894	-0.094779	0.805637	-0.841981	0.068949	-1.800772	0.226099	-0.130905	-0.189862	0.716746	0.856229	-0.053853	-1.372685	-2.199987	0.677564	0.721508	-0.440257	0.292584	1.234617	0.404691	-0.829535	0.432438	-0.682713	0.421981	1.101083	0.500872	-0.637796	-1.396113	-0.390011	0.366458	1.822267	-0.582992
TCGA-AC-A2QJ-01	0.457717	1.333065	0.406381	-2.122209	-0.234296	-1.619560	1.425647	1.509209	0.785769	-1.044567	0.939155	-0.574943	1.320955	-0.665594	-2.035653	-0.336183	-0.561455	-0.790618	1.482529	-0.174844	-0.456310	-0.919064	0.418698	0.952854	-0.260063	0.259066	-0.889132	0.101829	1.767134	-0.742123	-0.346240	0.304247
TCGA-AC-A3BB-01	0.461906	-0.425209	0.581851	0.891497	0.154634	-1.077150	-0.166873	0.704876	-1.428577	0.924244	0.713044	-1.716618	-1.077617	-0.861885	-0.752286	0.631293	-0.122806	0.006828	0.734020	0.527811	0.360199	1.976751	-2.127392	0.176973	0.292237	1.070281	0.078345	-0.609948	-0.682354	0.022316	0.909195	-0.208057
TCGA-AC-A3EH-01	-1.529809	-1.797561	-0.218789	0.747240	-0.361588	0.866211	0.619489	0.784239	0.495041	0.738495	-0.284703	-0.175320	-0.397700	-0.764678	1.582489	-1.247122	-0.766471	-0.846405	1.055099	-0.943996	0.776493	1.257789	-0.384507	0.410449	0.421004	-0.776414	0.681008	-0.151163	-1.144223	1.374366	-1.153316	1.299039
TCGA-AC-A3HN-01	0.679865	-0.285906	1.371537	0.124909	0.057976	0.085972	-1.155337	0.690450	-2.157576	0.658008	0.359169	-1.774088	-0.839902	1.250609	-0.779080	1.768989	-0.542818	0.677303	0.301729	-0.509690	-0.215710	0.118129	-1.392146	0.503746	0.392651	1.026855	0.513790	0.242517	-0.471847	-0.880155	0.856367	-0.701590
TCGA-AC-A3OD-01	-0.206849	-0.752766	-0.778084	0.420170	-1.187275	1.234114	-0.303504	-0.358747	-1.271895	0.764685	0.544852	-0.888900	-0.967435	0.535573	0.475398	1.466876	1.352346	-0.393455	0.595496	-0.418895	-0.242170	1.574468	-2.164199	-0.394781	0.453814	0.264318	0.078444	0.335853	-0.671304	-0.189269	0.700227	0.604299
TCGA-AC-A3QP-01	0.535315	-1.534664	0.740398	0.952350	-0.587359	-0.108856	-0.638051	0.902331	-0.349155	0.172908	0.821282	-1.583871	0.125844	0.407599	-0.255370	1.087772	-0.897141	0.348428	0.876546	-0.143675	-0.905865	0.653607	-1.147340	0.355027	1.357380	1.263087	0.589227	-1.423767	0.041210	-0.168456	-0.619408	-0.923725
TCGA-AC-A3QQ-01	-0.272612	-1.294357	0.149014	-0.534699	-0.132864	-0.613337	-1.455242	-0.696068	0.020853	1.130478	-0.319042	0.530992	-0.351545	-0.292785	0.879385	0.609573	-0.052962	-0.354826	1.141246	-1.366275	0.197936	1.704324	-0.833779	-0.258877	1.089300	0.318119	-0.381361	-0.050152	-1.683890	2.092217	0.882944	0.257902
TCGA-AC-A3TM-01	0.244393	-1.423035	0.301950	0.850824	-0.478839	0.037820	0.133128	1.083988	-0.827916	0.849212	-0.203960	-0.654570	-1.097855	-0.722076	0.584658	1.239919	-0.669816	-1.281160	0.763161	-0.497319	-0.018405	1.648369	-1.417899	0.349064	1.575314	0.233186	0.780696	-0.527948	-1.282549	0.480729	0.047138	0.005373
TCGA-AC-A3TN-01	0.248948	-0.563378	1.156940	1.148915	-0.819673	0.487195	-2.070591	-0.560347	0.166875	1.542508	0.396604	-1.213740	-0.228603	0.415088	1.047051	0.904672	0.405444	-1.932292	0.528472	-0.892404	-0.268403	0.947088	-0.535885	-1.137762	1.155314	0.103456	-0.353555	-0.885987	-0.905727	0.893778	0.557972	0.310992
TCGA-AC-A3W5-01	0.998374	-1.530448	0.054614	0.563516	-0.598673	0.054612	1.336043	-1.810784	0.494416	1.278492	-1.455217	-1.359329	1.253413	-0.835827	0.827309	-0.644108	0.700792	0.467421	0.225177	-1.806662	0.504114	1.942185	-0.240992	0.070586	0.482617	-0.549580	0.014911	-0.110691	0.395500	0.752197	0.093574	-1.635966
TCGA-AC-A3W6-01	-0.981921	0.019910	0.432229	1.117544	0.392757	1.064822	-0.173812	0.374235	-1.815073	0.217540	0.297155	-1.893999	-1.052761	-2.597261	-0.383988	-0.512244	0.532155	0.236283	-0.524986	0.182740	1.968607	1.026524	-0.609805	2.008042	0.245765	0.567899	0.349633	-0.837254	0.179064	0.357289	0.080829	-0.275534
TCGA-AC-A3W7-01	-1.237609	-1.854658	0.231648	1.478583	-0.109764	0.760101	0.105764	0.542285	-0.189811	0.175817	0.368873	-0.641238	-0.626515	-0.474588	-0.138757	0.859447	0.336198	-1.129978	0.056259	-0.505997	1.275845	1.159660	-2.166024	1.212613	1.334606	0.385763	0.982646	-0.185780	0.163773	-0.227236	-0.249542	-1.638826
TCGA-AC-A3YI-01	0.043020	-0.581670	0.161169	1.103375	-0.917685	-0.766003	-0.360246	1.685330	-1.440165	0.150598	0.706096	-1.062514	-0.513167	0.827662	-0.512559	0.450423	-0.866220	-0.111170	1.342993	-0.035466	-0.403414	1.326370	-2.089292	0.495786	1.138306	1.149184	0.009588	0.372254	-0.912378	-0.313778	-0.180611	0.154100
TCGA-AC-A3YJ-01	0.503356	-0.396579	1.038106	0.213214	0.993927	0.930883	0.125684	-0.576053	-0.944524	-0.128059	0.793215	0.503765	-1.774074	-1.487998	-0.898762	-0.085214	-0.047791	-1.060633	-2.142437	-0.284373	-0.257362	0.458426	1.750507	0.010821	0.204289	1.779879	0.214085	-0.956817	0.546440	0.287326	0.417191	0.154178
TCGA-AC-A4ZE-01	-0.859172	-0.531129	-0.621412	-0.065381	0.504552	0.464031	-0.965319	-0.580463	1.189226	2.235236	-0.607610	1.060165	-2.303298	0.885029	0.530247	-0.690928	0.038838	-0.656333	0.982119	-1.423198	0.615287	1.215727	-0.340145	-0.212774	-0.664465	0.094982	-0.244830	-0.191646	-1.132708	1.026693	0.795068	0.558630
TCGA-AC-A5EH-01	-0.275140	-0.308273	0.110637	0.186823	-0.660426	-1.010804	1.834429	-1.473569	1.488192	0.152667	-0.616930	-0.190342	-1.626612	-1.434307	0.657451	0.661430	-0.397140	1.009188	1.082273	-0.106014	1.647736	-1.188184	1.216042	0.464584	-1.266356	-1.241635	1.378356	-0.403781	1.112468	-0.230132	-0.261530	-0.520011
TCGA-AC-A5XS-01	-0.008260	-0.458347	-0.988790	1.163567	-0.035554	-1.412473	-1.057283	-1.649372	-0.214933	1.802566	-1.220795	0.875609	-1.420964	0.799465	-0.805757	0.985082	-0.794611	-0.266266	0.648785	-0.370841	1.285297	0.141937	-0.160560	0.346789	0.532835	-0.744445	0.961738	0.191150	-0.117107	1.403195	0.896457	-0.383454
TCGA-AC-A5XU-01	0.779281	-0.121613	-0.616231	0.332715	-0.796523	-0.761676	-0.575099	0.426553	0.590998	-0.063827	1.727724	0.684770	-0.898628	-1.160543	1.061196	0.600542	2.610981	-0.609271	-1.597380	0.196050	0.401610	-0.495064	-0.688369	0.424306	-1.633676	-0.084014	-0.522958	0.030048	-1.689837	0.861953	0.561026	0.938344
TCGA-AC-A62V-01	0.718519	0.466118	0.155012	-0.005456	0.414458	-2.054155	-0.925829	0.343780	1.328246	1.056548	1.050378	0.028335	-0.550018	-0.104803	-0.280616	-1.527145	-0.066676	-0.174927	-0.808023	0.336359	1.208368	-1.108460	0.092337	-0.636275	-2.374250	-0.495403	-0.713150	0.550607	-1.231027	2.023944	0.695162	2.355747
TCGA-AC-A62X-01	-0.202271	0.911378	-0.640231	-0.110862	-1.430702	-0.012481	2.991991	1.211149	-0.548433	-0.334618	0.756092	0.370410	-0.633983	1.503393	-0.111829	-0.539670	-0.272330	-0.042046	-0.092852	-1.064469	-0.472050	1.043781	-1.236425	-0.211881	0.032849	-0.685995	-1.792775	1.400977	1.658971	-1.728649	-0.135014	0.469029
TCGA-AC-A62Y-01	-0.783180	0.971679	0.598729	0.149692	1.085246	2.483094	0.674070	-1.712961	-1.229639	0.993870	-0.146373	-0.524275	0.222485	-0.085725	-1.355016	0.514041	-0.551016	-0.066559	-0.970447	-1.053809	-0.327850	0.529130	0.360665	-0.294267	-0.015070	1.497697	-0.670237	-1.700862	0.294585	0.100427	0.922295	0.110765
TCGA-AC-A6IV-01	0.330418	0.805019	-0.543870	-0.820572	-0.144181	-1.015492	-1.196592	-0.397758	-0.915178	0.408493	1.212703	0.931119	0.305090	-0.158330	-1.227288	0.579334	0.832112	0.524583	0.597303	-0.343828	-0.625126	0.417594	-1.061891	-0.899743	-0.426389	1.520948	-0.244842	0.302059	-0.432022	0.981081	0.257126	0.395367
TCGA-AC-A6IW-01	0.367018	0.365928	-0.615484	-2.291405	0.183364	-0.425076	-0.546659	1.145072	-0.335621	-0.714625	-0.172554	-0.665080	0.267053	1.266543	-1.427685	-0.518971	-0.172239	1.711176	0.688755	0.482726	0.222800	-0.039483	-0.477648	2.405291	-1.331309	0.471698	-1.354552	1.400564	1.090693	0.141689	-0.532694	-0.894036
TCGA-AC-A6IX-01	0.654354	0.459057	-1.379267	1.480573	-1.378353	-0.147863	-0.821392	0.980781	-1.059136	1.190899	0.975157	-0.825518	0.749796	0.077536	-0.099504	-0.738087	0.643715	-0.694208	0.196519	-0.272754	0.890848	0.439794	-2.292236	-0.051246	-0.582683	0.464260	1.299230	-0.140284	-1.009033	0.707321	0.568686	-0.231614
TCGA-AC-A6NO-01	-0.488716	-0.923134	0.333873	-0.578883	0.511102	-0.586546	0.834232	0.097771	0.888508	0.734735	-0.450610	-0.976305	-0.451897	-0.526566	0.623040	1.256981	-2.275167	0.551951	-0.109448	-0.709517	-1.266740	1.396759	0.509363	0.163712	1.521318	-0.174194	0.560871	-1.020679	-0.412482	1.557552	-0.769351	0.112825
TCGA-AC-A7VB-01	0.519899	-0.024925	-0.554160	-0.179650	0.258128	-0.175450	-1.381894	0.275511	0.869226	2.457327	1.325739	0.578776	0.272123	-0.383865	0.901824	-1.801175	0.706228	-0.912495	-1.797233	-0.127702	1.416067	-0.793801	-0.848534	-0.651994	-1.972008	-0.720794	-0.395325	0.601152	-1.132508	1.353570	0.734812	1.489435
TCGA-AC-A7VC-01	0.262887	1.720308	0.758439	-0.634668	1.275819	-0.761787	1.722561	1.919483	0.789338	-1.090333	0.672425	-0.681279	-0.471864	-0.501301	-1.432468	-0.836617	-0.919828	-0.182676	-0.621034	0.705379	-0.454084	-1.898909	1.121866	1.558492	-1.685220	-0.139323	-1.197559	-0.263554	0.270104	-0.190291	-0.332213	1.193962
TCGA-AC-A8OP-01	-0.489688	-0.937839	0.263509	-1.186887	0.664408	-2.591574	-1.129057	0.453641	0.908055	1.584469	1.343320	0.347846	-0.655837	0.475554	-0.982787	0.245675	-0.788168	0.503907	0.420619	0.693710	-0.128851	0.813032	-0.073834	-0.387085	-1.567691	-0.432698	-0.195479	1.155097	-1.491997	1.623872	0.472675	0.784736
TCGA-AC-A8OQ-01	1.023490	1.558020	-1.481892	-1.465919	-0.154706	-0.669383	-0.635587	-0.046443	-0.413502	-0.797143	-1.443644	0.972949	1.012140	1.501761	-2.013456	-0.050894	-1.320232	0.835181	0.377867	0.757424	0.098664	-0.417612	-0.794237	0.957657	0.721289	-0.149965	-0.706184	1.556487	0.781535	0.809551	-0.520525	-0.150830
TCGA-AC-A8OR-01	-0.042824	1.383549	0.947170	0.501433	-0.562257	2.150340	-0.501053	1.014567	-0.534750	0.481555	0.181281	1.181258	-0.300776	0.966625	-1.773591	-0.494430	-1.244023	0.344412	-0.250825	-0.746522	-1.725114	-0.837742	1.154324	-0.468295	0.193482	1.514779	-0.161367	-1.622874	-0.062830	-0.072758	-1.035113	0.346459
TCGA-AC-A8OS-01	0.421294	-1.937362	1.866149	0.283220	-0.509164	-0.909498	-0.926761	-0.656956	-0.063421	1.953900	0.179419	-0.383323	-0.612060	0.005757	-1.587847	0.383014	0.011206	-0.033305	-0.468917	1.064359	0.460145	1.025267	-1.690241	0.237483	0.803801	1.471296	0.680381	-0.186316	-0.597925	-0.478881	0.500470	-0.572947
TCGA-AO-A12B-01	-0.917881	0.201858	1.029765	0.713579	2.212451	1.650275	0.036148	-0.740470	0.751362	-0.757439	-0.992101	1.095320	-0.324820	-0.266287	-0.102750	0.402977	-0.111889	-0.170004	-1.588232	-1.057228	-1.674750	-1.152007	1.655439	-0.970011	-1.306207	0.816733	0.318835	-0.687611	0.208007	1.407806	0.147734	0.121362
TCGA-AO-A1KO-01	-0.223475	-1.175617	0.097167	0.190337	0.940335	0.248688	0.286557	0.331769	-0.536878	-1.410026	-1.251013	-0.299333	0.796444	1.832201	-0.426360	1.054585	-1.169095	-0.085982	-0.181339	0.067753	-1.897861	0.479784	-0.545745	0.830003	1.173207	0.596691	-0.007200	1.655213	0.555622	-1.565635	0.017178	-0.444803
TCGA-AO-A1KP-01	-0.815924	-0.405285	-0.085059	1.940086	0.075207	-0.589609	-1.216416	1.788424	0.918260	-0.429709	-0.442999	0.247343	0.546956	-0.590793	1.472453	0.052729	-0.265880	-1.404567	-0.508947	0.672484	0.296129	0.331051	0.885971	-1.515317	0.595072	-1.648258	0.517761	0.406495	-1.960399	-0.300146	-0.061139	1.481563
TCGA-AO-A1KQ-01	0.238630	0.432819	0.187654	-0.057158	1.399914	1.203429	-0.591464	-1.766546	0.439209	-1.182291	-1.277393	1.670110	-0.261510	-1.482937	0.186427	0.515925	-0.033898	1.570812	-0.157687	-0.132501	1.415006	-1.612660	0.806036	-1.588307	-1.172399	-0.830352	1.018525	-0.649251	-0.355440	1.621954	-0.733675	1.114399
TCGA-AO-A1KR-01	-0.256398	0.158600	-0.525410	-2.205506	0.556046	0.005068	0.447645	-0.246119	0.762815	-0.910696	-1.189261	0.446419	0.957938	2.157172	-0.521393	-0.259522	2.332405	-0.389025	0.768734	-0.428028	0.005870	0.476751	0.006211	0.367785	-0.055372	-0.802004	-0.783053	1.790550	-0.058701	-2.276613	-0.509637	0.095186
TCGA-AO-A1KS-01	0.053209	-0.164376	-1.493998	1.065091	-1.644253	0.427161	0.226993	-1.145984	-0.206033	-0.090146	-1.811879	0.179231	-0.032322	-0.982817	1.309768	1.111573	0.562850	-0.524283	0.198476	0.525968	0.924067	-0.283900	0.164099	0.104292	0.288665	-0.726307	2.737934	-0.215624	-1.314152	0.638394	-1.276976	1.476598
TCGA-AO-A1KT-01	1.157216	-0.906176	-0.518493	0.460198	1.560870	-0.654147	-0.374538	0.506691	-0.362322	-0.857674	0.422056	2.364216	-0.384777	-0.697723	1.216593	-0.944323	-1.198818	-0.750969	-0.807451	1.201759	0.213686	0.727549	0.987046	-0.224193	0.362530	-0.692033	-0.451912	-0.412263	-1.352779	-0.360469	-0.228585	0.861669
TCGA-AQ-A0Y5-01	0.320309	0.285824	-0.201574	3.244446	-1.163044	0.041660	1.821197	0.243031	-1.565886	0.399452	-0.445848	1.229624	-0.405520	-0.256830	0.016945	-1.846807	0.016221	-0.584884	-0.617801	-0.015097	1.298156	-0.714936	0.099319	-0.308706	-1.282493	-0.609883	1.227057	-0.233730	0.495727	-0.305562	-0.198851	-0.004488
TCGA-AQ-A1H2-01	0.129886	-1.142061	1.440765	-0.387795	0.763846	0.493564	-0.299894	-0.950207	-0.426048	-1.502799	1.358668	1.303036	-0.950564	-0.127131	1.578649	-1.149791	0.055355	-1.284751	-1.421395	-0.557707	0.060006	-0.381352	2.408214	-1.087982	-0.507770	-0.697505	-0.288076	0.872577	-0.614204	0.745973	1.619564	0.832387
TCGA-AQ-A1H3-01	-0.408089	-0.773698	-0.891170	0.411976	0.313339	0.893638	-0.007650	0.786383	0.111402	0.710951	-1.688110	-0.625562	1.314165	1.137815	-0.309726	-0.373826	0.307559	-0.768520	0.083387	-0.609846	-1.710931	1.568831	-0.609805	-0.304742	0.765490	-0.188574	0.786795	0.051368	-0.824938	1.147743	0.046869	-0.284060
TCGA-AQ-A54N-01	0.739665	1.379759	0.242344	-1.482015	-1.777621	1.456333	2.813603	1.535350	0.642425	-0.856479	-0.635585	0.255289	0.606698	0.659186	-0.727918	-0.823550	-1.428860	0.709623	-0.691123	-0.632887	-1.000030	0.293895	-0.365106	0.560065	-0.168916	-0.399762	-1.537642	0.831605	1.466946	-1.322687	-0.520820	-0.027368
TCGA-AQ-A54O-01	-0.401257	1.034163	1.378214	0.013480	1.701511	0.977810	-0.838093	0.093144	-0.500746	-0.126657	0.499911	-0.334578	-1.174781	-0.600049	-1.090482	1.064923	-1.811850	0.502351	-1.388094	0.192996	-0.726755	-0.514241	1.382159	-1.244246	0.436474	0.334193	0.824941	-0.494388	-0.078335	-0.031447	-0.771748	1.610535
TCGA-AQ-A7U7-01	0.337733	0.381115	-0.307694	-0.099068	-0.126093	-0.446597	-1.241113	-0.303153	-1.495344	0.526315	0.712860	-0.964574	-1.282994	-0.321491	0.485844	1.731494	1.050639	-0.261885	-0.069200	-0.502890	0.365100	1.327257	-1.482686	-0.034136	0.674947	0.507248	-0.986669	1.057327	-0.315019	-0.256751	0.906171	0.527622
TCGA-AR-A1AI-01	-0.006698	1.977427	1.015396	-2.250331	0.429053	0.516462	0.260792	1.097154	0.669951	-1.261903	-0.574148	-0.313378	1.676006	0.462717	-1.225682	-0.522761	0.560055	1.409797	0.139986	-0.116374	-0.226922	0.101597	0.824469	0.551595	0.383541	-1.718040	-1.483577	0.741930	0.660395	-0.377083	-2.480742	-1.267408
TCGA-AR-A1AJ-01	0.360094	1.523850	-1.313979	-1.128809	0.172205	0.861108	-0.646070	0.246562	0.261797	-1.375751	-1.259700	-1.322546	2.273469	0.407907	-1.420020	-0.350409	0.634575	0.433179	1.495814	0.852889	-0.929773	-0.419701	-0.560250	1.091946	0.320215	-0.978909	-0.734830	1.701747	1.324257	-0.474001	-0.792565	-0.469636
TCGA-AR-A1AK-01	0.259876	-1.455573	-0.381090	1.117455	0.546844	0.607023	-1.364561	0.197346	-1.026636	-1.107429	-0.098080	-0.525297	-0.348195	1.793722	1.262156	0.843732	0.650933	-0.598863	1.859816	-0.786261	-0.709966	0.245006	-1.292534	-0.237170	1.246448	-0.417773	-0.227652	0.978875	-0.145433	-0.455830	0.502312	-0.762147
TCGA-AR-A1AL-01	-0.170872	-1.265668	0.339682	-0.576950	1.511766	-0.893762	-0.806933	0.098338	0.256065	0.444283	-1.329496	-0.542620	-1.056945	0.866929	-0.235306	1.582590	-0.787437	-0.450572	-0.226774	1.082239	-0.635771	0.625834	-0.732029	0.789076	2.271070	0.961695	-0.001137	-0.053521	-0.667717	-0.376835	-0.473695	0.366838
TCGA-AR-A1AM-01	0.685288	-1.376886	1.484306	-0.434949	-0.000049	-0.783609	-0.489087	-0.698531	-0.874512	0.053201	0.127989	0.234006	0.936483	-0.021211	0.445560	1.528122	-0.619336	0.819909	0.512948	-0.256058	-1.310578	1.200796	-0.969169	-0.963868	1.688717	0.749046	-0.692376	-0.330525	-0.973370	0.437793	0.062847	-0.262958
TCGA-AR-A1AN-01	-1.317094	0.254602	0.651429	-0.060064	2.013685	1.641326	0.272202	-0.070951	-1.237236	-0.313037	-0.870514	-1.627163	1.051082	-0.858558	-0.046656	-0.198919	0.166458	-1.261691	-1.690938	0.584786	-0.082122	-0.833160	0.572800	0.743521	-0.682205	1.000354	0.638430	0.555917	1.043242	0.825293	-0.006271	-0.975686
TCGA-AR-A1AO-01	1.358132	-0.029483	-0.591001	0.182348	-0.538546	-0.595422	-0.508343	-1.197045	-1.178873	-0.614448	-0.920920	-0.882318	1.534931	1.138141	-1.901035	0.543927	0.073315	0.521796	1.995226	-0.616206	-0.192044	-0.740294	0.101599	0.955997	1.293278	0.629677	1.239035	0.289237	0.870556	-0.794309	-0.882026	-0.650342
TCGA-AR-A1AP-01	-1.445401	-0.738658	-0.808500	-0.000905	-1.670363	0.865939	1.316878	0.034347	0.227800	0.515066	-1.079229	-0.231385	-0.296640	0.501397	1.317416	0.324927	0.211320	-0.988660	1.087694	0.624839	-1.679338	0.660620	0.329165	-0.151851	0.026154	-1.101568	0.535396	0.423377	-1.220755	0.223890	0.987338	1.248218
TCGA-AR-A1AQ-01	0.946277	2.150856	-1.696212	-1.324687	-0.627267	1.622530	0.722489	0.096268	0.535633	-0.909175	-0.499100	-0.361985	0.026365	1.156723	-0.926910	-0.452843	1.760771	0.059953	0.888428	-1.056861	-0.408588	0.295489	-0.602427	0.253652	0.528462	-1.452783	-0.698841	1.729236	1.418334	-0.715044	-1.760419	-0.719525
TCGA-AR-A1AR-01	-0.748126	2.150651	-1.227395	-1.062494	0.060156	0.932103	-0.036951	1.077726	-0.050636	0.028207	-0.507630	-1.391510	1.727602	0.311534	-0.692440	-1.376556	0.577573	0.006492	0.779096	1.177605	-1.144264	-1.163041	-0.145843	0.702444	-0.193618	-1.537418	-0.274371	1.358979	2.048306	-0.720180	-0.599473	-0.245405
TCGA-AR-A1AS-01	0.573825	-1.430269	2.178374	-0.693933	0.631805	-0.686986	0.266467	-0.125351	1.504781	0.470354	-0.293634	-0.062291	-0.563745	-0.323116	0.852490	-0.084045	-0.373803	-1.795520	-0.250262	-1.295731	1.359155	0.194969	1.503004	0.165316	1.512236	-1.001868	0.392323	-1.599537	0.001775	-0.330720	0.349936	-1.253085
TCGA-AR-A1AT-01	0.144132	-1.175781	0.416623	1.015485	-0.683215	1.121609	0.108715	-0.251522	0.388422	0.397972	-2.182306	-1.043673	0.628561	0.112247	0.783332	-1.650861	2.032379	-0.088815	-0.360360	0.286341	-0.747219	1.152404	0.445137	0.504484	0.498837	-1.425841	0.488675	0.391660	-0.754660	-0.450233	-0.373605	0.192843
TCGA-AR-A1AU-01	0.957175	-0.034293	-1.228753	0.414885	0.939764	-0.826712	0.021522	0.505010	-1.783089	-1.029947	-0.957986	0.627396	0.586145	1.492051	-0.614088	0.724546	-0.864633	-0.803942	-1.567814	0.746166	0.457822	-0.418392	-1.370410	0.423115	0.787621	0.421409	1.499086	0.590264	-0.912918	0.168365	-0.312411	1.386309
TCGA-AR-A1AV-01	-0.273654	-1.616417	-0.191043	0.885893	0.316508	1.893784	-0.623773	-0.587050	0.207216	0.499632	0.583388	-0.208059	-0.534244	0.142811	1.489168	-0.367989	1.141756	-2.669724	-1.937053	-0.402807	1.160003	-0.056913	0.829457	-0.108637	-2.082874	-0.018760	0.686920	-0.288504	0.198059	1.185126	0.455271	0.307587
TCGA-AR-A1AW-01	0.431556	0.081094	-0.723578	0.771163	0.098899	1.726811	-1.416272	0.301272	-0.503857	-1.257997	-1.376428	-2.217827	-0.155041	-0.147790	-0.057550	-0.634775	1.656310	-1.503517	0.049160	0.772890	0.249309	1.526628	-0.503150	-0.018697	1.083131	-0.207521	-0.056392	0.923322	-0.434929	-0.005183	-0.127133	1.770474
TCGA-AR-A1AX-01	0.549752	-0.127383	-0.160189	1.692695	-0.456584	-0.403260	0.998154	0.045244	-3.357019	-0.035335	-0.179390	-1.419377	0.092875	0.112150	-1.267420	0.253994	0.597110	0.894672	0.822939	0.535308	-0.229782	0.734974	-0.367536	0.532491	0.380930	0.066866	0.950670	0.550175	-0.085523	0.502565	-1.546996	-0.708848
TCGA-AR-A1AY-01	-0.133438	0.202935	-0.856903	-1.122982	-2.182438	0.719879	0.855131	2.239745	1.065786	-0.496151	-0.994368	-0.562619	0.345057	0.345027	-0.875665	-0.182104	0.211683	-0.123157	0.415791	0.700496	-0.725417	-0.093152	-0.661669	0.954033	0.888957	-0.680698	-1.633616	1.327355	2.624113	-0.470551	-0.751068	-0.558932
TCGA-AR-A24H-01	-0.028252	-0.616034	-1.512183	1.304040	0.060489	0.391630	-0.208531	-1.265233	1.187717	0.406368	0.088649	-0.227821	0.188840	-0.546532	2.966479	-0.025708	-0.201705	0.726914	-0.301488	0.024688	-0.096430	-0.294875	0.049987	-0.565401	-0.309706	-2.396384	0.576074	0.791435	-1.039013	1.133186	0.308046	-0.609684
TCGA-AR-A24K-01	0.272851	-0.376717	-0.354280	1.676911	-1.129638	-0.452184	1.078947	2.286202	0.268561	0.597593	1.179391	-1.571596	-0.518829	-1.328893	1.090871	0.013093	0.163167	0.219687	-1.454205	-0.211856	-1.201158	-0.127345	1.053853	-0.281228	-0.469086	-0.315591	1.048213	-1.345931	0.094717	-0.326702	-0.970876	1.413248
TCGA-AR-A24L-01	0.518514	0.236975	0.186322	-1.015100	1.194203	-0.481563	-1.755472	-0.086597	0.240151	-0.617525	0.794818	1.157635	0.376125	0.459954	0.705225	1.068184	-0.875571	0.683911	-0.754835	0.051444	-1.014783	-2.089719	0.209857	-0.909305	-0.161837	1.168811	0.439618	-0.399293	-0.760034	1.534143	-0.357127	0.116246
TCGA-AR-A24M-01	-0.854058	-1.803341	1.795717	0.179042	0.016228	0.297653	-0.886085	-0.791602	-0.408992	0.244664	0.591981	1.304592	0.483104	0.479572	0.517760	1.332590	-0.011666	-1.390264	0.470345	-0.857267	-0.506621	-0.268296	0.084751	-0.335100	1.691026	1.175145	-0.111023	-1.116357	0.119023	-0.155624	0.290359	-1.640439
TCGA-AR-A24N-01	-1.575060	-1.016285	-0.092716	0.764283	-0.585256	1.937627	0.659794	1.148084	0.908818	0.067810	-0.810999	-0.484738	0.114096	-0.121872	1.395812	-1.075034	-0.131729	-1.080668	0.104364	-0.023625	-0.342459	0.312141	0.879491	-0.619448	-0.598389	-2.107092	1.431125	-0.002246	-0.541312	1.162673	-0.792246	1.168275
TCGA-AR-A24O-01	-0.508289	-1.599141	0.706703	-0.365836	1.328286	-0.896707	-0.867771	-1.817845	0.032748	-0.272683	0.023210	-0.208110	0.713425	-0.022039	-0.741344	2.199862	-0.279133	-0.435291	0.110030	-0.386365	0.045802	0.369921	-0.707295	1.209239	1.092497	1.316385	-0.020820	0.603997	-0.070861	0.030041	0.977555	-1.749931
TCGA-AR-A24P-01	-0.796497	-1.783362	-0.713463	0.235766	-0.176346	1.040049	0.401861	1.219730	0.442970	-0.378509	-0.199665	-1.225985	-0.286512	0.521717	1.527090	1.024607	-0.731909	-0.820705	1.138730	-0.964867	-1.578249	0.653584	0.951384	-0.746716	0.071010	-0.801086	0.722056	1.278557	0.462937	0.709079	-0.731723	-0.363805
TCGA-AR-A24Q-01	0.599210	1.597520	-0.604560	-1.247888	-0.967856	1.235910	0.640098	-0.023045	-0.165385	-2.094158	-1.439959	0.532080	-1.359972	0.490304	-0.350450	0.417426	-1.326055	0.641535	0.421138	1.426808	0.248501	-1.491857	-0.529407	1.061536	1.659828	-0.965620	-1.708526	0.922285	1.985008	-0.143784	-0.211040	0.564715
TCGA-AR-A24R-01	-0.245969	-0.065768	-0.593256	-0.697913	0.823849	1.010842	-1.170577	-0.996632	1.076897	0.482231	0.538738	0.708416	-0.254700	-0.302561	1.622204	0.595570	-0.382942	0.110917	0.703117	0.296586	-0.008444	-0.521353	0.134620	-1.944096	-0.498392	-1.941243	0.698464	0.132144	-1.464884	0.750485	0.369466	1.024149
TCGA-AR-A24S-01	2.010465	-0.116763	0.366377	-0.095380	1.074863	-0.272001	-0.051415	-2.270804	-1.165388	-0.789429	-1.751254	-0.454557	-0.032302	-0.782362	-0.467824	-0.258129	-1.122586	-0.395251	-0.637264	1.179468	1.512989	-0.232024	0.239214	0.067744	0.891679	1.164918	0.019195	0.659864	-0.400799	1.312331	-1.026389	1.652842
TCGA-AR-A24T-01	0.345417	-0.956033	-0.508727	1.196739	-1.655518	0.428208	-2.108053	1.941611	-0.333033	0.913314	1.311089	-0.473516	-0.706210	0.834176	0.270757	0.355101	0.072436	-0.597114	0.817405	-0.168182	-0.391712	0.181459	-1.033144	0.124229	-0.567564	1.018361	0.092382	0.191695	-1.581611	0.173248	0.326484	0.529525
TCGA-AR-A24U-01	-0.287016	-0.418872	-0.465607	-0.207403	1.113986	-0.646854	-0.044585	-1.833648	0.236767	-0.012600	-2.014708	-0.663579	2.236006	-0.881985	-0.548708	-0.639166	0.818741	1.063825	1.289873	-0.333973	0.185432	0.078702	1.061257	1.058862	-0.816180	-0.820160	0.837764	1.300018	0.064862	-0.059448	-0.358177	-0.489062
TCGA-AR-A24V-01	1.169666	-0.886551	0.847359	-0.177293	0.975966	-1.325555	-1.873292	1.314327	0.233417	-0.810814	0.694484	0.369451	-0.736302	0.470152	1.498772	-1.481066	-1.004060	-0.299454	0.814006	0.820523	-0.424761	-1.140685	1.832250	-1.608187	-0.905769	0.099131	0.049525	-0.153914	-0.099809	0.312453	0.150983	1.105885
TCGA-AR-A24W-01	-0.179216	-0.742001	0.661164	-0.053232	0.871065	-0.122143	0.053252	-0.661371	-1.029928	-0.629846	-0.412565	-0.649738	0.168463	1.412124	0.048481	1.853221	-1.645458	-0.174631	-0.077352	-0.244041	-0.951723	0.333908	-0.780042	-0.253399	1.721706	0.914357	0.612813	0.765935	0.488516	-1.272736	0.765572	-0.816790
TCGA-AR-A24X-01	0.140703	-0.487268	-0.203852	0.181100	-0.955164	1.090078	-0.959058	0.789913	0.336605	1.213680	-1.433115	-1.329308	-0.122156	0.179994	1.403458	0.077319	1.028286	-1.550723	-0.226199	0.191351	-0.856654	0.469875	-0.249279	0.109627	1.024641	-0.278393	0.512399	-0.319278	-0.819786	0.623372	-0.520512	1.000362
TCGA-AR-A24Z-01	-0.048325	-1.126243	0.452287	-0.045303	1.302572	-0.347247	0.289248	-2.003441	0.973374	0.338217	0.144127	-0.744808	0.737812	-0.816254	2.009014	1.022597	0.969730	-0.159870	-2.265327	-0.457712	1.303927	-0.903189	1.325247	0.623993	-0.486314	-0.635642	-0.333370	-0.602647	-0.707389	0.943142	0.819268	-1.805605
TCGA-AR-A250-01	-0.648797	0.869336	-1.244382	1.750178	0.192765	0.181837	-1.134187	-0.029403	1.869367	-0.066333	1.205513	0.862538	-0.900863	-1.260251	1.518962	-0.920598	1.095429	-1.300826	-0.391706	0.625001	1.200627	0.160665	-0.622299	-0.794196	0.475789	-0.512450	-0.421385	-0.233118	-0.331492	-0.735526	-1.006198	0.557842
TCGA-AR-A251-01	0.791700	2.076372	-0.573735	-0.939415	-0.602520	-0.135820	0.792151	-1.068816	-0.160372	-1.434020	-2.079552	0.099735	1.897945	1.003129	-1.042710	0.379371	-0.262818	0.654798	-0.060904	0.754985	1.322429	-2.144546	0.570961	0.807037	0.384623	-1.659208	-0.820940	1.680258	0.357294	-0.257572	-0.646671	0.000132
TCGA-AR-A252-01	0.190546	0.140790	-1.418061	0.510415	1.289165	0.303975	-0.954124	-1.470566	-0.762508	-1.369149	0.551363	-0.029850	1.208677	0.537408	0.008164	1.036185	0.906179	0.418685	-1.357760	0.056163	-1.022117	0.219836	-0.404393	0.636898	1.077319	-0.604717	0.871821	1.026321	-0.679004	-0.727884	-0.092829	-0.117598
TCGA-AR-A254-01	0.311547	0.364134	-0.253096	1.410390	0.427402	1.503143	0.202445	0.278992	0.263926	0.953586	-1.797498	-1.011582	0.644301	0.688296	0.800400	-0.460486	0.129381	-0.998400	0.380186	-1.363155	-0.113311	0.076925	-1.551355	0.355282	0.973296	-1.842149	0.618612	0.361179	-0.389269	-0.408762	0.396346	-0.854358
TCGA-AR-A255-01	0.015354	-2.222601	0.043792	-0.576481	0.477287	-0.293876	-1.191019	-1.201714	1.079434	-0.627041	0.691417	-1.040455	-0.721354	0.947064	1.996617	1.067593	-0.090227	-0.408321	1.088360	-0.512504	-0.166796	1.263422	0.542773	-0.671561	0.071977	-1.160360	0.452311	1.324680	-0.904910	0.564124	0.176650	-0.048537
TCGA-AR-A256-01	0.240940	1.037251	-0.212664	-2.881330	-0.186073	0.392106	0.287941	0.291751	1.170005	-0.414838	-0.678365	0.503716	0.786820	1.626612	0.001141	-0.291429	-0.988066	0.301910	0.859370	0.389731	0.924239	-1.422967	0.436496	0.764338	-0.796926	-1.016812	-1.850238	1.909080	1.080972	-0.496856	-0.438012	-1.710049
TCGA-AR-A2LE-01	-1.017410	0.183939	1.306258	0.156611	0.225400	-0.537983	0.067343	0.682011	0.186795	0.623912	0.503624	0.162754	0.104145	-0.374946	-0.348938	-0.400408	-1.229999	1.424345	0.545367	1.067273	-1.201146	-0.740330	-0.169823	-1.843597	-1.095517	0.126142	0.280847	-1.643012	-0.075317	0.901158	0.934310	1.030206
TCGA-AR-A2LH-01	-0.853713	-0.525632	0.236914	0.341491	0.033538	-1.392887	0.091937	1.149044	-2.123786	0.382791	0.305864	-0.127207	-0.025190	-0.404169	-1.263472	0.035926	0.012493	1.108063	2.486726	-0.584448	-0.574882	1.975903	-0.951704	0.810132	0.695726	0.546424	-0.351962	0.490722	-0.140174	-0.498854	-0.006422	-0.883078
TCGA-AR-A2LJ-01	0.655307	0.106466	-0.091490	0.165280	-0.871272	-0.164058	-0.234167	1.001118	-2.142304	0.258835	-0.052338	-1.044491	0.077189	0.263521	-0.938218	0.730893	-0.211909	0.109548	-0.015181	1.270927	-0.561819	1.193057	-1.686643	0.002234	0.674752	1.879496	-0.091166	-0.241574	-1.067475	-0.542496	0.392680	1.162327
TCGA-AR-A2LK-01	-0.128869	-1.002696	0.030629	1.062924	-1.263194	0.561913	1.130492	0.728463	-1.959978	0.640036	1.934844	-0.100914	-1.127374	-0.682618	0.607246	-0.789108	-0.100345	-0.533236	-0.871315	0.701554	-0.297832	1.612832	0.301572	-0.142031	-0.706407	-0.324784	-0.424742	-0.328378	-1.138643	0.554870	-0.198265	2.289467
TCGA-AR-A2LM-01	0.193899	-0.846192	0.903457	0.436710	-1.107008	-0.323009	0.617447	1.376063	-2.280140	0.565725	0.546751	-1.231887	-0.361705	-0.326976	0.116602	1.011467	-1.198125	0.536057	0.879280	0.041654	-0.854296	0.989215	-1.570301	0.368239	0.689208	1.058168	0.760839	-0.833089	-1.035597	0.252196	0.015597	0.666066
TCGA-AR-A2LN-01	-0.142461	-1.620323	1.546481	0.716660	0.237820	-0.902097	-0.127058	0.723314	-1.705984	1.279829	0.630036	-0.827898	-0.603189	0.200663	-1.241030	1.491625	-0.343680	-0.470724	-0.333857	0.642705	-0.446770	0.859793	-1.924197	0.739176	0.569131	1.536821	-0.117941	-0.329029	-0.370666	0.204804	1.007749	-1.014827
TCGA-AR-A2LO-01	0.448608	0.155225	-0.488370	-0.498815	-0.492168	-1.246806	-0.857936	1.642167	-1.089591	0.253707	1.684084	-0.124385	-0.061541	-0.053524	-0.984421	1.176968	0.097660	0.734145	0.722103	0.275247	-1.151011	1.066026	-2.036841	-0.187947	0.781000	0.557436	0.035286	-0.246164	-0.742331	0.446060	-0.251865	0.415404
TCGA-AR-A2LQ-01	-0.190134	-0.558189	0.132512	0.354686	-0.688013	-1.515489	0.377251	0.832337	-1.311495	1.474418	0.477465	-1.494546	-0.231245	0.255640	-1.752605	0.172298	-0.890840	0.686423	1.364441	0.020241	-1.210261	1.082887	-1.523596	1.615659	0.125287	1.448662	-0.039235	0.722074	0.418780	-0.627342	0.660263	-0.302913
TCGA-AR-A5QM-01	-0.464262	-0.809343	0.304437	-0.798908	-1.181437	-0.146354	-1.605035	-0.336991	0.259153	2.211445	1.155343	-0.810107	-1.003928	0.273860	-0.606575	1.353549	0.588228	-0.240155	0.015110	-1.014835	0.936053	1.949788	-0.221707	-0.821861	-0.595188	0.908134	-0.120252	0.052496	-0.573836	0.518480	0.402547	0.390256
TCGA-AR-A5QN-01	-0.429681	-0.166641	-1.601230	1.129439	-0.727380	-0.043065	-0.663220	0.048396	0.334269	1.390763	0.977233	-0.572983	0.528933	0.658313	-0.160862	0.205927	1.451189	-0.927001	-0.993105	-0.038759	-0.006197	0.499233	-2.885077	-0.081282	-0.104056	0.286710	0.843111	-0.011065	0.183436	0.426922	0.565690	-0.056647
TCGA-AR-A5QP-01	-0.211671	-0.968789	-1.204473	1.105519	-0.746077	0.065911	0.294370	1.248432	-0.244085	0.171112	0.337115	-0.404174	-0.261715	1.724233	-0.492655	0.526498	-1.328814	-0.101771	0.351668	-0.140045	-0.556828	1.734751	-1.499458	0.322573	0.466050	0.501360	0.221798	0.471084	-1.162622	-0.591594	-0.442249	0.895653
TCGA-AR-A5QQ-01	1.268101	1.211436	-1.292934	-1.110533	-1.166705	-1.579765	-1.080935	0.945568	0.795856	0.206957	-0.233359	0.117336	-0.518175	0.899629	-2.195628	0.054946	0.852439	-0.745091	2.181349	-0.664017	0.372758	-0.588618	0.080858	-0.023400	1.068732	-0.455562	1.087195	-0.173830	1.637490	0.194488	-1.586889	0.345232
TCGA-B6-A0I1-01	0.520486	0.228720	-0.571475	-2.124526	-1.540959	0.253759	2.717108	0.840953	1.303901	-0.965195	0.819169	0.020506	0.737057	0.217713	-0.323697	-0.670598	-0.492972	0.631162	-0.178942	0.215442	-0.804350	-0.341169	-0.432228	0.806056	0.465990	-0.735863	-1.708231	0.510928	2.575420	-0.405138	-1.452512	-0.384103
TCGA-B6-A1KC-01	0.084013	1.198822	-0.511311	0.831176	1.269531	-0.955053	0.092448	0.625797	0.033317	-0.455198	0.920553	0.761365	-0.572164	-0.493503	0.154195	-0.367353	0.865781	0.763869	-1.294516	0.599915	1.190916	-0.983668	0.178529	-0.435757	-2.515188	-0.164971	-1.249055	-0.432168	-2.256031	0.515936	0.743521	1.756974
TCGA-B6-A1KF-01	0.415430	-0.379700	-0.627229	-1.251479	-0.636280	-0.201047	1.561180	1.079740	2.099480	-1.160422	-0.400559	0.352170	1.760632	1.930365	0.440492	0.060075	0.534710	-0.642076	0.792673	-1.348228	0.439392	-0.872581	-0.788293	0.934017	-0.459147	-1.180662	-2.687360	0.781563	1.225658	-0.748204	-0.745832	-0.409036
TCGA-B6-A1KI-01	0.083311	-1.344083	1.529000	-0.113447	1.911755	0.424108	-0.900958	-1.301160	-0.439061	0.256094	-0.648198	-0.488859	0.382460	0.164935	-0.831338	0.803111	-1.240079	-1.074399	-0.546585	-0.134762	-0.262844	0.129741	1.346905	0.040712	-0.385574	2.361006	-0.513503	-0.279195	0.859571	0.414123	1.014647	-1.461444
TCGA-B6-A1KN-01	-0.839833	-0.689120	-1.048280	0.130558	-0.276884	-0.845066	-1.707253	-0.690835	1.480754	0.057242	1.339103	0.126603	0.098799	0.391690	1.072811	-0.756614	0.514063	-0.815907	1.196652	-0.172595	0.461816	0.898871	-0.593689	0.192712	1.021476	-1.568606	0.525944	0.930822	-0.537607	0.865706	-0.336425	-0.499999
TCGA-B6-A2IU-01	-0.258120	-0.084097	0.825801	-0.495695	-0.514175	-1.658216	-0.533871	0.194026	-0.112916	0.294664	0.163336	0.396789	0.228272	-0.677590	-0.085627	1.475863	-1.019929	1.346098	0.377702	0.168549	-0.743481	1.148093	-1.107290	-1.486998	0.950472	0.768959	-0.162438	-0.862832	-1.104722	1.138773	0.931603	0.390298
TCGA-B6-A3ZX-01	1.131005	1.241674	-1.372927	-1.216335	-0.388306	0.781706	-0.651052	0.264484	-1.680810	-1.631771	-0.139017	-0.298184	-0.076012	0.295592	-1.253349	0.558771	1.226618	1.394928	0.730288	0.451873	0.408399	-0.229833	-0.162893	0.521529	0.496550	-0.856894	-0.578521	1.757865	2.065998	-0.744382	-0.990662	-1.193017
TCGA-B6-A400-01	1.412628	1.443355	-0.360567	-2.364581	-1.079434	0.297992	0.423403	0.828865	1.080598	-1.138497	-0.042370	0.944972	-0.170724	0.370705	-0.864730	-0.023877	-1.197554	1.469034	0.434217	0.778765	-0.928831	-0.773427	-1.507382	1.489013	0.691398	-1.316129	-1.526034	0.727961	1.463712	0.104316	-0.121906	-0.914326
TCGA-B6-A401-01	-0.570419	-1.202651	-0.434069	-0.014623	0.560227	-0.554221	0.660845	-0.825376	-0.495438	1.360208	-0.852991	-0.564829	-0.348692	0.620857	-0.326954	0.421143	-0.530205	0.298323	1.512102	-1.291638	-0.629637	2.652950	-0.078087	-0.103306	1.251525	-0.559601	0.063178	0.739907	-0.015515	0.001333	0.065134	-0.766210
TCGA-B6-A402-01	0.782792	1.503647	-0.252543	-1.784208	-1.303075	1.405955	1.632935	1.916749	0.604552	-1.507009	-0.427772	1.287897	-0.193477	1.272439	-0.542098	-0.181262	-1.575627	1.301252	0.037334	-0.302337	-0.122484	-0.597472	-0.837017	-0.014410	0.798152	-0.965196	-1.626511	-0.362172	2.097582	-1.457902	-0.439023	-0.297430
TCGA-B6-A408-01	0.038890	-0.447192	-0.141980	0.300080	-0.524963	0.357720	0.167283	1.324425	0.481487	-0.403428	1.402418	0.260901	-0.875684	-2.569865	0.413707	0.565918	-1.443567	0.800606	-1.747245	1.312721	0.827696	0.363893	0.453749	-0.175274	-0.676579	-0.738740	1.521231	-0.604709	-0.955241	1.130698	-1.184970	0.558657
TCGA-B6-A409-01	0.793690	1.458645	-0.772555	-1.723030	-0.517161	-0.162908	1.219889	-0.806789	0.257533	-0.286883	-0.682979	-0.062157	0.849442	2.597173	-2.427453	0.697598	-0.558756	0.950746	-0.155297	-0.450615	0.589614	0.017448	-1.084718	0.859461	0.711038	-1.080952	-1.191047	0.780759	1.238675	0.191032	-0.828124	-0.667451
TCGA-B6-A40B-01	-1.858993	-1.691617	-0.402224	-0.911240	-0.284701	0.314753	-0.848309	-0.040674	0.458170	0.723362	1.252330	-0.184985	-0.971043	-0.393959	1.028428	0.892917	-0.464541	-0.650789	1.054669	-1.247247	1.137886	1.809390	0.171156	-0.350457	-0.629045	-0.704461	0.802173	0.980922	-0.071017	1.166259	-0.267382	0.256834
TCGA-B6-A40C-01	0.565941	-0.075539	-0.170821	0.238756	-0.460045	-0.044917	-0.291371	0.856599	0.604194	2.080532	-0.454452	-1.505891	-0.571867	0.657744	0.302889	0.018850	0.171896	-1.641536	-0.108314	-0.202673	-1.089864	1.176344	-1.175774	-0.121100	0.423227	-0.743184	-0.193744	-0.429544	-1.175892	2.093045	0.304126	0.964107
TCGA-BH-A0AU-01	0.715588	0.387127	0.819030	-0.689078	0.837120	0.523676	-0.978054	-0.717875	0.445255	-1.571169	0.199354	-1.631742	0.496475	-0.385504	0.738070	-0.104731	-0.139658	0.116322	-1.445439	-0.226660	-0.856035	-0.255639	-0.546710	-1.160265	1.047368	0.293804	1.233959	0.734400	-0.061248	1.176632	-0.895122	1.890673
TCGA-BH-A0AZ-01	0.746841	-0.771527	-0.533201	-0.145815	0.193373	-0.413029	-1.245160	-0.970887	-0.221957	0.103391	0.279627	-0.368042	1.170860	1.378354	0.820392	1.485982	-1.021045	0.139188	-0.578758	0.185444	-0.483640	0.116444	-0.429847	-0.186196	1.810706	0.800205	-0.452803	-0.600128	-0.678270	0.459674	0.120536	-0.817425
TCGA-BH-A0B5-01	-0.578032	-1.061642	0.163485	-1.234228	-0.466229	-0.143778	-0.854000	0.208290	2.061215	0.202057	0.252034	-0.863560	-0.777954	-1.219346	1.640124	1.736683	-0.552446	0.095726	1.453629	-0.047741	-0.229065	0.390383	-0.104013	-0.380991	0.102553	-0.725236	0.869592	-0.059278	-0.814999	1.940123	-0.661216	-0.453107
TCGA-BH-A0BF-01	0.658552	-0.218147	-0.621174	-0.676210	0.795797	-0.034369	0.548191	-0.114319	0.415976	-0.000090	-1.247417	-1.225731	0.093820	0.318878	0.734158	-0.048621	-0.105663	-0.790196	2.138140	-0.505475	-0.107594	0.925467	-0.336435	-1.238857	-1.140284	-0.601897	1.640425	1.136254	-1.405727	1.351043	-0.718993	0.426274
TCGA-BH-A0BS-01	0.268648	-0.688961	1.009892	-0.890592	0.633259	-0.350221	-0.545485	-0.697171	0.118738	0.019246	0.245931	0.436134	1.045928	-0.290962	0.713919	0.571468	-0.981543	-1.008357	-0.268381	-0.185916	-1.499569	0.322739	1.336334	-0.548420	1.754646	0.736857	0.365307	-1.050878	-0.233526	0.532706	0.027199	-1.089214
TCGA-BH-A0BT-01	1.843911	-1.380019	0.712628	-0.033956	-0.216064	-0.403938	0.413332	-1.876323	0.879960	-0.787453	-0.412104	-0.757478	0.696834	0.462979	1.219760	0.738024	-0.691797	-0.702379	0.442478	-0.448106	-0.265980	0.988411	-0.549681	-2.051933	0.766703	-0.292336	0.538849	0.518693	-0.486041	1.581267	-0.888630	0.361253
TCGA-BH-A0BZ-01	-0.415521	0.233425	0.733841	-1.008146	0.166707	-1.686127	-1.008796	0.552775	1.418140	0.249631	-0.315236	0.397261	0.557721	0.683489	0.173200	-0.718340	0.493159	0.183119	0.291285	-0.455623	-0.117536	0.405531	-0.973045	-1.412138	-1.013434	-0.589537	0.326527	1.375458	-0.742282	0.513089	0.670133	0.906049
TCGA-BH-A0C3-01	0.707443	-0.067544	0.056546	-0.660156	1.840335	-0.746137	-1.798427	-0.187435	0.903818	-0.108453	-0.742724	-1.412754	1.927042	-0.344911	-0.453175	0.314845	-0.257612	0.727753	-0.223886	-0.303757	-0.339467	-0.386867	0.447988	0.159289	-1.160978	-0.191942	1.144995	0.690497	0.040169	1.018129	-0.203089	-0.639583
TCGA-BH-A0DD-01	0.711581	-0.003210	1.174405	-0.231998	1.612491	-0.436532	-0.587104	-0.139594	0.223611	0.112695	0.502808	-0.423654	-0.176504	0.787235	0.643455	-0.394926	1.594074	-1.301328	-2.024804	0.550429	1.271581	0.907056	1.604875	-1.414727	-0.710571	-1.450145	-0.887083	-0.127292	-2.013151	0.523263	-0.709023	0.616579
TCGA-BH-A0DG-01	-0.383263	-0.609342	-1.249756	0.502625	0.052080	0.465048	-0.519807	-0.396715	-1.222179	-0.219845	0.948210	0.607443	0.579325	-0.138218	0.212350	0.526997	0.165719	-1.104845	-0.142528	0.287034	0.323881	0.832821	-1.083928	0.658144	0.873579	0.270236	0.515254	0.041524	-0.134587	-0.286037	1.450157	-1.863612
TCGA-BH-A0DI-01	0.632594	-0.782218	-0.601226	0.499972	0.385529	-0.572948	-0.743356	1.332799	-0.318885	0.295826	0.033044	-0.902101	-0.954247	1.274617	0.792666	-0.183870	1.294722	-1.490469	1.010390	-0.096085	0.128521	0.633074	-1.878843	0.300129	-0.247126	0.237537	0.434888	1.072085	-0.647160	-1.055489	0.278420	-0.071241
TCGA-BH-A0DV-01	-0.878906	-1.118847	-0.169329	0.517642	1.004543	-0.742190	-0.219459	-0.145544	-0.453154	0.592042	-1.483112	-0.395079	0.335053	-0.740544	0.344552	0.274321	-1.161455	-0.648115	1.955891	0.046998	-0.237407	0.773055	-0.901572	1.614090	1.201914	1.085349	0.796335	0.348298	-0.737096	-0.651002	0.866260	-1.102652
TCGA-BH-A0E2-01	-0.373650	-0.248400	-2.162673	-0.056182	-1.427239	0.777091	-0.547573	1.167989	-0.452133	1.168544	2.517364	0.850955	-0.302796	-0.765315	0.700179	0.312377	-0.275346	-0.173190	-0.863874	0.266544	0.499875	-0.015345	-0.439797	0.037422	-0.959936	-0.525347	1.660000	-0.053582	-0.795980	0.347701	-0.360643	0.514512
TCGA-BH-A0H3-01	1.063728	-1.061227	-1.252452	0.281577	0.013194	0.355419	-0.654393	1.494097	-0.626449	-0.646529	0.153617	-1.908933	0.911422	0.114872	0.973531	0.726506	-0.519593	-0.394738	0.868448	0.407249	-2.262537	0.631198	-0.632818	0.138481	0.823521	0.346071	0.500796	0.004705	-0.340741	0.704876	-0.306435	0.133091
TCGA-BH-A0HA-01	0.947042	-0.034644	-0.666747	0.357963	0.085596	1.539220	-1.032994	0.185180	0.635641	-1.100076	0.865094	-0.722723	0.260249	-0.919540	1.090958	1.603112	0.655803	-0.888437	-0.064471	-0.288371	-0.673440	-0.654364	-1.821667	-0.781150	0.452274	0.424441	1.078995	-0.937488	-0.313839	0.914731	0.108726	-0.227063
TCGA-BH-A0HN-01	0.373794	-0.215180	1.467499	1.047866	0.288317	0.632414	0.393927	-0.751016	0.300599	0.352036	0.507073	-2.236198	-2.244256	-0.716265	1.562890	-0.557909	-0.854079	-1.189745	-1.692841	-0.813321	0.241397	1.051251	0.802586	-0.985669	1.036343	0.328527	0.087790	-0.418107	-0.098178	1.314684	-0.136265	1.151558
TCGA-BH-A1EN-01	-0.364289	-1.219577	-0.990068	1.773816	-1.053353	1.879716	-0.741491	-1.368548	1.008299	1.296136	-0.301923	0.213185	0.657234	0.498581	0.457406	-2.632808	1.231103	-0.503853	-0.955733	-0.980983	0.939887	0.307423	0.154445	1.094770	-0.636750	-1.039786	-0.267822	-0.724344	1.225211	0.668140	0.894118	-0.583043
TCGA-BH-A1EO-01	0.163111	0.176236	0.065689	1.535178	-0.666471	-0.637608	-1.579246	1.682898	0.649154	0.219945	0.455312	-2.328016	-0.259283	0.158919	0.819527	-0.638223	-0.065331	-1.176900	0.515862	1.309484	-0.051866	0.203529	0.455044	-1.109134	-0.521244	0.157234	0.482855	-0.875176	-0.620029	0.564876	-0.472169	1.305906
TCGA-BH-A1ES-01	-0.308146	0.126982	-1.254772	1.506796	-0.288464	0.119664	0.137979	1.683427	1.100001	-1.354863	-0.286642	0.155278	1.611101	-1.280079	1.250155	0.397774	-0.132314	-1.635725	0.432873	0.026023	-0.465741	-0.312175	-1.322726	-1.671698	-0.230728	1.034711	0.944196	-0.270366	-0.017103	0.039601	-0.470516	0.858823
TCGA-BH-A1ET-01	0.077849	-1.811276	1.087425	0.547851	0.172740	0.054330	-1.649251	-1.653450	0.771433	-0.224200	0.230851	-0.105307	0.823967	-0.186417	1.156594	1.258174	0.437119	-0.927628	-0.736835	-0.094941	-0.593152	-0.273204	0.034630	-0.961279	0.615619	1.058645	0.240826	0.023045	-0.086250	0.979182	0.282002	-0.679886
TCGA-BH-A1EU-01	-0.577700	0.029414	0.594695	-0.587133	1.150287	0.826228	-1.316487	-0.536859	-1.240537	0.081723	-0.630994	-0.362675	0.652200	0.603866	-1.166707	0.996983	0.741200	-1.039277	-0.107022	0.366006	-1.716683	0.461360	-0.042989	-0.353447	1.070285	1.009309	0.951887	1.086519	-0.566734	-0.023937	-0.081901	-0.328828
TCGA-BH-A1EV-01	-0.611415	-0.460380	-0.820627	1.785598	0.451962	1.810167	1.551411	-0.244641	-0.509773	-0.437113	-0.369328	-1.704909	0.025577	-0.827484	1.892294	-0.477934	-0.769200	-1.208529	-0.062091	-1.214135	1.063711	1.381861	0.209033	0.684456	1.065615	-0.273467	-0.499071	-0.754391	-0.120299	0.327577	-1.196419	0.529496
TCGA-BH-A1EW-01	0.900276	-0.544903	-0.714411	1.240356	-0.396230	1.300169	0.277277	0.001682	-1.341203	0.349777	-1.079105	-0.512810	1.154346	0.629201	-0.249242	0.078874	1.436986	-1.917638	-0.487993	0.897779	-0.095606	1.101802	-1.105262	-0.974837	-0.480833	-0.235727	0.890816	0.547160	-1.456717	0.355093	0.077480	0.375741
TCGA-BH-A1EX-01	0.995450	-1.411248	0.310157	-0.719409	1.248682	-0.444716	1.208439	-1.570885	0.438107	0.632376	-1.652353	0.015800	0.980645	0.206491	0.717223	-0.746019	-0.787589	-1.108757	0.383065	-1.254867	0.403680	2.442390	0.361583	-0.137331	0.754068	0.078453	0.084726	-0.154975	-0.517860	0.325833	0.413013	-1.614932
TCGA-BH-A1EY-01	-1.861502	0.192790	-0.905464	0.592980	0.518996	1.966295	0.906528	-1.567037	1.050174	1.091357	-1.009686	-0.134886	-0.776213	-1.605573	0.426777	-0.049909	-0.276263	1.094448	1.438208	-0.158458	0.102272	-0.073166	0.530606	0.542092	-1.320541	-0.646226	0.792216	-0.176367	-0.387934	-0.646562	-0.277911	0.658397
TCGA-BH-A1F0-01	0.320464	0.846060	-0.667135	-1.460781	-0.237809	-1.020636	-0.573458	-0.207954	-1.105358	-1.688934	-1.499748	0.293048	1.923653	1.079707	-2.080971	0.310128	1.043167	0.479434	1.457154	0.542377	0.198730	-1.041178	1.185703	1.356115	0.110620	-0.855143	-0.368121	2.281886	0.251222	-0.347518	-0.371422	-0.449665
TCGA-BH-A1F2-01	-0.296879	-1.324009	0.874594	0.331843	1.492644	-0.903100	-0.526830	-1.882449	1.720666	1.336501	-0.768548	0.585216	0.837669	-1.032677	1.206092	-1.385257	0.238910	-0.356676	0.125778	0.595820	1.767588	-0.198547	0.712248	0.089672	-0.848205	-1.227405	-0.648859	0.131823	-0.099469	0.094285	0.383149	-1.363593
TCGA-BH-A1F5-01	-0.522586	0.059429	1.597319	1.159796	0.944406	0.627805	-0.512960	0.099886	-0.482645	-0.226196	-1.135448	-0.259356	0.158787	0.298028	1.736697	-0.185918	-1.355937	0.275437	0.292495	0.044303	0.575898	-1.378189	-1.372722	-1.953069	0.684844	0.070737	1.780344	-0.665035	-0.613617	-0.730239	0.227708	0.871878
TCGA-BH-A1F6-01	0.323925	0.665087	-1.910066	-1.332988	-0.554361	0.250650	0.935290	0.853323	1.651538	-0.151564	-0.772111	-0.307555	1.390885	1.411144	-0.700516	-0.563944	1.226069	0.581645	1.444872	-0.053203	0.272411	-0.198566	-1.097955	-0.196688	-0.759784	-1.917938	-1.482850	1.363443	1.678857	-0.208460	-0.540578	-1.481965
TCGA-BH-A1F8-01	1.259276	-0.586865	-1.574112	0.972326	0.064875	1.080707	-1.026063	0.036791	-0.214490	-1.693777	0.810957	0.207542	0.890390	-0.928518	1.844705	-0.929602	1.699871	-2.594313	-0.411121	-0.004776	1.517926	-0.036874	-0.146515	0.240638	-0.890449	-0.254999	0.147465	0.116388	-0.108217	0.128109	-0.155839	0.593169
TCGA-BH-A1FB-01	0.303712	-0.288935	-0.027134	0.502984	0.041036	0.117093	-0.624890	0.482305	-1.215993	-1.127408	0.182464	-1.515687	-0.153400	1.010198	0.284504	1.183501	0.203508	0.498228	1.374355	0.577048	-1.437509	0.510806	-1.668193	-0.231921	1.322664	0.652946	0.935981	0.161191	-0.315344	-1.299435	-0.421057	0.058381
TCGA-BH-A1FC-01	0.133439	1.601051	-0.756900	-0.512728	0.056605	2.200894	0.011250	1.568868	0.666462	-0.247672	-0.930062	-0.971693	0.436734	0.833236	-0.623516	-1.134894	1.254691	0.352781	0.294034	0.233087	0.511745	-0.341658	0.018460	0.784843	-0.820964	-2.958897	-2.675610	0.876373	1.290889	-0.019421	-0.715905	-0.597422
TCGA-BH-A1FE-01	0.492779	-0.051010	-0.716357	0.403343	1.279080	-0.412875	-0.844064	-0.471616	0.451948	-0.671681	-1.289387	-0.476284	-0.625899	-1.133627	0.572264	0.967003	-0.171489	-0.133744	1.085449	0.677513	-0.485210	1.385119	-0.911404	0.327626	2.151616	0.385388	-0.290574	0.065188	-1.140457	-0.862639	-0.097859	0.552996
TCGA-BH-A1FG-01	-0.629589	0.485104	0.997069	0.954962	0.186245	1.190545	-1.122627	1.378315	-1.181591	-0.306550	0.051416	-0.502525	0.048238	1.235533	0.423580	0.316574	-1.095667	-0.154841	-0.148967	-0.396683	-0.826691	-1.258144	-0.732026	-1.672100	-0.187512	0.234106	1.687320	0.484247	0.324720	-1.313046	0.274805	1.394287
TCGA-BH-A1FH-01	0.208298	-1.445880	-0.732328	1.277330	0.067759	-0.854360	0.680396	0.380992	-1.553943	-0.178355	0.974737	-0.110937	0.427854	0.380876	-0.381276	1.202182	-0.981362	0.630435	-0.543707	0.969343	-1.914592	0.248540	-1.183708	1.127757	0.776907	1.387787	0.042740	0.134374	-0.326520	-0.209688	-0.115788	-0.473663
TCGA-BH-A1FJ-01	-0.231157	-0.727522	1.512262	-0.074276	0.651427	0.601838	-1.635532	-0.427936	1.135295	0.822288	-0.734126	1.112720	-0.804577	1.582202	1.342524	-0.135215	0.171377	-1.273688	-0.294123	-0.862294	1.697211	-0.408666	0.386862	-2.118666	0.218841	-0.691317	-0.490071	-1.301486	0.434056	0.846064	1.016659	-1.408119
TCGA-BH-A1FL-01	0.965589	-0.418362	0.339511	0.148618	0.751888	0.307912	-0.622860	0.566865	1.024469	0.864531	-0.623242	-2.520490	0.220526	-0.315395	1.618344	-0.011250	-0.424952	-0.528360	-1.144961	0.126961	-0.552569	0.129357	-0.819979	-0.461662	1.245087	-0.694464	0.934404	-0.799003	-0.972296	1.653029	-0.968886	0.972849
TCGA-BH-A1FM-01	0.698383	-0.175753	0.756141	-0.080399	0.627812	0.152265	-0.125857	0.332230	-0.264946	0.018710	0.929716	0.773889	-0.157019	-0.890661	2.530398	-0.647352	-0.266833	-0.293514	-1.658311	1.081098	0.072486	-2.315939	2.103392	-0.658834	-0.743636	-1.341799	-0.892652	0.395079	-0.472302	0.769252	-0.320823	-0.189598
TCGA-BH-A1FN-01	1.247744	1.333323	-0.433682	-0.204600	0.551850	0.804717	2.966013	-0.219932	-0.634682	-0.901978	-0.168195	-0.899329	0.518267	-0.798811	0.682670	0.126409	-1.094414	-0.366763	-2.249348	0.495193	-0.103573	-0.827098	0.903929	0.262386	1.218579	-0.339770	0.597274	-1.281658	-0.371506	0.535836	-1.802478	0.349052
TCGA-BH-A1FR-01	-0.657555	1.065206	-0.432993	-0.201870	2.373231	0.966512	-0.864926	-1.414812	0.028879	-0.856856	-0.526892	0.216835	-1.153815	0.366298	-0.474792	1.759547	0.403375	0.610525	-0.406905	-0.419741	-2.127944	-1.315489	1.088661	0.220761	0.301552	1.302565	-0.058283	0.028944	-0.687234	1.010658	0.014172	-0.172404
TCGA-BH-A1FU-01	1.163730	-0.367275	-0.585051	0.808814	0.268823	-0.093414	0.541643	-0.599260	-0.056489	-1.419556	-0.211263	-1.272923	1.941957	-0.283389	-0.758681	-0.008051	0.784536	0.072117	1.433708	0.245633	-1.532227	0.044176	-0.356835	1.503510	0.239510	0.300888	0.375336	0.860224	0.414842	-1.731745	-0.592270	-1.314728
TCGA-BH-A201-01	-0.028685	-1.091796	0.360660	0.825052	0.572449	0.228809	0.012614	0.323246	-1.189686	-0.204031	-1.618145	1.886491	-0.009380	1.172243	0.236561	0.112711	-0.511044	-0.762932	0.446656	-0.017780	-1.083078	-0.013870	-0.665381	0.347088	2.217625	0.002347	0.705093	0.266210	-0.591660	-1.848641	0.557121	-0.610830
TCGA-BH-A202-01	0.248600	-1.246731	-0.679351	0.160125	0.080101	1.261568	0.814981	-0.034384	-0.964772	0.642566	-1.590516	-0.950268	0.289696	1.059676	1.861410	-0.269782	1.584235	-0.852474	-0.176372	-0.811898	-0.135921	1.779667	1.393802	-0.624863	-0.521339	-0.587106	-0.302126	1.643284	-0.680498	-0.685687	-1.403083	-0.192231
TCGA-BH-A203-01	1.496587	-0.053665	-1.117209	1.573045	-2.091196	-0.964164	0.808386	-0.872222	-1.095449	0.859286	0.565085	-1.338520	0.464872	-0.599872	-0.592963	-0.178643	1.933567	0.307324	0.784470	0.475631	0.892486	0.064058	0.018832	0.675338	-1.099774	-0.417542	1.467263	0.443112	-0.207582	-1.820969	-0.048149	-0.474747
TCGA-BH-A204-01	-0.024258	-0.804882	-0.778275	0.680736	1.212449	-0.112761	-1.355400	-1.122062	1.123145	-0.459512	0.736973	2.056930	-0.771153	0.092124	1.832051	-1.217463	0.958877	-0.487047	-1.252421	-0.381997	1.240526	-1.360457	-0.289038	-0.865881	-1.904215	-0.470929	0.315733	0.407602	-0.906160	2.562685	-0.319046	1.690300
TCGA-BH-A208-01	1.271118	-0.365615	1.021185	0.080718	-0.789140	-1.118633	1.091702	-1.774376	-0.026323	-0.941068	-0.425141	0.932723	1.498889	0.758248	-0.964405	0.282875	-1.011269	-0.056046	0.706833	-0.875623	0.782000	-1.957859	0.294607	0.039151	1.190326	0.485909	1.525854	0.105488	1.701159	-0.922753	-1.400886	-1.385733
TCGA-BH-A209-01	0.063950	0.596815	-0.647318	1.047300	0.881769	2.120380	0.814464	-0.492917	-1.758874	-0.800924	-1.000773	-1.746023	1.393248	0.431944	-0.212809	-0.893904	-0.840586	0.613028	-0.139408	1.352273	-1.257780	0.437244	0.275607	0.225755	-0.173548	-1.471779	1.064222	-0.029392	-0.512049	0.500875	-0.876920	0.995477
TCGA-BH-A28O-01	-0.645723	-0.088115	0.763452	0.466109	0.611204	-0.901642	0.206652	0.279501	-0.931153	0.737661	0.066080	-1.054131	-0.861317	1.045554	-1.326044	1.296931	-1.105088	0.757047	0.989555	-0.749994	-1.256373	1.141753	-1.550911	0.812052	1.715177	1.013370	-0.047773	-0.015783	0.254799	-1.026199	-0.011235	-0.581718
TCGA-BH-A28Q-01	-0.866458	-1.320364	0.312488	0.608270	-1.591108	1.227924	0.666977	1.339211	-1.096547	1.261883	-0.994412	-0.359572	-0.483354	-0.919085	1.194945	1.313983	-0.800400	0.273655	-0.106351	-0.335906	-0.813908	1.055864	-0.032628	-0.187433	-0.678623	-0.090647	1.277282	-0.196098	-0.737129	0.424896	0.540893	0.179167
TCGA-BH-A2L8-01	-0.318450	-0.241989	-0.959314	-0.911218	-0.542527	0.233039	1.238382	1.218488	-1.600010	0.760374	0.549696	-1.206790	-0.265815	-0.889230	-0.439773	1.136538	-0.519377	1.117623	1.205606	0.459859	-0.242139	1.469125	-0.867490	0.473687	-1.291477	0.573084	1.381297	-0.249230	-1.380629	0.298814	-0.557646	0.385230
TCGA-BH-A42T-01	1.130203	0.305249	0.087325	0.490207	-0.821896	2.289200	-0.716415	0.605161	0.121495	1.125745	-0.600680	-1.088367	-0.216740	0.687117	0.585714	-1.096771	0.743367	-0.902309	0.048489	-0.721830	0.695074	1.092253	-1.291102	-1.542514	-1.363353	-0.249771	0.115124	-0.882928	-1.463474	1.023158	0.341095	1.594841
TCGA-BH-A42U-01	0.195371	-0.712653	-0.296970	0.164321	-0.358066	-0.656100	0.077239	-0.413998	-0.623827	0.360817	-0.161627	-0.538795	-1.141080	1.134046	-1.113675	1.586006	-0.660813	0.044410	0.739476	-0.433895	-0.468729	2.138442	-1.789574	0.237917	1.303420	1.114608	0.126994	1.240745	-0.383920	-1.446930	0.631961	0.134723
TCGA-BH-A42V-01	0.767653	-0.987921	-0.043936	0.742968	0.230417	-0.451432	-1.541095	0.536190	0.354644	0.527420	0.521030	-0.811245	-0.543228	1.877472	-0.695327	0.811253	-0.682393	0.139734	0.708875	0.055570	-0.099714	1.451445	-2.087901	-0.603405	0.474698	0.792764	0.108340	-0.249974	-1.045174	-0.628061	-0.242461	0.616005
TCGA-BH-A5IZ-01	0.253680	1.693065	-0.834086	-1.475791	-1.178118	-0.071973	1.093292	1.436576	0.479317	0.265515	1.122464	-0.009807	0.755418	0.500972	-1.260019	-0.194017	-0.523757	1.248525	0.618192	0.597196	0.323956	-0.870311	-0.303074	0.523949	-0.062672	-1.030193	-1.547513	-0.304875	1.993517	-0.201481	-0.832860	-2.570578
TCGA-BH-A5J0-01	0.445628	-0.469770	0.603032	0.841882	0.665170	-0.699757	0.055725	-0.134347	0.028131	0.028450	-0.041469	-0.449262	-0.864925	-2.433962	-0.328324	0.411200	-0.525051	0.010465	-1.266154	2.156087	1.649665	0.808611	-1.500558	-0.031394	0.645338	0.588666	0.538784	-1.261160	-0.128231	0.255963	0.621489	-0.465747
TCGA-BH-A6R8-01	0.990961	0.517198	1.360090	-0.475004	-0.048061	-0.349522	-1.531171	-0.667100	0.594895	0.178247	1.249096	0.626689	-0.349191	-1.338393	1.484988	-0.329142	0.008504	1.093923	-0.106879	-0.951043	-0.074970	-0.057232	0.018884	-2.432941	0.701907	0.367982	-0.017699	-1.434291	-0.959470	1.103423	-0.338056	1.139045
TCGA-BH-A6R9-01	0.736240	0.847693	0.318279	-0.825570	-0.322618	-0.520359	-0.493465	3.467598	-0.694588	-0.588622	1.243829	-1.118313	-0.232983	0.097336	-0.734994	-0.605721	-0.104632	-0.620563	1.682883	-0.337949	-1.258361	-0.279568	0.073980	0.734518	-0.836679	0.943992	-0.799949	-0.594815	0.740882	0.496103	-0.944126	0.450396
TCGA-BH-A8FY-01	0.663000	-1.498030	1.319553	-0.794647	-0.177346	-1.318435	-2.166846	0.676925	1.285918	1.910437	0.541492	0.617026	-1.255331	0.340968	0.607207	0.177246	-0.546934	-1.142326	0.148273	-1.105887	0.303580	0.680268	0.296609	-1.437515	-0.577332	1.253841	0.244027	-0.514768	-1.099593	0.775418	0.899469	0.811273
TCGA-BH-A8FZ-01	0.269726	-0.355615	0.052816	0.966253	-1.151850	-0.764664	0.537622	0.111009	-0.954254	1.037626	0.435657	-1.492591	-1.220440	0.022742	-1.000278	1.123743	-0.252858	1.118972	0.697058	0.332756	-0.884056	1.678049	-1.627648	0.228676	1.181185	1.315575	0.570086	-0.546524	-0.328749	-0.656780	-0.204751	-0.264705
TCGA-BH-A8G0-01	0.215922	-0.277739	0.135632	0.605113	-0.182905	-1.097347	-1.105833	1.292452	-0.451051	0.925649	0.210064	-0.723459	-0.517233	0.673918	-1.603311	1.529211	-1.020043	0.333905	0.811183	0.898059	-1.254049	0.592235	-1.900625	0.380044	1.117026	1.468536	0.323328	-0.675292	-0.862461	-0.560639	0.399310	0.229875
TCGA-BH-AB28-01	-0.010477	-1.725294	-0.077394	0.218989	-1.162619	0.695943	-0.380680	0.093430	-0.324309	1.234977	-0.824029	-0.734509	0.090024	1.651436	0.210886	-0.611256	0.144751	-0.973130	-0.402627	-1.190134	-0.565972	2.098729	-0.751977	-0.068955	1.040193	0.361867	-0.201545	0.325829	-0.347844	1.467501	0.504809	0.283844
TCGA-C8-A1HE-01	-1.112087	-1.662549	0.673029	0.493988	-0.519433	2.902407	-0.418588	0.063664	-1.390676	-0.775057	-0.488347	-0.265553	-0.196301	1.249242	0.778722	0.049314	0.924003	-2.718133	-0.501857	-1.009478	0.830411	0.474383	0.094560	-0.333184	0.875319	0.044408	0.185121	0.379356	0.442449	0.234612	1.150656	-0.294208
TCGA-C8-A1HF-01	0.409363	1.082517	0.182436	0.843862	0.448193	2.125460	1.496129	-0.176774	-0.742308	-0.362602	-1.065821	-0.824520	1.033159	-0.568631	0.224783	-0.836972	1.867986	-1.120784	-1.793484	-0.240418	0.817123	0.102787	1.324285	1.283550	-0.007808	-1.330375	-0.744200	-0.123003	-1.012784	-1.909834	-0.500087	0.043433
TCGA-C8-A1HG-01	1.254505	0.717593	-0.663566	-0.100411	0.903429	0.510683	0.182240	-0.760654	-0.071730	-2.240248	0.119936	0.442270	-0.150699	-1.754372	1.307399	1.293771	1.282815	-0.403343	-1.218478	1.910247	-0.442340	-1.839803	-0.704557	-0.201008	0.395520	-1.084901	0.782722	0.556095	-0.204074	0.994289	-0.322979	-0.668828
TCGA-C8-A1HI-01	-0.408785	-0.987238	-0.516539	0.768077	-0.480818	-0.458786	0.018392	-0.150189	0.196762	-1.953338	1.280910	0.603645	0.974113	-0.285913	1.419516	2.039653	-0.329439	-0.183392	-1.172756	0.859914	-0.444638	0.142516	0.341297	-0.362265	1.260803	-0.473539	0.406714	-0.050392	-0.086379	-1.392114	-0.791441	0.125907
TCGA-C8-A1HJ-01	0.247256	1.023158	-0.957697	-1.773515	-0.033829	0.607782	0.826672	-0.495649	1.467260	-1.645472	-0.981877	0.462731	2.097413	1.209515	-0.566142	0.943840	0.430046	0.903494	0.025340	0.208658	0.008011	-0.903237	-1.452917	0.962479	1.149095	-2.042858	-1.187796	0.623261	1.318914	-0.260321	-1.134969	-1.326750
TCGA-C8-A1HK-01	0.071392	-0.362723	-0.105798	2.045791	0.566458	-0.141695	0.146139	-2.072975	0.962059	-0.925809	-0.442957	0.740592	1.086530	-1.322583	0.995594	-1.025560	-0.470976	0.486428	-1.678591	-0.399550	0.233882	0.170519	1.053332	1.806496	1.683128	-0.558367	0.455460	-0.707832	0.367764	-1.407964	-1.131325	-0.281392
TCGA-C8-A1HL-01	-0.570004	-0.796467	0.421668	0.170649	1.317931	-0.461500	-0.825835	-2.213604	-0.041352	-0.128329	0.466774	2.604780	1.435833	-0.576073	0.514001	-0.715174	0.048920	-0.275214	-1.307434	-0.396690	0.620142	-0.836643	0.419574	0.300522	0.704253	0.063557	-1.492764	-0.779403	0.229007	1.029217	1.051272	-0.154973
TCGA-C8-A1HM-01	0.803765	-1.060409	0.841954	-0.869682	0.934639	-0.113708	-0.676100	-0.378294	0.540186	-1.529977	-0.331931	0.296052	0.918665	-2.136556	0.983544	-0.389962	1.127097	-0.571568	-0.711278	-0.217752	1.545478	0.950606	1.547464	-1.018202	-0.227997	-1.377195	0.268668	0.458089	-0.660321	1.579577	-1.112566	0.414712
TCGA-C8-A1HN-01	1.194274	0.147624	-0.315969	1.054036	0.180056	0.038903	-0.048741	-1.482273	-0.397876	-1.075940	-0.033525	0.520421	0.116565	-1.505268	1.142356	-0.298602	-0.166101	-0.129498	-1.898268	0.308417	2.093863	-2.274343	1.219467	-0.570052	-0.299832	-1.166776	0.367629	-0.168605	0.068675	2.622113	-0.724512	1.358714
TCGA-C8-A1HO-01	-0.713954	0.130777	-2.016682	1.954743	1.142019	1.681869	-0.750452	0.099389	-0.075176	-0.685286	0.328353	1.003632	-0.329250	-0.598552	1.635069	-0.786236	1.926188	-1.344616	-2.092036	0.606896	0.252356	-1.482408	-0.026303	0.096280	-1.059022	-1.112699	-0.344862	0.441441	-0.723728	0.896446	0.338678	1.737427
TCGA-C8-A26V-01	0.718052	-1.260585	0.491049	0.826376	-1.638113	0.288234	0.188303	1.952652	-0.348470	0.423672	2.021325	-0.321330	-1.092356	0.233232	1.984068	-0.657664	1.037272	-1.208752	0.036432	-1.446113	-0.317358	0.382446	0.408363	-1.141741	-0.884571	-0.807662	0.207965	-0.006834	-0.045192	-0.109791	0.433719	-0.276641
TCGA-C8-A26W-01	1.038273	0.108553	1.093886	-0.361482	1.614770	-1.103995	0.284679	0.444172	-1.244273	-0.592800	-0.378956	0.368389	-1.080376	-1.266053	0.172504	1.631722	-0.328824	1.041486	-1.355617	1.689069	-0.276576	-0.598784	-1.037789	0.828840	1.178800	0.079318	0.347460	-0.607485	-1.533667	0.384443	-0.067867	-0.700620
TCGA-C8-A26X-01	2.084319	-0.583952	-0.332026	0.867843	-0.393532	-0.845221	0.427002	0.182116	0.669091	0.757932	-0.517336	-1.529838	-0.887245	-1.870369	0.131045	-0.331761	2.364491	0.494584	1.354680	-0.542814	-0.562985	0.842564	0.142907	0.777073	-1.261038	-0.086447	-0.209775	1.169465	-0.008202	-1.608496	0.592864	-1.447657
TCGA-C8-A26Y-01	1.093028	1.121772	0.312128	1.150370	-0.788788	-1.509882	1.333899	-1.607623	0.524951	-0.580719	-0.931742	-0.015931	0.633888	-1.878066	-1.025614	0.125327	1.820092	1.617252	0.670986	-1.258581	1.247273	-1.425571	0.175626	0.174708	-1.285058	-0.900947	0.721337	0.639106	1.196875	-0.169138	-0.426467	-0.976081
TCGA-C8-A26Z-01	0.648218	-0.346726	-0.709952	0.242769	0.141378	-1.664943	0.296474	-0.033622	0.735640	-0.929599	1.954007	0.467043	-0.139220	-2.013479	1.153088	0.024655	-0.467136	1.526458	-1.947150	0.644215	-0.193687	-0.585027	-0.970128	-0.905995	-0.173356	1.040073	0.778675	-1.293465	0.491660	1.265659	0.199760	0.642985
TCGA-C8-A273-01	-0.522879	0.893460	0.460008	0.030801	-0.959682	-0.883314	-0.469255	0.821487	0.620155	0.835696	2.218261	0.980456	-0.234739	-1.511045	0.454719	0.970480	0.098700	0.895870	-0.387642	0.231270	-0.714746	-0.756281	-0.152758	-2.352237	0.196006	0.473948	-0.592493	-0.348471	-0.413472	0.227513	-0.523670	0.300619
TCGA-C8-A274-01	-0.517602	-0.950062	-0.082623	-0.270974	-0.628151	1.056033	1.900159	-0.433501	0.559489	1.207629	0.135483	-0.489434	-0.786175	-1.276747	1.299835	-0.065391	0.918155	-1.202970	0.115657	-2.402370	1.758019	1.817717	-0.714851	0.380017	-1.376692	0.190669	-0.260642	-0.614140	-0.345458	1.088374	1.191818	-1.112327
TCGA-C8-A275-01	-0.318399	0.396605	-0.956854	1.754463	-1.085095	-0.340357	0.787616	0.339856	0.777804	0.553460	-0.333664	-0.519985	-0.553215	-2.190513	0.405274	-0.297035	1.511286	0.415986	1.214235	-0.689210	-0.216886	0.735760	-1.197783	1.090489	0.551900	-0.367324	0.715953	-0.488827	0.673168	-1.292969	0.447207	-1.522705
TCGA-C8-A278-01	0.112462	-0.580270	-0.826094	0.795870	0.670073	0.493595	0.566344	-0.806727	1.757403	0.651583	-1.068294	-0.637075	-0.914966	-1.633837	0.629370	0.343219	1.271564	-0.310130	1.447937	-0.587509	1.010420	1.009520	1.032255	1.213561	-0.536711	-1.085846	0.072867	0.085717	0.147660	-2.038855	-0.612248	-1.782240
TCGA-C8-A27A-01	-0.424726	0.358467	-0.854419	2.323779	0.541778	-1.333502	0.124321	-0.750486	1.047711	-1.376450	-0.159376	1.326989	-0.197756	-1.128788	1.220236	0.759817	2.192196	-0.113574	-1.784875	0.951237	0.997516	-2.312169	0.604590	-0.920517	-1.128515	-1.449302	0.187660	0.311412	-0.467443	0.706367	-0.044347	0.681175
TCGA-C8-A27B-01	1.391004	1.360183	0.196422	-2.564975	-0.093395	1.645156	1.386691	0.701137	0.556417	-1.540873	-0.163159	0.144357	0.435519	1.098512	-1.031634	-1.229805	0.644905	0.991747	0.123531	0.289865	-0.155139	0.312640	0.468503	0.434220	-0.336191	-1.219700	-1.782775	0.590827	0.821015	-0.241787	-2.089121	-1.480444
TCGA-C8-A3M7-01	-0.618042	-1.498835	-0.221844	1.397072	-1.170487	-0.810019	0.331474	0.315222	-0.399290	1.199351	-0.255056	-0.729794	-0.352059	-1.070920	-0.303420	-0.204129	0.345804	0.378511	0.420587	0.339641	-0.095504	1.542713	-1.264635	2.066790	0.694792	1.000857	0.397280	-0.041456	0.572132	-1.261829	0.232562	-1.033870
TCGA-C8-A3M8-01	0.181001	-0.794943	-0.850479	0.186767	0.318453	-0.684100	-1.972206	-0.000555	-0.542416	1.874637	1.635508	0.662595	0.432780	0.724036	0.410359	-1.113354	0.825083	-0.954033	-1.224795	0.138741	0.326526	0.069623	-0.968182	0.502986	-0.729014	-0.632307	-0.565111	-0.231033	-0.569510	1.808433	0.449443	1.233123
TCGA-C8-A8HP-01	0.715743	0.540430	-0.403015	1.379243	-0.042954	-0.134254	1.651892	-1.810626	-1.660358	-0.251835	-1.838691	0.572115	0.696203	-1.522790	-0.476568	-1.501099	0.009946	0.666060	1.358165	-1.079059	0.120425	1.112456	-1.064356	1.413720	1.565351	0.337090	-0.010980	-0.170056	0.698041	-0.058607	0.113443	-0.921223
TCGA-C8-A8HQ-01	0.771688	-0.329253	-0.047024	0.762367	-0.868465	0.106695	-1.068517	-0.627343	-0.879900	0.821926	1.252616	1.758446	0.460454	0.112427	0.563709	-1.157559	1.018710	-0.490109	-0.372475	-0.296475	1.208467	0.977702	-1.390164	-0.754803	0.338348	-0.559964	-0.285488	-1.211657	-0.520514	0.784432	0.735095	-0.875002
TCGA-C8-A8HR-01	-0.113493	0.430517	0.334455	-0.617292	1.093522	-1.463319	-0.084411	0.859538	-0.722913	0.427120	-0.278832	0.236781	-0.066496	-0.195597	-1.745997	0.060019	-0.217610	0.413210	0.870575	0.051694	-1.042148	1.391239	-1.258613	1.088629	1.109930	0.731509	-0.093896	-0.073614	-1.257432	0.277491	-0.280673	0.025450
TCGA-D8-A1J8-01	-0.192716	-0.739979	-0.284589	0.824965	-0.638430	1.393657	-1.950381	0.143831	0.506711	-0.173916	0.747152	-0.599141	0.053610	-1.209304	0.529048	0.028643	2.505057	-1.503717	-0.286897	-1.544696	2.032226	0.442927	0.685524	1.586819	0.295010	-0.697166	0.266790	-0.526208	-0.331091	-0.509049	-0.825545	0.015994
TCGA-D8-A1J9-01	-1.396760	-1.063433	0.781093	1.448709	0.160991	0.121924	-0.733819	-1.131568	0.775022	1.002676	-0.245157	0.705848	0.986477	-0.650572	1.090604	-0.488532	0.813437	-1.590444	0.540396	-1.341097	1.372766	-0.731432	0.214895	1.525677	1.060143	-0.780132	0.075497	-0.905467	0.553343	-1.358196	0.684321	-1.559979
TCGA-D8-A1JA-01	-0.458444	-0.422882	1.175142	1.217697	0.283071	-0.597338	2.034870	-0.510034	0.446193	0.570648	-0.377096	0.605650	0.064624	-0.104624	2.000074	-1.734572	0.832678	-0.325951	0.333354	-1.308972	0.867081	-1.355628	0.596680	1.301163	0.302586	-2.093655	0.488121	-1.261523	-0.081237	-1.451399	0.864549	-2.007662
TCGA-D8-A1JB-01	0.202888	-0.374916	-1.849844	1.309736	0.000186	-0.157294	-0.397120	-0.015147	-1.147711	-1.514947	0.923773	-0.113890	0.091919	0.201132	0.677641	0.711944	0.098714	0.643507	0.605752	1.084247	-1.210231	0.376290	-1.702600	0.475592	1.274102	0.191480	0.589461	-0.137534	-0.354614	-0.766759	-0.021833	0.385436
TCGA-D8-A1JC-01	1.072972	-0.214370	0.387932	0.877346	-0.107567	-1.288066	-0.627244	-1.190701	0.013136	-2.026080	-0.815516	1.948571	0.872137	-0.589346	1.058373	0.403321	0.345808	0.548394	-0.469621	0.750304	1.445769	-0.966971	0.064036	-1.155077	1.243085	-1.536409	0.956162	-0.415281	-0.648043	1.384038	-1.391548	-0.115211
TCGA-D8-A1JD-01	1.158425	-0.769020	0.799355	0.170196	-0.260785	0.127025	-0.606784	0.814490	0.711626	-0.969041	0.445186	-0.654857	0.183493	-0.788124	1.856349	0.055206	-1.310903	-1.481030	1.256080	1.247440	-0.331117	-0.391548	0.253371	-1.622309	0.109016	-0.324803	0.064011	-1.492137	-0.463830	1.066948	0.284959	0.730896
TCGA-D8-A1JE-01	-0.685412	0.168782	1.746068	-0.148629	2.312152	1.359789	-0.089391	-0.856138	-0.976444	-0.614110	0.221865	0.809017	-0.791272	-0.861166	0.696507	0.219568	-0.755636	-1.705110	0.041726	-0.835384	-0.108257	-1.020696	2.104592	-0.567494	-0.250559	0.885146	-0.251659	-1.135734	0.086883	1.330430	0.633989	-1.031394
TCGA-D8-A1JF-01	1.036649	-0.614212	0.707330	-0.446011	1.038499	-1.083735	0.565254	-1.474739	2.888814	1.000191	-0.356336	-1.631084	0.344503	-0.053271	-0.121804	-2.063205	1.593688	-0.502059	1.098107	0.281715	0.536131	0.240633	0.998545	-0.274154	-1.906918	-0.932930	0.322094	-0.038970	0.423441	-1.458972	-0.212624	-0.233806
TCGA-D8-A1JG-01	1.299435	0.107410	-0.521360	0.441813	0.821483	-0.283319	0.168080	-0.671500	1.891014	0.977330	-2.210893	-1.180737	-0.387224	-0.928024	0.252430	-0.722673	1.532647	0.086208	0.780745	-0.800850	0.432122	0.718094	0.937512	0.421768	-0.048333	-0.620296	-0.340045	0.932510	0.318307	-1.968278	-0.474652	-1.101182
TCGA-D8-A1JH-01	-0.153997	0.312180	-0.781054	0.294948	0.448651	0.640144	-0.250128	-0.081669	-0.681989	-0.052836	0.246916	-0.534373	0.256359	0.270656	0.558246	1.175523	0.178554	-1.045158	0.706291	1.056322	-1.450517	-0.255591	-0.745823	-1.136759	1.137358	0.788202	0.434795	-0.567481	0.205082	-0.406184	-0.293059	-0.232011
TCGA-D8-A1JI-01	-0.935355	0.155952	1.123990	-1.303495	1.220668	0.527616	-1.010989	-1.826677	0.934309	-0.359282	0.964381	0.297264	-0.992897	-0.413147	0.918754	0.697909	0.228711	-0.056764	0.182306	-1.246113	-0.187801	-0.721083	2.308722	-1.716245	-1.443344	0.415995	-0.451319	0.074005	-0.891924	1.487650	0.477113	1.502819
TCGA-D8-A1JJ-01	-1.198052	0.169451	-1.845007	0.480731	0.688819	1.184549	1.837484	-0.733658	0.438384	-0.310055	0.128376	-0.081442	-1.127624	-1.473975	1.675788	-0.042570	-0.248878	-0.892993	-0.570196	-0.418308	1.819659	0.540963	1.779534	1.587013	-0.970372	-1.058776	0.186548	-0.215319	-0.431357	-1.520669	-0.112230	0.793482
TCGA-D8-A1JK-01	3.158405	-0.371558	-0.455046	-0.606980	0.419270	-1.590616	1.897686	-1.948874	0.507932	0.456317	-1.476637	-0.058241	-0.740109	0.510178	-0.091040	-1.203114	0.848474	0.097496	0.856698	-0.324608	0.518107	-1.066258	1.354792	-0.454527	-0.288741	0.097607	0.755455	-0.243891	1.124834	0.301151	-1.526175	-0.667053
TCGA-D8-A1JL-01	1.210203	1.403986	-1.031764	-1.674489	0.372500	0.952183	1.418357	0.604269	0.012738	-1.436906	-0.790030	0.104347	0.430110	1.460547	-0.400320	-0.729694	0.130649	1.220456	0.774035	0.463549	-1.176460	-0.019682	-0.528204	0.480891	0.580694	-1.585090	-1.303526	1.306494	0.840351	-1.704951	-0.407765	-1.161849
TCGA-D8-A1JN-01	-0.940655	-1.956542	2.031594	1.780768	-0.189289	1.185365	0.114376	-0.974459	0.100260	0.747415	-0.779684	-1.106459	-0.465150	-0.440454	0.672722	-0.781923	1.082150	-0.718303	-1.588214	-0.852518	2.277389	0.427159	-1.093477	1.150396	0.758817	-0.414859	-0.069620	-0.843392	0.527699	-0.127288	0.494388	-0.014257
TCGA-D8-A1JP-01	1.050207	-0.476562	-0.360432	1.129115	0.590589	1.037691	0.730713	1.470819	-1.412402	-0.730340	-0.349843	-0.674314	0.388474	0.114915	0.249558	-0.390809	0.086760	-2.058549	-0.348105	1.575840	-0.800583	0.427037	-0.137680	0.864493	0.735074	-0.238380	0.154039	-1.073695	-1.300864	-0.146944	-0.851770	0.715996
TCGA-D8-A1JS-01	0.215119	-1.161870	2.202605	0.921286	1.198372	1.951446	-0.501629	-0.820249	-0.257151	-0.570414	-0.565857	-0.094475	0.020248	0.421128	0.625351	0.095581	0.068516	-1.768267	-1.819805	-1.350955	-0.985483	-0.428830	1.369003	-0.264765	0.104630	1.108533	0.684118	-0.672029	0.141775	0.536359	0.499797	-0.964012
TCGA-D8-A1JT-01	0.250424	-0.271604	1.588673	-0.550113	1.116526	-0.154900	-1.460435	1.141021	-0.101172	0.200828	-0.601651	0.989626	-0.864009	0.972077	2.311093	-0.820856	-0.813786	-0.154022	-0.487519	-0.308596	0.626458	-0.601207	1.892779	-1.796174	0.760334	-1.059363	-1.494048	-0.346966	-1.566676	1.205845	-0.592874	0.936047
TCGA-D8-A1JU-01	0.336062	0.631093	0.519122	0.640592	0.626726	0.881799	0.381839	0.533182	-0.939447	-0.305601	0.426518	-1.609420	0.943758	0.209460	0.024494	0.601794	-0.703619	-0.185008	1.048147	0.397177	-2.074545	-0.276790	-1.155032	-0.041304	0.170383	0.484740	1.049787	-1.300255	-1.131735	0.154483	0.229194	-0.603775
TCGA-D8-A1X5-01	0.752181	0.090893	-0.743182	0.881939	1.254824	0.206588	-0.070848	-0.794107	1.042438	-0.201985	0.368069	0.218502	-0.364224	-1.535412	2.509377	-1.006327	0.242829	0.007365	-2.095853	0.474231	1.418112	-0.988020	1.142110	-0.405121	-0.517939	-2.193102	0.134459	-0.796569	-0.290913	0.086791	0.324938	0.741683
TCGA-D8-A1X6-01	0.962964	-0.385544	1.286775	-0.263195	1.282274	0.755559	-1.235709	-0.489861	0.227974	-0.455574	-0.860198	-0.796251	-0.943732	-0.883909	2.361091	-0.750006	-0.362701	0.906150	-1.158539	0.858603	0.373443	-1.964293	1.660081	-0.554184	-0.465563	0.602315	0.323918	-1.080743	-0.884703	1.812202	-0.477507	0.434136
TCGA-D8-A1X7-01	0.666041	-0.316128	1.519695	-0.324109	1.945061	0.616683	-0.132381	-1.961155	-0.271284	0.097838	-2.303273	1.382811	0.036526	0.580887	1.213737	-1.264752	-0.385000	0.141336	-0.633144	-0.796131	-1.265973	-0.595652	0.879069	0.132746	1.050255	-0.111124	0.161910	-1.200522	-0.316131	0.762621	1.130173	-0.544915
TCGA-D8-A1X8-01	1.192992	-1.016477	0.692154	0.906540	-0.395739	-0.329809	-1.740734	0.009145	-0.392492	0.148098	0.923464	-0.048305	-0.274746	0.154776	0.429947	1.615065	-0.161473	0.759504	0.148101	-0.206894	-0.913324	0.287751	-0.915102	-1.228413	0.773521	1.202482	0.631084	-1.079234	-1.269274	0.155364	0.009867	-0.088706
TCGA-D8-A1X9-01	0.430400	0.711888	0.193353	0.036442	-0.784783	-0.376293	-1.230345	0.878742	0.244673	0.905295	3.019959	0.944460	-1.256325	-0.898848	0.764730	-1.325775	0.449731	0.611531	-0.459811	-0.266163	1.218573	-0.902510	0.064547	-1.079653	-1.166089	-0.164371	0.156284	-1.608135	-0.873123	0.874670	0.141163	0.655937
TCGA-D8-A1XA-01	0.549528	-0.921273	1.192250	-1.569918	1.265305	-0.187851	-0.846599	-0.130118	-0.672422	-0.328810	1.692791	-0.057941	-0.237658	0.544243	1.879064	-1.013835	-0.088064	-0.636556	-0.637729	0.407563	0.172424	-1.105262	1.393039	-1.742804	-1.588100	-0.614547	0.047292	1.332249	-0.074638	0.555021	0.396976	0.882896
TCGA-D8-A1XB-01	0.350700	-1.662069	0.328233	0.548497	-0.127770	0.071508	-0.015352	0.962453	0.595287	-0.371773	0.323072	-0.269390	-1.210541	0.772885	2.815285	0.986311	-0.904986	-0.698144	0.644061	-0.537062	0.295780	-0.365825	-1.442887	-0.491173	0.103431	-0.493291	0.715452	0.359852	-0.562026	-0.406314	-0.409818	0.204898
TCGA-D8-A1XC-01	-0.283662	0.102569	0.184549	1.509573	1.352500	2.423342	-0.264146	-0.981974	-0.166538	-0.392300	0.144718	2.236067	-1.632228	0.389713	-0.882396	-0.743323	0.480500	-0.545475	-1.799199	-1.843511	-1.206627	-0.545896	1.553488	-0.008094	-1.505683	1.593364	-0.145065	-1.101905	0.367447	0.354674	0.922642	0.489669
TCGA-D8-A1XD-01	-0.784354	0.539126	-0.309669	0.822610	0.827394	0.237741	0.290552	1.411123	0.974327	-1.228951	-0.399731	1.322641	1.177863	-1.008977	1.028371	-0.278763	-1.432343	-0.440867	0.103342	0.632157	0.467691	-1.056462	-0.864685	-1.901692	-0.214504	0.006389	1.344486	-0.677764	-0.175500	-0.202516	-1.834742	1.676554
TCGA-D8-A1XF-01	-0.416276	0.682666	-2.827929	1.663652	-0.335165	0.731662	-0.591100	0.980703	0.849281	0.524118	0.684619	0.631855	0.044175	0.456731	1.090739	-1.234013	1.725922	-1.256949	-0.645436	0.395185	0.081588	-0.527551	-1.955220	-1.056803	-1.040878	-0.837322	0.557244	-0.471816	-0.395892	0.493345	0.427479	1.767279
TCGA-D8-A1XG-01	0.301544	0.269372	-0.967608	0.556745	0.523246	1.666079	1.113443	-0.678661	-0.467604	-1.124959	0.328701	1.686557	-1.094471	1.401413	-0.258921	0.463131	0.045614	-0.101082	-1.297266	-1.031367	-2.633911	-0.294069	0.257816	-0.109453	1.668898	0.795113	0.380838	-1.118040	0.419005	-0.415280	-0.489539	0.334468
TCGA-D8-A1XJ-01	-0.021540	-1.292856	-0.221222	1.843204	-1.726828	1.551378	1.393184	-0.308907	-0.362988	1.078741	0.364799	-0.638737	0.130829	-1.286808	0.392338	-0.854783	1.277701	-0.401767	-1.215148	-1.631362	0.631372	1.028329	-0.743361	1.474648	-0.263057	0.498647	-0.088221	-1.337729	1.571489	-0.156342	-0.228375	-0.388620
TCGA-D8-A1XK-01	-0.070329	2.152113	-0.484607	-1.129120	-0.944746	1.575984	1.243666	1.781320	-0.685547	-1.243998	-0.485945	-0.030418	1.733495	-0.558518	-0.347640	-1.040020	0.356807	0.175609	0.164839	1.181488	-0.662583	-0.998456	0.451570	-0.393009	0.487809	-0.663016	-0.838723	1.084858	1.515167	-1.127451	-1.839356	-0.545649
TCGA-D8-A1XL-01	0.611631	1.872601	-0.163083	1.437779	-0.393937	1.245836	0.193767	1.477522	-0.846416	-0.362267	0.144726	-1.019208	-1.127596	-1.407351	-0.714140	-0.399484	-0.574162	0.651305	-0.785090	1.532781	-0.256909	-0.392369	0.370161	-0.070099	1.122120	0.204965	0.101832	-2.216449	-0.261129	-0.461732	-1.114275	1.544196
TCGA-D8-A1XM-01	1.587917	0.386803	0.170019	-0.037456	1.040661	-0.104743	-0.740091	1.017677	-0.669697	0.853944	0.204629	-1.842346	0.340703	-0.286608	-0.269943	1.372461	-1.068538	0.809472	-0.170459	1.436255	-0.624816	-0.191639	-1.422789	-0.938209	0.206014	0.003033	1.374544	-1.013089	-0.793141	0.137130	-0.335689	-0.587285
TCGA-D8-A1XO-01	1.107204	-0.095541	1.502192	0.796748	0.006483	1.649827	-0.802034	-0.444522	-0.077009	0.163608	-0.642717	-1.471257	-0.298306	-0.940125	1.160017	0.892991	-0.231196	-0.193085	0.810903	-0.700055	-0.678283	-0.235295	-0.337521	-0.654250	1.524309	0.438010	0.051453	-1.445754	0.141792	0.594545	-0.424991	-1.184603
TCGA-D8-A1XQ-01	1.206328	1.944467	0.014085	-1.585451	-0.411741	0.646813	0.656834	-0.748573	2.083744	-1.513449	0.192381	0.163224	0.490402	-0.563359	0.304818	-0.572022	-1.059193	1.716885	0.410364	-0.131346	-0.681372	-0.977394	0.552452	0.430076	1.193447	-1.897518	-1.654184	0.061899	0.680229	-0.393713	-0.917709	0.054731
TCGA-D8-A1XR-01	-1.310093	-0.108945	1.483359	-0.105348	2.320742	0.843431	0.072617	-1.064981	-0.581908	0.546466	-1.158127	0.286915	0.023446	-0.520087	1.333073	0.162606	-1.477842	0.771951	-0.779911	-0.522868	1.751300	-0.926106	0.703526	-0.888309	0.960772	0.224538	-0.120672	-1.278701	0.410849	0.670130	0.218460	-2.022637
TCGA-D8-A1XS-01	-0.612842	0.151865	0.459512	0.410304	0.938873	0.233389	-0.067500	1.161661	-0.490046	-1.003294	0.611115	0.032078	-0.643699	-0.927921	1.014428	0.143548	-2.060071	0.151065	-0.375239	1.778196	0.112163	0.063413	1.281133	-1.144056	0.879187	-0.648011	0.953199	-1.360655	-0.277440	-0.821425	-0.850096	0.803702
TCGA-D8-A1XT-01	0.083310	0.943467	-0.445163	0.895728	0.545769	0.480801	1.354553	-0.767723	0.986492	0.381148	-0.312721	-1.100209	1.441570	-0.814284	0.372664	-1.659318	1.381304	0.257779	0.901537	0.437386	1.142561	-1.788382	1.032408	1.199486	-2.517121	-1.241325	-0.711089	-0.833573	-0.205142	-1.524332	-0.364183	0.245855
TCGA-D8-A1XU-01	0.450431	-1.059527	-0.777662	0.515641	-0.238411	-0.066282	-0.825035	-0.761383	0.488935	-0.339846	1.519180	-0.199406	-0.579590	-0.825221	2.152438	1.540423	0.573334	-1.693776	-0.644492	-0.567183	-1.101057	0.440543	0.319459	-1.013569	-0.107668	0.539853	-0.239931	0.696926	0.431198	0.381968	1.021935	-0.002658
TCGA-D8-A1XV-01	0.193176	-0.460002	-0.967333	1.482752	1.283542	1.211933	-0.467519	-1.006711	0.147720	0.232794	-0.697735	1.728347	-2.797756	1.347014	0.016890	0.090164	1.128710	-0.380292	-1.232017	-1.285095	-1.452713	0.191501	1.874279	0.030351	-0.523508	1.000614	-0.786155	-0.993843	-0.320569	0.204616	0.986054	0.314154
TCGA-D8-A1XW-01	0.984982	0.046911	0.577246	-2.284173	0.097355	0.729421	1.019837	1.022333	-0.108765	-2.121927	-1.123933	0.661083	-0.757970	2.787615	0.082652	-0.287912	-0.701875	0.941415	0.636076	0.224169	-0.345149	-0.224940	0.160681	1.416681	-0.106084	-0.276313	-1.810124	0.489642	0.191590	-0.464075	-0.618582	-1.079303
TCGA-D8-A1XY-01	0.383951	-0.513128	1.036072	-0.917087	0.338740	-0.303874	-0.794480	-0.636648	-0.048575	-1.144883	-0.051291	1.809892	0.715316	-1.337552	1.834954	0.152401	-0.746514	-0.400371	-0.131283	0.547451	-0.591073	-1.021285	1.395576	-0.566507	1.255814	0.993865	-0.861167	-0.063559	-0.133541	0.966107	-0.634649	-0.762040
TCGA-D8-A1XZ-01	1.843464	0.979891	-0.726105	0.999761	-0.000805	0.377326	0.106729	-0.471574	-0.630054	-1.219362	0.458076	0.489479	-0.417740	-0.826340	0.113121	-1.452479	0.486735	-1.015964	-0.850622	1.766831	1.595850	-1.515834	1.004172	0.738131	-0.481728	-1.447984	-0.031527	-0.064211	-1.418650	-0.175296	-0.422044	2.019837
TCGA-D8-A1Y0-01	-0.311702	0.190640	0.427312	-0.557219	0.728878	0.078369	-2.349011	0.403172	1.034757	-1.302072	-0.089582	-1.680762	-0.484014	-0.760621	1.198310	0.895968	0.772872	-1.615252	-0.320065	0.276515	-0.045631	0.957243	0.781806	-0.614095	1.775698	-0.657215	-0.201954	0.109214	0.077585	1.116667	-0.558638	0.672754
TCGA-D8-A1Y1-01	-0.587819	-0.863208	0.331232	0.323225	0.380810	1.261855	0.919762	-0.018580	1.077797	-0.393306	-0.597213	-0.531169	-1.205167	-1.556213	1.901982	-0.663871	-1.046058	-0.484588	-0.555604	0.982092	0.784222	-0.086932	0.896451	-0.349662	-0.018387	-0.706269	1.023946	-1.379514	-0.921631	0.934754	-0.943168	2.079503
TCGA-D8-A1Y2-01	0.877349	1.499805	0.818590	1.766666	-0.157680	1.375558	0.659240	0.124720	-2.619411	0.027840	0.625003	-1.356118	0.624842	-0.844909	-0.181745	-1.321323	-0.423914	1.249486	-0.542986	0.277733	-0.727803	-0.614756	0.338164	-0.309166	0.209139	-0.786024	1.054302	-1.488902	0.069649	-0.716418	-0.086777	0.544921
TCGA-D8-A1Y3-01	0.339049	0.503000	-0.661596	2.323354	-0.520980	0.617715	-0.706983	1.336822	1.129804	-0.500887	-0.037158	-1.524221	-0.253946	-0.570987	1.334549	-1.497244	1.229087	-0.758413	0.501299	0.211290	0.074588	0.352321	0.579243	-0.568646	-0.606142	-2.124277	0.246717	-0.089599	-0.384052	-0.984842	-0.133176	1.159762
TCGA-D8-A27E-01	0.361146	2.065269	0.155238	0.474560	0.830787	1.512139	0.506862	0.137270	-1.214166	-0.745116	-0.432307	1.228662	-1.626328	-1.058240	-0.613353	0.863039	0.079387	0.780122	-0.572497	-1.233716	-2.066956	-0.715447	1.217416	-0.566660	-0.720893	1.416958	0.693089	-1.496706	0.352503	-0.635440	1.529858	-0.472427
TCGA-D8-A27F-01	0.530868	0.897664	-0.399029	-1.734442	-0.950159	0.359865	2.524600	1.441867	0.481450	-0.392538	-1.687773	1.227458	1.082824	-0.073588	-0.693685	-0.102243	-0.920652	1.148596	0.029044	1.195190	-0.393666	-0.926666	-2.184470	1.079881	0.133487	-0.429540	-1.517260	0.389200	1.136147	-0.462926	0.102233	-1.191462
TCGA-D8-A27G-01	0.653080	0.652478	0.618141	1.921805	-0.794706	-0.268127	-0.145450	0.179173	0.081074	1.141941	0.241220	-1.790823	-0.758568	-0.514834	0.626211	-1.169592	0.282480	0.920114	0.500989	0.248868	0.593912	0.498776	-1.535290	-0.498689	-1.187293	-0.888449	0.208637	-0.670275	-1.878246	0.356652	1.607032	0.704884
TCGA-D8-A27H-01	0.579700	2.005132	-0.269043	-1.191051	-1.755390	-0.291662	1.584708	1.933711	-0.892660	-0.822981	-0.295872	1.434836	-0.885455	0.742781	-0.172192	0.145692	-1.502286	0.790545	0.320297	0.147359	1.305284	-0.779770	-1.650020	0.225382	0.275411	-0.999008	-1.930027	1.257809	0.845954	-0.522832	0.761827	-0.555670
TCGA-D8-A27I-01	0.450862	-0.925429	1.453221	0.228111	0.132431	-2.124992	0.678700	0.507905	-0.891442	0.328299	0.579416	-0.668165	-0.233240	-0.126928	-1.013353	1.444447	-1.201752	1.624586	0.526104	0.995994	-1.000911	1.000112	-1.429177	-0.586091	-0.041652	1.359471	-0.377451	-0.643383	-0.503607	0.358958	0.063858	-0.178094
TCGA-D8-A27K-01	-1.093427	-1.379154	-0.054399	1.212755	-1.151551	1.016943	0.707258	0.872145	-0.547124	1.031026	-0.424488	-1.408771	0.443008	-0.138478	-0.200588	1.299928	-0.623305	0.326533	0.803092	-0.450097	-1.690074	1.468637	0.006809	-0.126757	0.057845	0.614836	0.708629	-0.297778	-0.122269	0.152365	-0.446290	-0.532753
TCGA-D8-A27L-01	-0.155713	-0.863431	1.095096	0.033906	-0.592768	-0.653493	1.091824	0.245155	-0.720197	0.203910	-0.268437	0.388228	-0.306519	-0.989231	0.560270	1.915247	-1.296499	1.881605	1.152821	0.195841	-0.234768	0.371664	-1.558209	-0.863983	-0.455049	0.520889	1.290950	-0.814424	-1.139136	-0.235347	0.448982	-0.302226
TCGA-D8-A27M-01	0.940925	0.973786	-0.737180	-2.031404	-0.702129	0.526366	-0.164469	0.925033	-1.427946	-2.053059	-0.203161	0.902396	0.400238	0.271819	-0.822337	1.048594	-0.113010	2.115221	-0.031214	1.212062	0.660008	-0.997773	-0.807564	0.649418	0.281095	-0.408317	-1.761665	1.433134	0.835475	-0.339553	-0.082765	-0.741049
TCGA-D8-A27N-01	-0.991247	0.383882	-1.033846	0.786839	-0.594758	-0.766956	1.428546	-0.191493	-0.806183	0.792964	0.694571	0.253257	0.174043	-1.808900	0.033721	-0.665749	0.585182	0.056423	-1.003160	1.664914	0.636886	-0.207002	-0.014394	0.696197	-0.915557	0.876547	0.585564	-0.815184	0.047940	-1.708234	1.386155	0.298103
TCGA-D8-A27P-01	-0.505672	-1.257114	1.845471	1.257286	0.124029	-0.325378	0.738442	1.010882	-0.752236	-0.318724	0.196162	0.688914	0.077134	-0.806685	-0.406704	1.616534	-1.848163	0.003846	0.254781	0.112264	-1.346013	0.612455	-0.123396	-0.146825	1.240756	1.741498	-0.168290	-1.197320	-0.124418	-0.744078	-0.336475	-1.247191
TCGA-D8-A27R-01	0.369883	1.499582	-0.629744	1.240845	-0.585203	-1.213751	0.849018	-1.725534	-1.096808	-1.475533	-0.530623	0.726987	0.559830	-1.043691	-1.325379	0.228654	-0.062033	0.924083	-0.417962	0.535763	1.301972	-1.550011	-1.270581	0.037927	-0.402412	-0.448491	1.514408	0.725322	0.188788	1.112333	0.751862	1.082860
TCGA-D8-A27T-01	0.940771	-0.883868	1.452734	-0.884420	0.281433	-0.781794	-0.161665	0.573244	0.462778	0.571971	0.345565	-0.786200	-0.723100	-1.980827	0.624544	0.326062	-0.076241	1.598824	-0.784575	0.721476	-0.652997	-0.007003	-0.446129	-0.043646	-1.151685	0.312542	1.239076	-1.097434	-1.281406	2.091841	0.241578	-0.304935
TCGA-D8-A27V-01	0.385295	-1.976006	1.111264	-0.594416	-0.190724	-0.988060	-1.461070	-0.466410	0.686712	-0.398095	1.443717	-0.401254	0.391535	-0.475547	0.922856	0.987471	-0.800419	-0.484656	0.160080	-0.430745	0.609483	-0.146203	0.224770	0.684716	1.822613	0.327503	0.036223	-0.853874	0.547399	0.180193	-0.391003	-0.646562
TCGA-D8-A27W-01	-0.364583	1.524806	-1.960135	1.906682	-0.902520	-0.662319	0.544449	-0.010504	-0.186091	0.201132	1.682847	0.245213	-0.172339	-1.198475	0.409627	-0.470505	0.848613	1.293603	-1.409619	1.038453	0.416887	-0.047171	-2.133597	-0.197632	-0.799304	-0.251822	0.714677	-0.615629	-0.774638	0.198295	0.691000	0.416510
TCGA-D8-A3Z5-01	0.078738	-1.320561	1.125963	0.243433	-0.029344	-0.545672	-0.433782	-0.313593	-0.067329	1.368913	-0.205037	-1.449286	0.528029	1.468140	-0.925250	1.295859	-1.367614	-0.647568	-0.775337	-0.092793	-0.891986	1.089636	-0.785134	-0.440751	1.969981	1.132540	-0.097490	-0.343647	-0.173411	0.646666	-0.245523	0.095384
TCGA-D8-A3Z6-01	-0.148885	-2.071251	1.038894	-0.179281	-0.214609	-0.536879	-1.117035	-0.399865	0.110500	0.596684	0.933003	-0.170104	-0.101934	-0.507329	1.201109	1.539864	0.062177	-1.602456	0.119676	-1.324238	-0.507065	0.931194	-0.411107	0.048241	1.053545	1.801600	-0.941108	0.002437	0.067408	1.438175	0.206096	-0.941030
TCGA-D8-A4Z1-01	0.104719	-0.639794	0.462481	0.607611	-0.495706	-0.955700	-0.226925	-0.132272	-0.109289	1.055992	0.205649	-0.606286	-1.519086	0.575796	-1.417312	1.879059	-1.078367	0.547344	0.278306	0.570947	-0.399850	1.221411	-1.082011	-0.168765	1.476287	1.393979	0.278577	-0.498709	-0.233941	-1.537862	-0.157446	0.523648
TCGA-D8-A73U-01	-0.999102	-0.419795	0.467411	1.706322	0.236408	1.052810	0.254238	-0.472135	-1.236754	-0.934626	0.724359	-0.864096	-1.607985	-0.959812	-1.237814	0.307297	0.929575	0.393032	0.149442	-0.910688	0.178906	1.506633	-1.165816	1.795646	0.354923	0.327964	0.368613	0.033228	0.809954	-0.214674	0.714912	-1.270969
TCGA-D8-A73W-01	-0.793981	0.055633	1.223781	0.443038	0.490956	1.543815	0.392963	-1.925190	-1.047336	1.175751	-0.327284	1.450833	0.385520	-0.108655	-0.967232	-1.613749	0.276900	0.638090	-0.734815	-1.832195	-1.013883	0.107428	0.795485	0.447671	-0.799153	1.460336	-0.648730	-0.832567	0.119446	0.943372	1.307108	-0.691235
TCGA-D8-A73X-01	0.611026	-1.004582	0.854116	1.265178	-1.825495	0.831751	-0.031525	1.304282	-0.391451	0.544955	1.065570	-1.890468	-1.556900	-0.226853	0.640574	0.057228	-0.295758	-1.076388	0.069345	-0.172549	0.848851	1.410255	-1.086831	-0.043517	0.852356	1.223483	0.032362	-1.338902	-0.639668	-0.159969	-0.731741	0.937628
TCGA-E2-A14N-01	-0.118889	1.268733	-1.192440	-0.921082	0.946833	0.267832	0.107838	0.894150	0.202403	-0.844022	-1.627071	-0.942296	1.444031	1.305807	-1.378726	-0.701444	0.172860	0.465251	1.176605	0.290502	-1.923048	0.415402	-0.463391	0.706837	0.103727	-0.770666	-0.703329	1.779104	1.035087	-0.505034	-0.932878	0.336740
TCGA-E2-A14U-01	-0.048965	-0.060104	-0.024070	0.238994	0.546533	-0.597346	-0.293732	-0.061002	-0.918420	0.282871	-0.783185	-0.962728	-0.458522	1.209190	-0.932615	1.304101	-1.284858	-0.330460	0.117856	0.240325	-0.849627	1.157193	-1.441589	-0.155893	1.932130	1.661903	0.028683	0.449356	-0.281404	-0.873191	0.209039	1.026410
TCGA-E2-A15I-01	-0.915568	-1.537816	0.101437	-0.687984	1.023255	-0.011076	-0.598539	-1.636942	1.067560	-1.732822	0.171939	0.007952	0.324081	-1.351853	-0.022728	2.824906	-0.669175	0.235419	0.050854	0.059265	-0.351953	0.093596	1.406162	0.925798	-0.007006	1.411042	0.211170	0.118172	0.257686	0.148108	-0.910512	-0.187633
TCGA-E2-A15J-01	-1.036888	-0.129591	-0.300967	1.159871	-0.130315	2.042185	-0.121608	0.315658	-0.035835	1.288463	-0.348194	-1.820337	-0.420966	1.056302	0.997806	-0.375106	-0.454450	-1.263572	-1.106092	-0.903575	-0.776940	0.334787	1.841331	-0.454593	-0.288468	-0.981727	0.948764	-0.839980	0.688107	0.776264	-0.057396	0.481889
TCGA-E2-A15K-01	0.075245	0.206789	1.159634	-1.406684	0.499213	0.291575	-0.966540	-2.166303	0.483536	-0.465966	0.489347	-0.207281	0.777352	-1.261329	1.292765	0.561232	0.308347	0.411562	0.069778	-0.635525	0.541470	-0.196120	0.520730	-0.853201	0.862950	-1.247493	0.055579	-1.226242	0.152365	1.696200	1.331616	-1.349984
TCGA-E2-A1AZ-01	0.544263	2.380143	-0.751962	-1.821821	-0.192066	0.362120	0.980190	0.123688	0.154376	0.179269	-0.458160	-0.678254	0.907089	0.549798	-2.017913	-0.149381	0.284852	1.362656	-0.087058	-0.323963	-0.858934	0.153958	-0.224542	0.007781	-0.315635	-1.255257	-0.791817	2.130440	1.754382	-0.232349	-1.259239	-0.697059
TCGA-E2-A1B0-01	1.761963	-0.959763	0.242500	-0.762478	-0.860608	-0.408980	1.667881	-1.695284	0.222706	0.227033	-0.936717	-0.279467	2.154867	-0.639681	0.534848	-1.502735	0.200815	0.490203	0.401717	-0.081774	-0.840113	-0.078723	0.985719	0.709822	-0.147986	0.261811	0.051008	0.796297	0.525703	0.569453	-1.439491	-1.498977
TCGA-E2-A1B1-01	-0.481328	0.161785	-0.059518	0.908253	1.030656	-0.090536	0.070819	-0.240520	-1.256971	-0.533423	-0.323782	0.642887	0.447791	-0.150330	-0.677236	0.481683	-0.739619	0.198897	1.243942	0.024470	-0.961990	0.359693	-1.146680	0.316904	1.572038	0.961495	0.932655	0.000378	0.272576	-2.008538	0.557357	-1.531819
TCGA-E2-A1B4-01	0.739711	-1.254114	1.774786	0.353497	0.077533	-0.011370	-1.702108	0.118139	-0.439436	-0.395644	0.586452	-0.347093	-0.691426	0.211249	0.558237	1.384609	-1.136843	-1.097770	1.141715	0.019361	-0.853316	0.468221	0.565796	-1.428208	1.501131	1.088959	0.310854	-1.130466	-0.107620	-0.199284	0.118585	-0.293406
TCGA-E2-A1B5-01	-0.278387	-0.275341	-1.264388	0.471949	1.054060	1.256894	-1.090760	-0.622556	-0.881094	-1.131791	0.194401	-1.039851	0.145078	-0.024526	-0.943404	0.276759	1.072154	-0.741254	0.745869	0.891490	-1.017665	1.251063	0.167708	0.884131	0.421101	-0.040211	-0.146076	0.778404	-0.066509	-0.308238	0.823619	-0.629770
TCGA-E2-A1B6-01	0.250629	0.589910	-0.831026	-0.201273	0.211999	0.859835	-1.060717	0.060705	-0.253504	-2.289210	-0.889298	-0.144895	0.008421	1.379915	-1.503835	0.153353	0.766718	1.296381	1.327547	1.061072	-0.933947	0.151240	-0.384262	0.690850	0.746262	-1.068677	-0.296860	1.640674	1.326701	-0.881813	-1.503938	-0.436589
TCGA-E2-A1BC-01	-0.047173	-0.714985	1.217115	0.563372	1.145924	0.919107	-1.047509	0.335449	-0.050243	0.471789	-0.556275	-2.300802	-0.567488	1.112353	0.867823	0.419336	-1.524126	-0.973869	0.892288	-0.712476	0.910154	0.062910	0.003769	-1.347095	-0.860362	0.507367	0.618765	0.438268	0.480069	-0.562905	0.432081	-0.100332
TCGA-E2-A1BD-01	0.238016	-2.550941	-0.431133	0.956291	-0.242371	0.609446	0.624997	0.358614	0.564270	0.712719	-0.411287	-1.397107	-0.644469	-0.011243	1.052617	0.595288	0.438220	-1.867623	-0.206494	-0.508131	0.490736	2.505063	-0.178715	-0.126964	0.042080	0.737322	0.084082	-0.004018	-0.295758	-0.007147	-1.343239	0.310359
TCGA-E2-A1IE-01	0.694526	-0.641518	-0.870501	-0.144532	1.107698	-0.518884	-1.840730	-0.035473	0.408720	0.207842	0.462844	0.917400	0.695899	0.672551	1.267000	0.791880	0.562515	-1.783860	-0.930020	0.233236	-0.387991	-0.831742	-0.793421	-0.839513	-0.250188	0.451886	-0.020514	0.143934	-1.764967	2.248398	0.542217	0.204640
TCGA-E2-A1IF-01	-0.445402	-0.838471	0.117465	-0.461346	1.330059	-0.524505	-0.497697	-0.948472	-0.117242	-0.914030	-1.033901	-0.081362	0.774337	0.183096	0.031439	1.638069	-0.385873	-1.273251	0.412708	-1.123693	-0.657466	0.760669	0.385953	0.555707	2.422657	0.675744	-0.632550	0.850354	0.564595	-0.991842	0.868033	-0.660017
TCGA-E2-A1IG-01	0.901226	-0.583766	-1.099181	1.134201	1.173887	-1.237223	-0.557530	-0.748497	1.325177	-1.491508	1.736140	1.008345	0.190827	0.572171	1.340175	0.996723	0.793520	-0.109777	-1.383392	0.810773	-1.232503	-1.403863	-0.360572	-0.395810	0.409616	-1.728812	0.347738	-0.185819	-0.772272	0.307945	0.009751	0.093761
TCGA-E2-A1IH-01	2.074573	-0.241522	-0.581675	1.836999	0.685647	0.825114	-0.426085	0.126984	-1.367629	-1.202060	-0.927160	-0.872808	0.946949	-0.626702	1.047175	-0.791795	-0.036188	-0.395573	-0.466129	0.772557	-0.845628	0.722459	-0.931915	0.415217	0.258585	-0.527386	0.533135	-1.030969	-1.196659	0.789487	0.611455	0.826116
TCGA-E2-A1II-01	0.629551	0.727391	0.179729	-1.786474	0.061413	1.504296	-1.792624	1.904362	-0.431434	-1.488097	-0.326737	-0.507032	-1.044714	0.084199	-0.759151	-0.808673	0.777549	1.122686	0.667469	0.675242	-0.849259	-0.454616	1.344499	1.802729	0.250416	-1.068232	-1.596348	0.417934	1.343998	0.249495	-1.234553	0.184020
TCGA-E2-A1IJ-01	-0.463088	-0.875117	0.508505	0.831513	-0.439164	-0.236923	-0.364810	-1.200010	0.048093	-0.103161	-0.428653	0.031842	0.172992	-0.324125	0.636921	1.198998	0.779001	0.122725	0.591921	-0.268958	-1.262311	0.806274	-0.374763	0.013288	2.440859	0.018382	0.060147	-0.100126	-0.383904	-1.268955	-0.064810	-0.098170
TCGA-E2-A1IK-01	-0.569704	0.485548	0.195273	0.318284	1.928340	1.065630	-0.475214	-1.364720	-0.729494	-1.326797	-0.097535	1.116600	-0.373744	0.214222	-1.578713	1.530658	-0.247158	0.071385	0.137822	-0.313024	-2.460521	-0.120742	0.413285	-0.134555	0.642615	1.633115	0.046699	0.327316	0.304735	-0.259588	0.408810	-0.850806
TCGA-E2-A1IL-01	0.935301	-0.480313	0.844165	-1.494249	0.759930	0.003326	-0.395797	-0.754923	0.133012	0.420915	0.121450	-0.618788	1.132784	-0.191440	1.022544	1.078853	-0.645000	-1.665161	-1.145090	0.449877	-0.947450	-0.465686	0.429141	-0.840173	0.805723	1.121039	0.609840	-0.338243	0.193587	0.959414	0.172926	-1.441703
TCGA-E2-A1IN-01	0.409761	-1.500199	0.713701	0.566897	0.363537	-0.018311	0.137712	0.259295	-0.190909	-1.421954	0.692068	0.071759	1.609213	-1.206706	1.839550	-0.024161	-1.419137	-0.190245	-0.838811	0.597831	0.199680	-0.319033	-0.574389	0.842628	1.509490	0.442598	0.083766	-1.675796	-0.334727	0.090370	-1.348551	0.544335
TCGA-E2-A1IO-01	1.583394	-0.410392	-0.413402	-0.019546	0.807095	-0.488481	-1.023166	0.073462	0.161137	-1.119183	0.043283	-0.705094	-0.007664	-0.650684	0.678517	1.085443	-0.072292	-0.058042	0.320002	1.587557	-1.282111	-0.499834	-1.157901	0.050573	1.781319	0.597416	0.564221	-0.758178	-0.512204	-0.106749	-0.667623	0.529893
TCGA-E2-A1IU-01	0.515228	-1.599698	-0.280543	-0.363789	-0.024207	-0.218676	-1.447199	-1.064625	0.072399	-0.436675	0.374723	1.120794	-0.782073	0.085819	1.378848	2.028516	-1.026289	-0.193310	1.339223	-0.251723	-0.572956	0.585493	0.373928	-0.712828	0.730954	0.485313	0.291079	-0.218006	-0.303787	0.298130	1.583821	-1.865514
TCGA-E2-A1L6-01	0.351492	-1.649637	0.435250	0.235519	0.804753	0.133568	-1.128283	-0.362039	-0.248293	-0.275363	-1.064875	-0.611914	-0.162014	1.567202	1.350688	1.910201	-0.107121	-1.129493	-0.325078	-0.263123	-1.456279	-0.058434	-0.231674	-0.686422	1.723682	0.917110	0.597378	0.201869	0.368434	-0.177605	0.346569	-0.978588
TCGA-E2-A1L7-01	0.906666	-0.242786	-1.721234	1.194505	-0.015700	1.840138	-1.004729	0.285555	-0.020239	-0.680323	-1.091793	-0.872114	-0.345668	1.088130	1.394951	-0.176070	2.659480	-0.588259	-0.302850	0.079875	-1.124747	0.114979	-1.169992	-0.060108	0.493350	-1.145356	0.654394	0.395594	-0.958445	0.282225	-0.286294	0.596740
TCGA-E2-A1L8-01	1.308977	-0.449138	0.957194	-0.716262	1.956314	0.438462	-0.798468	-0.846121	0.523043	-0.900400	-0.303108	-1.367537	-0.183372	-0.545124	1.306417	0.810000	-0.991986	-0.993951	-0.352596	-0.838080	-0.746603	0.667428	0.995497	-1.569619	0.487421	0.069581	0.163224	-0.234442	0.441855	2.134367	0.424820	-0.952760
TCGA-E2-A1L9-01	1.015896	0.202245	0.219949	-1.402099	1.252609	0.681093	1.031163	-0.584087	0.984465	0.326990	-2.014420	-0.312970	1.089714	-0.535652	1.046058	-0.104427	-0.854947	-1.561825	-0.163099	-0.445964	-1.009687	-0.379147	-0.728523	0.372090	0.822154	0.792987	0.947755	-0.374869	-0.527597	0.875379	-0.240453	-0.503575
TCGA-E2-A1LA-01	2.472900	-0.283537	0.340039	-0.695873	0.296285	-1.185285	-1.910333	-0.508182	-1.264843	-1.617560	0.231468	1.227667	-1.061525	-0.118752	0.547338	-0.065452	-0.478320	0.014304	-0.065956	0.754027	0.425776	-0.884009	0.371390	-1.320356	0.790546	-0.847664	1.445585	0.809400	0.065672	1.564677	-0.235308	1.041659
TCGA-E2-A1LB-01	0.511687	-0.974289	-0.478990	2.352881	0.593443	0.574137	0.403384	0.149987	1.009019	0.046246	-1.240248	-0.677171	-0.757918	-1.758114	0.712129	-1.580992	0.096266	-0.124923	0.736342	-0.068182	-0.216584	0.292331	1.140197	0.470826	-1.392921	0.591304	1.325660	0.023397	1.174329	-2.742726	0.050798	-0.291130
TCGA-E2-A1LE-01	0.363330	0.070529	0.041512	0.426482	-1.271958	-1.321383	0.459031	-0.533101	0.321563	1.390142	-0.256173	-0.694343	-0.122672	-1.063667	-0.921407	-1.051220	2.230502	0.907881	1.375768	-0.744904	-0.179855	0.371381	-0.406017	2.082883	-0.765844	-0.375533	0.397587	-0.694140	-0.685505	-1.423875	1.392748	0.561163
TCGA-E2-A1LG-01	1.191495	0.556370	-0.629911	-1.686672	-0.519379	0.643873	1.052415	0.177993	1.588355	-1.045266	0.085853	1.070445	0.907856	0.131124	-0.831493	0.024496	-1.240219	0.206027	0.462625	1.208483	0.137675	-1.284576	-0.095685	-0.253162	0.441090	-0.458483	0.289775	-0.356541	2.039418	0.070720	-2.394386	-1.866461
TCGA-E2-A1LH-01	1.718534	1.280582	-1.266248	-2.131731	-1.186504	-0.163204	0.101688	-0.208715	-0.595468	-1.601456	-1.007704	0.312511	0.093745	1.086612	-2.285844	0.557696	0.288395	1.148703	1.192433	-0.236193	1.230129	-0.940314	-0.439929	1.432252	0.669527	-0.583043	-0.623212	1.191196	1.360387	-0.211269	-0.260649	-0.127405
TCGA-E2-A1LI-01	0.583901	0.152056	0.044804	-1.970516	0.103203	1.314837	0.472688	0.023931	0.653026	-2.108646	-1.298704	0.174206	0.892713	0.541620	-0.075022	-0.383929	0.817035	1.274872	0.635383	0.615755	-1.203980	0.014692	0.029772	1.720239	0.567758	-1.545756	-2.282021	1.107388	0.854840	-0.334467	-1.227907	-0.430221
TCGA-E2-A1LK-01	0.751255	0.171310	-1.134623	-0.871416	-1.641317	0.637236	0.976600	1.302767	0.991515	-0.303523	-0.808399	1.174340	0.104063	1.780459	-0.025299	-1.598460	-0.544719	-0.267323	0.497702	0.342530	2.131129	-1.503849	-0.204822	0.080568	-0.830185	-2.148195	-1.393919	0.834251	2.423418	-0.629560	-0.088937	-0.423542
TCGA-E2-A1LL-01	1.337772	-0.254882	-0.981725	-0.499956	-0.964043	-2.168009	-0.358266	-0.801152	1.183819	-0.553035	-0.425264	1.020875	-0.519120	0.511373	-0.822827	-0.034338	0.582966	-0.415524	2.146064	0.679924	-0.260047	-0.690563	-0.587955	-0.568860	1.121216	-0.432246	1.046264	0.822035	1.366647	0.849586	-1.549840	0.033755
TCGA-E2-A1LS-01	-0.728190	0.012813	0.926096	-2.001076	-0.459882	0.491217	1.000497	0.006716	-0.258499	-1.614575	-0.150656	0.230144	1.186590	1.743215	-0.030433	0.371086	0.190728	-0.345674	-0.550755	-0.005050	0.865771	-0.979429	0.863331	1.838469	-0.431875	-0.817468	-1.391402	1.755475	0.824206	-2.844874	0.006521	0.052968
TCGA-E2-A2P5-01	1.062606	-0.270577	-0.185159	0.283225	-0.188698	-0.776159	0.093760	0.445289	0.374451	1.318907	0.814949	-1.791149	-1.074096	0.228317	0.083791	0.857247	0.663748	-0.205061	-0.296407	-0.115952	1.646816	1.782530	-2.343432	-0.761923	-0.927373	0.121851	0.150142	0.044065	-1.285825	0.494823	-0.379772	0.118410
TCGA-E2-A2P6-01	-0.757578	-0.832693	0.357681	0.818949	-0.833715	0.474704	-0.699763	0.157516	-0.819678	1.889310	1.201662	1.606427	-0.598931	-0.335345	-0.702131	-0.368717	1.343254	-1.250950	0.438054	-1.403750	-0.082552	1.169624	-0.353155	-0.134607	-0.653256	0.911625	-0.378223	-1.777333	0.193569	-0.030020	1.423180	0.094369
TCGA-E2-A3DX-01	0.259617	-0.111660	-0.094767	0.657658	-0.253345	-0.706655	-0.975448	-0.167508	-1.054642	1.325669	-0.305827	-2.067752	-0.067928	0.041286	-1.686809	1.262275	0.078637	1.318237	0.805914	0.414016	-1.575393	0.385549	-0.368045	1.388805	0.881665	1.461903	0.147809	-0.571991	0.005937	-1.034959	0.344666	0.160782
TCGA-E2-A56Z-01	-0.423502	-0.013949	-0.579225	1.033132	0.136584	-0.204213	-1.396340	-0.521807	0.671544	0.049163	2.103355	1.154722	0.395307	-1.091699	-0.361859	1.083596	-0.173883	0.227841	-2.706019	-0.004899	0.997635	-0.512741	0.077985	0.124483	-0.339487	0.425138	0.783671	-1.122881	-1.520511	0.759338	0.308341	0.495669
TCGA-E2-A570-01	-0.982387	-0.522764	0.251700	0.166729	-0.207556	0.033239	1.062657	1.644141	0.348741	0.851741	-0.170102	-0.722830	-0.582703	-0.988363	0.870365	1.121132	-1.482752	0.335898	0.003388	-0.689280	-0.986405	0.541776	-0.655819	0.179053	0.391410	0.140810	1.579058	-0.758073	-1.377791	0.959513	-0.914048	0.631462
TCGA-E2-A572-01	0.081337	-0.011560	-0.257524	-0.538337	0.048235	-1.066031	-1.464995	-0.257201	-0.967514	1.238533	1.062876	0.630944	-2.248541	-0.191270	-0.326353	1.260885	-0.234476	-0.050556	-0.360396	-0.645166	-0.266398	1.210816	1.053188	-0.857579	-0.164303	1.883815	-0.630860	-0.327013	-0.325202	0.781971	1.386183	0.533579
TCGA-E2-A573-01	1.522936	2.221189	-1.224483	-0.923402	-0.664842	0.342758	1.582830	0.204230	-0.011110	-1.010408	-0.360203	0.122502	0.583963	-0.057253	-1.842473	0.008819	-0.043988	0.988427	1.153775	-0.089776	-0.205465	-0.120621	-1.271782	0.007422	0.505506	-0.812255	-0.710690	1.275784	1.727742	-0.688930	-0.521645	-1.908519
TCGA-E2-A574-01	0.906264	1.485651	0.323728	-0.716567	-2.056731	-1.355045	1.230451	0.374706	0.819387	-0.813353	-0.445717	1.871103	-0.010602	1.675249	-1.845565	-0.196201	-1.407511	0.314375	0.316797	-0.451134	1.634050	-1.878522	0.623635	0.593727	0.795033	-1.321433	-1.169006	0.805533	0.570982	0.809452	-1.685012	-0.153191
TCGA-E2-A576-01	0.216045	0.113220	-1.306822	1.067025	-1.445554	-0.533094	-1.372716	0.249268	0.699823	1.639092	1.976251	-0.519090	-0.544217	-0.604735	-0.037645	-0.110810	0.445047	-0.185141	-1.154346	0.291895	0.912848	1.019930	-2.190796	-0.541506	-0.313862	0.081635	0.251551	-0.413120	-0.976266	0.962599	-0.115684	2.479431
TCGA-E2-A9RU-01	0.475843	-0.655833	0.125917	1.715879	-2.037726	0.993868	0.421070	2.088131	0.264025	1.365683	0.368757	-1.073627	-0.293941	0.274095	1.169437	-1.729503	0.583949	-1.903246	-0.815920	-0.646803	0.430931	0.956295	-0.567937	-0.326122	-0.429587	-0.025162	-0.029572	-1.332466	-0.594954	0.108778	-0.018517	1.227691
TCGA-E9-A1N3-01	-0.458350	-0.403524	-0.693499	0.105467	1.819198	1.132687	0.599840	-1.377156	-0.692248	-0.614130	0.095226	0.918100	-0.055706	-0.014436	0.806406	1.572212	-0.035822	0.201622	-2.234067	-0.327170	-1.214705	-1.489563	1.230419	0.291441	-1.306031	1.132247	0.185851	-0.549363	0.690758	1.166204	0.831423	-1.393692
TCGA-E9-A1N4-01	0.677856	-1.279418	2.400015	-0.283284	0.220916	-0.470560	-1.799453	0.223793	-0.666878	0.317213	1.125317	-0.882592	-0.820073	-0.459626	-0.701235	1.392121	-0.616117	1.722958	-0.091343	0.950447	-0.105595	-0.081403	0.996903	-0.460272	-0.133747	0.952302	0.321340	-0.971226	0.151527	-0.181470	-0.165745	-1.640098
TCGA-E9-A1N5-01	-0.166072	0.658039	0.020718	0.298225	-0.389259	1.070230	-0.415078	-0.500647	-0.789455	-0.010891	0.832774	-1.990473	0.440746	-1.231303	1.039029	-0.657294	-0.653886	0.579473	-0.164227	0.807665	-0.315420	-0.556770	-0.202740	-0.210853	-0.204352	0.466252	1.458262	-0.968728	-0.506935	1.508871	-0.227634	0.944275
TCGA-E9-A1N6-01	-0.371689	1.139972	-0.563508	-0.689971	1.484992	0.385703	1.398102	-1.079047	2.016066	-0.113012	-0.614322	-1.482278	0.748562	-1.068348	1.393676	0.890301	0.389809	-0.896651	0.145541	-0.973250	1.323938	-0.845455	1.284374	0.362997	-1.139710	-1.363672	0.701122	-0.594074	-0.417771	-1.107740	-0.042585	-0.381599
TCGA-E9-A1N8-01	0.253094	0.702922	0.043614	-1.159908	-0.760683	1.659940	1.215494	1.241725	0.503145	-1.710448	-1.053577	0.899368	-1.348017	0.996046	0.771610	-0.154957	-0.804061	0.590192	0.106160	0.038298	-0.496342	-1.149847	-0.924796	2.159252	0.878579	-1.152189	-2.096335	1.065010	1.842776	-1.327837	-0.473013	-0.488756
TCGA-E9-A1N9-01	1.715267	-0.446660	-0.595354	0.597319	0.505870	1.089148	-0.684296	-0.272638	0.402027	-1.961644	0.548309	-1.307145	1.434327	-0.775619	0.597393	0.659639	0.209755	0.166059	-1.349282	0.136297	-0.249398	0.688660	-1.412022	0.068142	1.016791	-0.650879	0.533697	0.549451	0.331159	-0.380653	-1.510850	0.294165
TCGA-E9-A1NA-01	-0.149839	0.610863	-0.773389	0.871603	-0.827439	0.580889	-0.132505	0.574818	0.650371	0.692563	2.100072	-0.701436	-0.819175	-0.152365	1.161824	-1.474828	1.685289	-0.157513	-0.402750	0.231669	1.502866	-1.787334	0.988981	0.568791	-2.184486	-2.129723	0.125364	-0.323599	-0.405452	-0.467512	0.280336	0.137584
TCGA-E9-A1ND-01	0.160239	1.240100	-0.894651	-1.761838	0.047593	0.305384	0.471777	1.231280	1.159543	-0.017148	0.675690	-0.837819	1.055639	0.469507	-0.906989	-0.803180	1.084519	-0.668215	1.759116	-1.048876	-0.283023	0.118222	0.189841	-0.501152	-0.474078	-0.198079	0.520394	0.844085	1.836114	-1.038892	-2.314529	-1.521405
TCGA-E9-A1NE-01	0.403437	0.758914	-0.823082	-0.031879	0.635048	0.456962	-1.844752	-0.714829	-0.356961	-1.243930	-0.296028	-0.278133	0.289105	0.307173	1.133644	1.502481	0.837404	0.972022	0.481650	0.573517	-1.103666	-0.641256	-0.940795	-1.079658	2.001495	-0.378785	0.165626	0.021321	0.008768	-0.036071	-0.432744	-0.313322
TCGA-E9-A1NF-01	0.209148	-1.258961	-0.184410	2.347820	0.660599	1.987053	0.372171	-0.454171	-0.224277	0.476129	-0.219964	-0.917189	-0.285909	-0.837391	0.459661	-1.156049	0.582269	-1.509754	-1.143443	0.616324	0.717867	-0.313344	0.262098	0.665386	-0.415401	0.394708	0.514171	-1.034042	1.108551	-1.409718	-0.246013	0.230001
TCGA-E9-A1NG-01	0.786004	0.265865	1.391247	-0.128772	0.480559	0.550865	-0.433172	0.073452	0.100756	-1.231006	0.976843	0.787373	0.928236	-1.487827	0.886351	0.376986	-0.709780	-1.255164	0.739656	-0.321662	-0.579014	-1.081371	0.489138	-0.264535	1.371941	0.377131	0.470687	-1.427283	0.724700	-0.569263	-0.418719	-2.056311
TCGA-E9-A1NH-01	0.335518	-1.403886	-0.632588	-0.090387	0.435133	1.644941	-0.039970	0.128381	0.472650	-0.176042	-1.189674	-0.974397	-0.565628	-0.680070	1.745812	1.493425	-0.340095	-2.147807	0.895676	-0.673801	-0.436762	0.835241	0.614759	0.320438	1.011528	-0.044961	0.035355	-0.018091	0.321520	0.226134	0.180740	-1.232265
TCGA-E9-A1NI-01	-0.713864	-1.664309	0.656600	0.086128	0.647062	0.399182	0.581085	-1.240820	1.388440	-0.216812	-0.317635	-0.442098	-0.196343	0.113632	2.772172	-0.193274	-1.483696	-0.109021	0.211038	-0.853371	0.159105	0.039641	0.819365	-1.960408	-0.851725	-1.505657	1.384594	0.540742	-0.286558	1.460542	0.197206	0.589357
TCGA-E9-A1QZ-01	0.249348	-0.460284	0.510348	-0.804357	2.119184	-1.176763	-0.942087	-0.685345	-0.087056	-0.720707	0.058641	0.342084	0.475741	1.249139	-1.015946	1.420133	-0.877937	0.849284	-0.530596	1.389018	-1.254423	0.933837	-0.469007	-1.749564	0.363824	0.215404	0.065840	1.374748	-0.588053	-0.546991	0.121492	-0.062188
TCGA-E9-A1R0-01	-0.141094	0.363343	0.598253	-0.921934	0.232419	-1.197763	-0.295476	0.132639	0.005348	1.099373	0.192490	0.103444	0.395562	0.168794	-0.519467	1.061156	-0.684917	1.494441	0.632189	0.357447	-0.221307	0.297316	-2.084270	-1.680007	-0.733594	0.973610	0.892759	-0.447218	-1.730025	0.566709	0.778520	0.210503
TCGA-E9-A1R2-01	1.247392	1.105092	-0.684004	0.013073	0.468753	1.692148	-0.066490	0.300506	-0.167709	-0.497060	-0.668300	1.269782	2.023482	-0.208539	0.444238	-0.376093	0.025994	-0.477327	0.695778	-0.747063	-0.216362	-0.291450	-1.459468	-1.981213	0.153035	-0.154237	1.204183	-0.450168	-1.390833	0.076209	0.116435	-0.952995
TCGA-E9-A1R3-01	0.601117	0.333219	0.827186	-0.145804	0.029411	0.609923	0.418790	0.031390	-1.566656	0.262235	1.517512	0.460524	0.336641	-0.976879	0.431863	1.531387	-0.534094	0.916067	-0.098865	-0.065601	-0.025816	-0.763214	-0.906066	-0.840300	1.181095	-0.251293	0.999216	-1.766867	0.143279	-0.398390	0.131683	-2.532936
TCGA-E9-A1R4-01	-0.355579	1.411232	-0.173829	0.541824	1.352240	-0.029421	-1.110469	-1.353771	0.169341	0.039508	0.161335	-0.223820	-0.298122	-1.045930	1.324252	0.260090	0.834666	0.184668	0.252324	-0.124299	0.541769	-0.685253	0.392617	0.803795	1.988005	-1.751557	-0.169060	-0.554032	-1.674789	-0.796321	0.313276	-0.264458
TCGA-E9-A1R5-01	1.657290	-0.835266	-1.049032	1.474879	-0.646034	1.161907	-0.277399	0.103827	-0.910528	0.819250	-0.373230	-1.576439	-0.387886	0.390641	1.973518	-1.916530	0.156960	-1.124148	-0.556311	0.230718	0.436847	-0.437869	0.748100	0.706419	-1.807346	-0.885893	0.057530	0.666151	-0.478053	0.570289	0.602972	1.515103
TCGA-E9-A1R6-01	1.166400	0.311904	0.267388	0.388560	0.845606	0.175813	-1.706360	1.331624	1.127634	-0.685064	0.696587	-0.327925	-1.000322	-1.190337	2.299044	-0.868907	0.111461	-1.287351	-0.677547	0.233120	0.638739	-1.430194	-0.256550	-1.471218	-1.345954	-0.065781	-0.307272	-0.129429	-0.741770	1.650373	0.069315	2.185832
TCGA-E9-A1R7-01	-0.203363	-0.028580	-1.766659	0.278275	1.336487	0.136708	-1.455148	-0.826132	0.091004	0.941116	-0.360555	0.560053	1.167083	-0.369855	1.558916	-0.132178	0.840234	0.093604	-1.174563	-0.019032	0.579022	-1.098243	-0.462517	0.474744	-0.789296	-0.175973	-1.198782	0.568050	-0.472118	1.355673	0.153313	0.387496
TCGA-E9-A1RA-01	-1.500840	0.521511	-0.982317	-0.399749	0.962023	2.293900	0.464805	-0.194114	0.261318	0.295698	-1.735988	-1.672297	0.315164	-0.588133	0.347380	1.062915	-0.420655	-0.839585	0.303148	0.413084	-0.690790	0.538321	0.844461	0.237552	0.500055	-0.404010	1.246508	-0.395097	-0.459627	0.873603	-0.819376	-0.361785
TCGA-E9-A1RB-01	0.854459	-0.016377	1.333806	-1.134787	0.175973	0.747015	0.647572	0.068898	-1.352301	0.330714	-0.586976	-0.677142	0.451422	-0.493778	0.512025	1.852365	-0.058250	0.333135	-0.341449	-0.155257	-2.171803	-0.564645	1.209597	-1.191899	1.009495	1.140389	-0.397097	-1.771182	0.660588	0.340453	-0.725674	-0.087370
TCGA-E9-A1RC-01	-1.487543	-1.497737	-1.236082	0.742799	-0.427744	2.014047	1.258794	0.142073	-0.158365	0.662179	-0.542667	-0.944138	0.795498	0.418446	2.490960	-0.656708	-0.258730	-2.204893	-0.837449	-0.116399	0.867481	0.154663	0.801133	-0.277803	-0.784068	-0.961211	0.138845	0.555147	-0.225782	0.807431	-0.733077	1.670723
TCGA-E9-A1RD-01	0.319088	-1.262974	1.930293	1.331253	-0.611657	0.341852	-0.214329	0.739327	-1.354441	0.556337	0.755956	-1.095954	-2.235853	-0.029610	1.397182	1.390015	-0.069631	0.637184	-0.354562	-1.173008	0.455924	-0.216679	-0.909640	-0.888781	0.146127	0.182668	0.843839	-0.595528	0.680913	-0.878111	0.832567	-0.550408
TCGA-E9-A1RE-01	-0.696708	-0.066014	-0.711423	1.230072	0.837328	0.537638	-0.444616	-0.013291	0.854884	0.677052	0.144235	-0.523403	0.230949	-1.341532	1.096028	-1.776165	1.509162	-1.108965	-1.984877	1.720477	1.479324	-0.271245	0.040749	-0.482446	-1.142951	-1.104943	-0.248783	0.472370	-1.167179	0.541221	-0.652373	2.298390
TCGA-E9-A1RF-01	0.668186	0.196363	-0.775565	-0.695665	0.076404	-0.530482	-0.744434	-1.402559	0.276818	-1.172630	1.392553	0.372529	0.779159	-0.821740	1.521563	0.839278	0.874769	-1.141334	0.092250	1.513132	0.982555	-1.521768	0.114637	-0.874487	-0.044106	-1.301856	0.143894	-0.102323	-0.703440	0.864686	0.490123	0.458101
TCGA-E9-A1RG-01	0.625050	0.160193	0.665002	-0.535723	1.390592	0.924890	-0.203869	-1.193560	0.297195	-2.371463	0.340580	1.036954	1.556601	-1.343570	0.569749	0.468821	-1.769664	0.712002	-0.666276	0.506861	-0.361110	-0.456004	0.430458	-1.678230	0.814185	-0.795663	0.949147	-0.155894	-0.516150	0.115378	-0.240307	0.555607
TCGA-E9-A1RH-01	2.182893	0.358641	0.020892	-0.396874	0.562779	-2.075448	2.080562	-0.281014	0.491327	-0.145078	-2.165923	-0.183121	-0.963101	0.075899	0.467771	-1.618030	0.532153	-0.369896	0.634731	-0.274064	1.283413	-1.192181	0.920824	-1.059835	-1.828052	0.120244	0.814678	1.643430	1.077947	-0.865088	-0.165081	0.155896
TCGA-E9-A1RI-01	-0.075032	0.217276	0.478889	0.767756	0.381557	1.458767	-1.691265	1.532510	0.499596	-1.317985	0.359622	-0.657125	-1.017217	-0.191939	1.319709	1.353386	-0.487919	-1.039236	0.501417	0.413387	-0.052385	-1.613879	-0.823045	-0.859747	0.638824	0.360304	1.363232	-0.151978	-0.196126	-0.498268	-0.502470	-0.435849
TCGA-E9-A226-01	0.960975	-0.252456	0.907315	-1.331090	-0.749194	-0.168106	0.867056	0.058268	-0.033134	-0.722909	1.302617	-0.024936	-0.251101	-1.952235	0.268909	1.433864	-1.968486	0.621949	-1.389939	0.286997	0.618639	0.164916	1.128818	0.528034	0.166252	0.548089	0.804503	-1.692274	-0.718803	-0.329339	0.394289	0.256987
TCGA-E9-A227-01	-0.184226	-0.321054	0.848313	-0.758041	1.569646	0.561430	-0.882103	-0.950926	-1.271867	0.379409	-0.883570	0.706541	0.918028	-0.261604	-0.857175	0.694903	-0.115460	-0.154360	-0.152749	1.235637	-1.313397	-0.496858	-0.002577	0.138729	1.316502	1.290951	0.335692	-1.276846	-0.560425	0.458766	0.284345	-0.461997
TCGA-E9-A228-01	-1.633004	1.343941	-1.128991	1.892537	0.742053	0.492532	-0.663437	-0.478415	1.085007	-0.279409	0.782345	0.838312	0.674554	-0.443002	0.215226	-1.406608	0.612382	-0.317391	-1.638805	0.552293	0.950731	-2.112447	0.753621	0.542360	-0.933913	-1.468446	0.718999	-0.292330	-0.862170	-0.529743	0.150665	1.770058
TCGA-E9-A229-01	-0.395267	-0.066748	0.151343	-0.979555	0.953203	0.707957	-0.958711	-0.569596	0.376364	-0.580967	0.502952	0.442099	0.319462	-1.371160	1.777754	1.886024	-1.195863	-0.002562	0.477976	0.638412	-0.819006	-1.087096	0.997296	-1.078891	1.160152	0.153484	0.174146	-0.906441	-0.300272	0.253625	-0.664244	-0.075920
TCGA-E9-A22A-01	0.463055	2.200988	-0.933265	1.129823	-1.130941	-0.739104	0.250647	0.130441	-1.498867	-0.250797	1.993820	-1.006927	-1.175740	-2.174667	-0.582479	-0.192013	0.969127	1.157029	0.539120	0.180284	0.299352	-0.489985	-0.604593	-0.182840	0.130038	-0.212221	0.761865	-0.411050	0.652968	-0.522197	-0.047452	1.328561
TCGA-E9-A22B-01	-0.417262	0.986325	-2.632532	1.057631	0.159658	0.674878	-0.899894	-0.084470	0.448966	-0.646901	1.157970	-0.165801	0.961996	0.131284	0.485075	0.273874	0.648295	-1.340107	-0.469072	0.563814	-0.047582	-0.202966	-1.462674	-0.809606	-0.088734	-0.249222	1.039729	-0.056739	-0.281110	-0.137034	0.219797	1.303284
TCGA-E9-A22D-01	-0.344040	1.378516	-0.965282	1.737042	0.622983	2.032049	-2.505726	-0.062558	-0.189522	-0.852653	0.836034	-0.293771	-0.129966	-1.363350	0.202079	0.335176	1.572753	-0.662562	-0.046546	0.038234	0.701206	-0.547692	0.201411	-0.574995	0.022937	-0.537504	0.158801	-0.644365	-0.087734	-0.058002	0.168267	-0.090009
TCGA-E9-A22E-01	-0.191773	-0.006117	0.921489	-0.657958	1.922545	0.816653	1.555180	-1.942844	-0.703687	-0.857125	0.623712	0.196284	0.720093	-1.545112	0.797019	0.160678	-1.187271	-0.148687	-0.381695	-0.410727	1.429252	-1.027893	1.604465	0.376671	0.119847	-0.667107	-0.291680	-1.600637	0.100290	-0.227772	0.913650	-0.565265
TCGA-E9-A22G-01	0.611244	1.038256	0.163923	-2.399926	0.150278	0.802210	0.578157	0.789852	1.198272	-0.985593	-1.620571	0.345667	-0.629566	1.567709	0.089918	-0.275212	0.093822	1.858741	-0.753080	0.538376	0.508597	-0.855776	-0.280646	0.742319	0.501669	-2.198071	-2.223723	0.899012	1.928170	0.312585	-1.549328	-1.260476
TCGA-E9-A22H-01	-0.653061	-0.979279	0.787957	-0.458966	1.101713	0.981360	-1.184639	-1.333470	0.590110	-0.569766	-0.044189	-0.211501	0.690589	-1.133825	2.356507	2.024451	0.073624	-0.775276	-0.355401	-0.636399	-0.303479	-0.697872	0.936328	-0.623375	0.805101	-0.205823	0.694018	0.268554	-0.545352	0.934458	-0.149407	-1.446644
TCGA-E9-A243-01	0.567941	0.452094	-0.156955	-0.966629	0.498537	0.176412	-0.094755	-0.713453	-0.746204	-0.964460	-0.358059	-0.049431	2.209538	0.503251	-1.383104	0.066083	0.277947	1.406429	1.256775	0.085308	-0.631199	-0.388489	1.819130	0.457163	-0.090559	-0.497443	0.105830	0.636461	1.172842	-0.484492	-2.062901	-2.431064
TCGA-E9-A244-01	0.257902	0.212091	0.345615	-2.580604	-0.152583	0.932259	0.630034	0.390749	1.016184	-1.258464	-1.275447	1.973439	0.602663	1.686480	0.069056	-0.427774	-0.489535	0.726407	0.939056	0.336647	0.024742	-0.756404	-0.713408	0.525111	-0.378626	-0.966459	-1.777152	1.225660	0.615351	-1.126521	0.014312	-0.892655
TCGA-E9-A245-01	0.234966	-0.144115	0.086007	0.564084	1.304034	-0.110344	-0.139161	-0.833840	-1.220268	-0.632551	0.968095	1.334313	-1.152921	-0.349380	-0.317560	1.604358	-0.149057	0.177580	-1.877859	-0.549197	-1.624068	-0.970681	0.668031	-0.172449	-0.725033	2.397900	0.071552	-0.454596	0.271982	1.447732	1.523312	-1.332765
TCGA-E9-A247-01	0.065624	-0.120629	-0.568027	0.021948	-1.065546	0.668136	-1.306537	0.792060	0.888239	0.193017	1.220973	-0.080098	-0.684692	0.212720	0.644737	-0.039650	0.963223	-2.202460	-1.170668	1.198259	0.402782	-0.175168	-0.966343	-0.844393	0.838308	-0.644806	1.022414	0.896061	-1.136481	0.124611	0.026664	0.765308
TCGA-E9-A248-01	0.058074	0.615451	-1.184664	-0.588639	0.291888	0.563431	1.051152	-2.515388	-0.530956	-0.708284	-2.045652	0.997139	-0.141245	-0.155692	-0.480551	0.366203	-0.387219	0.593963	1.488282	0.089691	1.046184	-0.485227	1.188439	0.636659	0.127361	-1.115538	0.876216	1.807686	0.604209	0.915796	-1.936203	-1.205003
TCGA-E9-A249-01	-0.771347	-0.863000	0.701302	-0.834920	0.684551	1.854222	0.772392	0.514451	0.291250	0.327592	-1.326738	-1.560605	0.524528	0.073719	1.033232	-0.205267	-0.835065	-0.644468	0.180786	-1.068196	-1.544725	0.771588	1.599985	-0.531892	-0.011414	-1.391223	0.985805	-0.176620	-0.150099	2.058545	-0.652174	0.202847
TCGA-E9-A24A-01	-0.814552	0.476255	0.946439	0.962111	1.195581	2.645633	-0.518787	-0.729139	-1.380119	-0.920438	0.545749	0.618185	0.774091	-0.921297	-0.015885	0.624650	-0.168431	-1.256427	0.226596	-0.448717	-0.564589	-1.831370	0.420254	0.436814	0.723078	0.387066	0.017861	-1.263823	1.351830	0.178552	0.407321	-2.165265
TCGA-E9-A295-01	0.538863	-0.368826	0.392281	0.100271	-1.128449	-0.873589	0.090415	0.267372	-0.036086	0.009006	2.320824	0.307406	-0.985511	-0.574880	-0.349277	0.690720	0.072317	-0.130896	-1.406359	0.606238	0.792893	1.699907	-2.120095	-1.765887	0.278511	0.258966	0.707870	-0.210322	-0.273094	-0.290791	0.165483	1.152368
TCGA-E9-A2JS-01	-0.514183	0.161651	-1.380868	1.669731	-0.994874	-0.786570	-0.220888	1.842058	0.096046	1.235504	1.911589	-0.298156	-0.615609	0.632475	-0.536951	-0.944551	0.570629	-0.202661	-0.035933	1.094724	0.394843	1.023683	-1.339869	-0.114011	-0.908915	-0.868660	0.142260	-1.104318	-1.360617	0.479859	0.079451	0.850412
TCGA-E9-A2JT-01	-0.743777	1.147571	0.275589	0.149874	0.442477	-0.162830	-0.497448	0.336443	-2.286379	0.416599	0.310311	-1.472138	-1.068136	-1.363366	-1.623044	-0.439878	1.019018	1.425168	1.182356	0.656964	0.230417	1.029206	-0.925900	1.794888	0.497624	0.341877	0.167469	-0.235982	-0.171218	-0.872333	0.698629	-0.330631
TCGA-E9-A3Q9-01	0.653896	0.331206	0.950698	-0.717197	1.722558	-0.120038	-0.297199	-1.669052	-0.906064	-0.636118	0.380601	-1.035850	-0.260222	1.022629	0.034146	-0.016968	-0.351732	0.519684	-1.631013	0.031742	-1.079854	-0.252247	1.631854	-0.626866	-1.136902	1.436530	0.335250	0.101348	-0.754244	1.685531	1.413934	-1.001343
TCGA-E9-A3QA-01	0.728040	1.716124	-0.268879	-1.776613	0.090170	1.000073	-0.560151	1.064082	-0.163026	-1.250514	-0.529357	-0.655552	0.125212	0.982782	-1.500271	-0.021206	0.924189	2.100943	1.007878	0.065713	-0.863016	0.848814	-0.248272	0.695078	0.157416	-1.133206	-1.657401	1.244176	1.094767	-0.646477	-1.310759	-1.492107
TCGA-E9-A3X8-01	0.395379	-0.392980	1.141142	0.323899	-0.749278	0.091894	-0.150319	0.620998	-0.336807	0.509658	0.145510	-1.312254	-0.306474	-0.545192	-1.441168	1.026679	-0.043178	0.347817	0.842597	0.461555	-1.312966	0.983428	-1.994397	0.346590	0.894828	1.598773	0.315961	-0.814481	0.140018	-0.012642	-0.111782	-0.794065
TCGA-E9-A54X-01	-1.538169	0.420894	0.192428	0.349087	1.424451	2.337293	1.092333	-0.944393	-0.097418	-0.260668	-1.635067	1.377005	-0.407623	-0.598098	-0.112627	0.579670	-2.069511	0.569007	-0.741203	-0.937335	-1.203897	-0.398892	1.652552	0.001001	-0.836826	1.511304	0.735602	-0.923677	-0.156878	0.579740	-0.761667	0.841976
TCGA-E9-A54Y-01	0.146305	0.378849	0.746855	-0.413719	-0.233277	-0.807065	-1.948442	0.035707	2.424959	1.410784	0.837317	0.675299	-1.529021	-0.737664	1.001994	-0.336648	0.005898	0.933500	-0.068726	-0.709687	0.747720	0.587346	0.184116	-2.459162	-0.118703	-0.892289	-0.456270	-0.937070	-0.699699	1.051095	0.029088	1.051164
TCGA-E9-A5FK-01	0.340487	-0.669641	-0.022032	0.896515	-0.724345	-0.207281	-0.540754	-0.873839	0.076392	1.236336	0.833208	-1.944505	-0.954626	0.470734	-1.299849	1.672804	0.842936	0.113387	-0.669410	0.310012	0.564012	1.592018	-1.565846	0.727806	1.021360	0.203289	0.200067	-0.956688	-0.766508	-0.231568	-0.191207	0.450968
TCGA-E9-A5FL-01	-0.037011	1.635737	-1.262776	-0.759689	-0.148509	-1.564291	0.278888	0.328650	0.602798	-0.104347	-0.244601	-0.182138	1.182103	1.199053	-2.357016	-0.473616	-1.036366	0.202353	0.294444	0.531746	0.409342	-1.394595	-0.165708	1.187647	-0.440899	-0.543274	1.185264	1.140156	1.370731	0.067997	-1.325564	0.135746
TCGA-E9-A5UO-01	-0.800995	-0.260466	1.201207	0.624942	0.742629	-0.623479	-1.254427	-0.280542	0.589543	1.291501	1.356135	1.856299	-0.075546	-0.371538	0.294847	-1.208464	0.468878	-0.264489	-0.923187	-1.892382	0.619771	-0.081872	1.468050	-1.475931	-2.107835	0.442987	-1.728894	-0.180458	-0.177722	1.549790	-0.050793	1.188232
TCGA-E9-A5UP-01	-0.392730	-0.594946	1.001471	1.262931	-0.496089	0.649449	0.998849	1.393183	-0.318823	1.161330	-0.085591	-1.581936	-0.772155	0.985698	1.014829	-2.542906	-1.024540	0.526756	-0.898122	-0.925445	-0.584830	0.453366	1.657965	-0.650890	0.297764	-0.948275	0.113059	-1.369105	0.245585	0.525478	-0.382167	1.316731
TCGA-E9-A6HE-01	1.724686	-0.537962	-0.313031	-0.054977	-1.232826	-0.419344	-0.746568	0.914209	0.674392	1.343862	0.007224	-2.203175	-0.165726	1.377424	0.834760	0.322294	-0.225904	-0.474448	0.254819	-0.686109	-0.810441	0.642028	-1.432003	-0.770428	-0.137998	0.887227	0.547462	-0.636835	-1.369789	1.190976	0.372409	1.169285
TCGA-EW-A1IW-01	-1.198511	-1.490154	-1.953325	0.355506	-1.033327	0.146369	-0.986905	0.063635	-0.591367	1.198226	-0.910853	-0.120528	-0.220238	1.463792	0.048888	0.178356	0.453082	-0.715588	1.096028	0.225816	0.507195	1.323428	0.305248	-0.132872	-0.036761	-0.330634	0.382559	1.099692	-0.924509	1.405547	-0.940964	1.445104
TCGA-EW-A1IX-01	0.234083	0.755955	1.323703	0.616427	1.706584	0.022819	-1.039172	-0.132483	-0.278592	-0.862358	-0.292120	-1.079962	-0.828991	-0.206607	0.770994	1.343689	-1.557395	-0.039157	-0.315574	1.337904	-0.429086	-0.991098	-0.381371	-1.449125	1.562430	-0.123494	0.853068	-0.274003	0.213956	-1.014459	0.421775	0.030244
TCGA-EW-A1IY-01	-1.345001	-1.231665	-0.895477	-0.387080	-0.466585	2.096774	0.373235	0.465174	-0.885373	-0.409933	-0.649919	-0.192277	-0.425008	-1.640768	1.189483	1.327278	-0.122484	-0.013774	1.081645	0.545288	-0.709289	0.545617	1.275391	1.276266	-0.110903	-0.436921	1.285176	0.485076	-0.293832	-0.242333	-0.677122	-0.813780
TCGA-EW-A1IZ-01	0.837203	1.078300	-1.387996	0.416178	0.574617	0.460680	-1.690095	0.937131	-0.285404	-1.346128	-0.313463	0.848292	-0.960367	-0.714872	0.933875	-0.426153	1.221695	0.139325	0.541876	0.348645	-0.478489	0.236252	-0.804497	0.562512	1.100121	-1.061706	0.608220	0.353609	-1.427393	-0.596321	0.131754	0.210914
TCGA-EW-A1J1-01	0.735535	0.386182	1.040415	0.231552	1.753338	0.596902	-0.975684	-0.340619	0.145111	-1.739445	0.881443	0.627899	0.580187	-0.949549	1.247200	0.541319	-1.293203	1.295258	-0.891478	0.403969	-0.552811	-2.260383	0.287386	-2.072307	-0.312454	-0.287824	0.584652	-1.318132	0.238444	0.582080	0.072925	0.649027
TCGA-EW-A1J2-01	0.298959	-0.955482	-0.010202	-0.307865	0.525654	-0.142986	-0.842292	-0.243359	0.134986	0.209651	-1.261363	-0.510729	0.910239	1.423750	1.351876	1.253617	-0.657491	-1.127454	0.679759	-0.631018	-1.076207	0.333514	-1.327022	-0.648678	1.638728	0.040729	0.692039	0.546000	-1.284569	0.491745	0.472885	0.099264
TCGA-EW-A1J3-01	-1.185083	-1.105648	-0.404459	0.149525	0.779300	0.198924	-0.142421	0.248933	0.007941	0.442229	-0.312871	0.490205	-1.313441	0.328394	1.344239	1.127489	-1.131788	-0.552010	1.334081	0.295916	0.060319	0.909231	-0.360910	-0.405826	1.804924	-1.388902	1.134817	-0.935168	-1.591965	0.706214	-0.615208	0.185691
TCGA-EW-A1J5-01	0.980878	-0.764575	0.351066	0.259774	0.723308	-1.153626	-1.944551	0.548554	0.775746	-0.287695	-0.303901	-0.222078	-0.194501	-0.030474	2.078255	0.408605	-0.118875	-0.887097	0.716896	0.031679	-0.169243	0.742013	-0.886190	-1.555682	1.875653	-1.439848	0.631083	-0.148918	-1.156611	0.776998	0.488293	-0.137508
TCGA-EW-A1J6-01	1.021126	0.343062	0.406841	-0.243366	0.490054	0.558499	-0.854280	-0.407551	-1.205236	-1.882978	1.346932	-0.065587	1.107393	-0.952011	0.706456	0.207161	-0.368865	0.161944	-1.770392	1.093674	-0.382698	-0.604053	0.777272	-0.274611	0.437616	-0.410637	0.932416	0.267134	-0.746065	-1.203020	-0.441593	1.826588
TCGA-EW-A1OV-01	0.123458	0.881762	-1.331223	-0.568346	0.415026	-0.014944	-1.026775	-0.692502	1.177329	-1.150007	-0.375669	-0.873004	-1.135060	-1.638979	0.896916	-1.283269	0.838082	-0.345497	0.668100	0.546483	0.201964	1.319817	0.365671	1.390216	1.163394	-0.394578	-0.004007	0.560007	-0.109856	-0.762226	-0.029041	1.130971
TCGA-EW-A1OW-01	1.557092	0.643193	0.201906	-3.112669	-0.581770	0.360352	1.050382	1.353063	1.142267	-1.026609	-1.126323	0.301450	-0.883341	0.564510	-0.010138	0.488500	-1.090525	1.246964	-0.295790	0.269767	-0.946219	-0.008432	-1.013933	1.288741	0.347711	-0.395181	-2.157445	1.122335	0.922031	0.143233	-0.456265	-0.182634
TCGA-EW-A1OX-01	-1.169063	0.291740	-0.209763	0.996638	0.317142	-0.416715	-1.235239	-0.651526	0.885149	0.381193	3.130341	2.477249	-0.018460	-0.656860	1.018090	-1.042163	-0.031240	0.519354	-0.970669	-0.945348	0.493372	-1.795592	0.994243	-0.345128	-1.705600	-0.768067	-0.590867	-0.182164	-0.415977	0.467842	0.814299	0.234324
TCGA-EW-A1OY-01	1.483212	-0.320221	0.230575	-0.484934	-0.060446	0.019519	1.247840	-2.454167	-0.347585	-1.923390	-0.009565	0.221882	0.858955	-1.312623	1.252779	1.273821	-1.091042	-0.186284	-1.382089	1.260911	0.536370	-0.900443	0.493124	-0.970393	1.141110	0.107500	0.625721	0.019543	-1.044777	1.226305	-0.634522	0.932886
TCGA-EW-A1OZ-01	0.280325	0.536132	-0.057557	1.658798	-0.045395	-0.521011	-0.060997	0.024531	2.458994	0.571149	-0.443968	-1.904773	-0.378073	-0.307850	1.147443	-1.955876	-0.025427	-0.787740	0.308847	0.667629	0.437593	0.118598	-0.287365	-0.861394	-0.120855	-1.529794	0.603085	-0.327948	-0.751164	-0.377117	0.582348	1.244530
TCGA-EW-A1P0-01	0.306521	1.825370	0.370435	-0.363421	1.408141	1.201517	0.518519	-0.755906	0.290227	-0.942293	-0.734549	0.051677	-0.151374	-1.634005	1.088728	0.115311	-0.158990	0.614953	-0.202628	-0.400161	-1.407940	-1.364069	-0.060968	-0.624607	-0.526865	-0.207640	-0.333158	-0.769984	-0.711028	1.915333	1.338142	0.253146
TCGA-EW-A1P1-01	-0.144254	0.086060	-0.808039	-0.175267	0.971060	-0.879369	-0.880508	0.266325	0.457925	-0.421412	-0.787173	-0.500402	0.491601	1.066256	-1.650055	0.192657	0.040957	-0.514196	1.612094	0.706740	-0.874701	0.326123	-1.103619	0.488788	0.416900	0.978477	0.727313	1.349331	0.583657	-2.083861	-0.024325	-0.017679
TCGA-EW-A1P3-01	-0.558344	0.109394	0.359671	-0.148354	0.273803	-0.026686	0.121106	-0.832514	0.410021	0.358132	-1.452682	-0.030541	-0.644762	0.769459	1.509621	0.868084	-1.226909	0.182835	0.193057	-0.634906	-1.417425	0.478830	-0.503064	-1.564498	1.264840	-0.400059	1.734533	0.773540	-1.612556	0.044277	0.893020	0.800820
TCGA-EW-A1P4-01	0.737450	1.545535	-0.747670	-1.697347	-0.377167	1.215721	0.210165	2.095405	0.749880	-1.229315	-0.054372	0.412587	1.729830	0.555586	-0.958632	-1.135442	0.194828	-0.038165	1.197626	1.346146	-0.428638	-0.987794	-0.182682	0.144877	0.425827	-1.698999	-0.660310	-0.052472	1.051332	-0.473096	-1.344878	-1.872310
TCGA-EW-A1P5-01	0.339124	0.246357	0.375562	-0.058979	0.075803	1.794462	-2.375180	0.877917	-0.143421	-0.074751	0.382397	-0.270075	-0.965498	0.079355	1.429563	1.268019	0.487764	-1.760020	0.413236	-0.516025	-0.311213	-0.778326	0.964799	-0.997108	0.630969	-0.349962	1.077676	-0.255413	-0.635355	0.064029	-0.101623	-0.882828
TCGA-EW-A1P6-01	-0.663050	-0.966750	0.954857	0.037911	0.107020	1.467732	0.496178	-0.349076	-0.500528	-1.128374	-0.672872	-0.346059	0.577005	-0.227638	2.203717	0.292708	-1.918516	-0.326514	-0.610145	0.293994	-0.230459	-0.720851	0.544740	-1.020053	1.219334	-1.111613	1.900045	0.484401	-0.420002	0.070487	-0.730069	1.329503
TCGA-EW-A1P7-01	-0.290275	0.308996	-0.804878	-1.618394	0.362972	-0.021879	-0.981046	0.045336	-0.369015	-1.774017	-1.262062	0.092425	0.165421	1.405601	-0.666966	1.202198	0.398775	0.851047	1.267596	0.796816	-0.440472	-0.113997	-0.458199	1.311907	1.268768	-0.397529	-0.654969	1.616155	0.726136	-2.220174	0.503583	-0.379174
TCGA-EW-A1P8-01	0.809042	1.172027	-0.369543	-1.830682	0.456976	1.318115	0.342407	0.934853	-0.139922	-2.178635	-0.527807	-0.752938	1.460011	1.565417	-0.242419	-0.558552	-0.652529	0.233772	0.993494	0.088906	-1.137869	-0.392376	-0.166866	0.793104	0.234149	-0.585452	-1.168699	1.671414	1.165157	-0.916608	-1.026431	-0.767025
TCGA-EW-A1PA-01	0.585537	0.748132	-1.706069	0.772843	-0.214382	-0.191921	-1.045596	0.501646	-0.023703	0.830217	1.618581	-0.500683	-0.177634	-0.316862	0.074437	0.544966	0.620759	0.351102	-0.615164	0.450311	-1.056986	0.017582	-2.670611	-0.095932	0.782236	-0.165595	0.777531	-0.514773	-1.206881	0.525149	-0.131841	1.524895
TCGA-EW-A1PB-01	0.943357	1.289043	-0.424794	-1.056225	0.753750	0.054275	-0.169061	1.807624	-0.083135	-0.221111	-0.111500	-1.284410	1.064112	0.814578	-1.194734	-1.331954	0.386519	-0.464931	1.596828	0.005509	0.355394	-1.358949	1.201289	-0.571551	-0.781713	-0.863502	0.478825	0.649825	2.338504	-1.162310	-1.917968	-0.921764
TCGA-EW-A1PC-01	0.087270	-0.695714	-0.459513	-0.874934	0.306615	-0.862143	1.667510	-1.646675	0.671232	0.405265	0.479335	0.281837	0.302860	0.056757	0.970704	-0.150476	-0.077088	-1.256104	-0.251364	-1.529812	2.938591	1.845492	1.330964	-0.913881	-1.177556	-0.803993	-0.551806	0.675493	-0.889999	0.393579	-1.004025	0.689167
TCGA-EW-A1PD-01	-1.791272	0.722637	-0.698769	0.170723	0.379457	0.652948	-0.580717	0.417034	-0.351846	0.635733	1.007426	0.391691	0.435682	0.865307	-0.902788	-1.253700	0.060162	-1.167255	0.474643	1.399688	-0.214106	-0.773389	-0.515371	-1.015796	0.118827	0.832908	0.906861	-0.251004	-0.023688	-0.564774	0.077164	0.527629
TCGA-EW-A1PE-01	-1.344200	-1.727067	1.279668	0.497596	1.405007	0.804230	-0.239910	-1.500073	-1.593625	-0.059391	-0.070075	0.636315	0.868794	-0.477874	0.415719	-0.007045	0.748003	-1.419659	0.529686	-0.095893	-0.224848	-0.114161	0.366853	0.157213	0.940479	0.529549	-0.037597	-0.610905	1.127280	0.485769	0.907073	-2.254686
TCGA-EW-A1PF-01	0.832053	-1.032336	-0.534306	-0.068973	0.329691	0.304470	-1.439345	0.009159	-0.279171	-1.728014	0.697431	-0.747907	1.089056	0.315459	0.102784	1.149494	1.050610	-0.606235	0.531334	0.235674	-1.189014	0.109739	-1.537160	0.141336	0.168369	0.900287	0.468850	-0.070652	0.024652	1.016039	-0.027867	-0.240271
TCGA-EW-A1PG-01	0.038120	-0.974931	-0.494139	0.322186	1.062790	-1.018951	-0.719241	-0.176374	-0.207004	-0.326613	-0.853217	-0.765569	0.214824	0.977102	-0.059905	1.345444	-0.674728	-0.273395	0.534955	0.835061	-1.112640	0.664394	-0.847538	0.009898	1.934932	0.963058	0.647092	1.029161	-0.373914	-0.983558	-0.864586	0.121757
TCGA-EW-A1PH-01	1.399521	1.633907	-0.312684	-0.730987	-1.961033	-0.711187	1.706245	-1.097837	0.488575	-0.961702	-0.793071	1.057800	0.635304	0.961802	-2.164923	0.463096	-0.910617	0.902875	0.004963	-0.601561	1.061258	-1.981957	-0.436681	-0.089630	0.724609	-0.801199	0.266340	1.342433	1.285427	0.837889	-1.603796	0.125826
TCGA-EW-A2FR-01	1.086939	0.499879	-0.441291	2.108543	-0.869113	0.265970	1.886652	-0.857816	-1.551184	-0.231677	-1.578350	1.241634	-0.181123	-1.246111	-0.424984	-1.429549	-0.531929	0.185920	0.665894	-1.308785	0.508607	-0.857603	-0.675270	1.582436	0.195671	-0.187848	1.454608	0.302773	1.153535	0.058316	-0.146001	-0.680452
TCGA-EW-A2FS-01	-0.790356	0.113010	-1.132859	-0.197191	0.918093	-1.725051	-0.957587	-0.655678	-0.273027	-0.380587	1.038505	1.978606	-0.292943	0.952795	-0.661111	0.547848	0.137095	-0.473282	-0.607366	1.093093	-0.505808	-0.118560	0.312893	-0.121976	0.970879	0.000295	-0.603876	0.656662	-1.067801	-0.624147	1.006437	1.354725
TCGA-EW-A2FV-01	-0.470852	0.057828	0.428082	0.470609	0.654746	-1.297721	-0.600164	-0.377013	0.822673	-0.274945	0.067335	1.657321	-0.436949	-0.237733	0.499783	0.399353	-0.635304	1.469289	0.464547	-0.233358	0.395532	0.430873	-1.235392	-0.690840	0.958312	-1.223144	0.042526	0.467671	-0.463281	-0.656256	0.387091	-0.967465
TCGA-EW-A2FW-01	0.815109	0.419345	0.327504	0.587501	1.034040	0.674913	-1.945106	-0.673358	-1.009434	-0.124563	0.500927	0.317913	1.852110	-0.512747	1.426614	-0.419469	-0.968787	0.239370	-0.666019	-0.419960	-0.126713	-1.543260	0.364983	-1.201918	0.329702	1.052294	0.884971	-1.533170	-0.308669	0.617996	-0.081155	0.072144
TCGA-EW-A3E8-01	0.430896	0.021507	-0.388846	0.749091	-0.954964	0.115326	-1.203177	-0.023814	0.218054	1.412818	0.858736	-1.932402	-0.548387	0.343765	-0.162455	0.356582	0.582797	-0.120247	0.438739	0.688940	0.638942	1.739527	-1.641673	-1.070640	0.039937	0.235244	-0.155287	-1.151983	-1.288746	0.345099	0.158819	1.278084
TCGA-EW-A3U0-01	1.257766	1.730241	-1.470999	-1.074719	0.479896	0.063921	-0.213813	0.400739	-0.073524	-1.030766	-1.206511	-0.589221	0.387951	0.958562	-1.614131	0.174090	-0.434306	1.850493	0.765594	1.025787	-1.297994	0.544787	-1.442927	1.233663	0.791203	-1.093339	-1.159682	1.007986	0.602746	-0.192778	0.223012	-0.845959
TCGA-EW-A423-01	-0.000303	-1.340957	0.354268	0.414366	-0.363766	0.632019	-0.740021	-0.463094	-0.392543	1.155041	1.504797	0.560129	-0.766583	-0.529255	0.139526	0.454912	2.284528	-1.327661	-2.101748	-0.756701	1.659048	0.277260	0.321199	1.759183	0.370865	-1.009766	-0.768425	-1.223162	-0.252825	-0.134283	-0.020244	0.245750
TCGA-EW-A424-01	1.061094	-1.261341	0.337949	1.275829	-2.239878	0.586717	-0.292719	0.627217	-0.099865	0.889785	1.172771	-0.675259	-0.805362	1.175718	0.578210	0.228026	0.645456	-1.057338	0.191997	-0.427359	-0.730378	1.149745	-1.764688	-0.545514	0.358752	0.386932	-0.873110	-0.795768	-1.048991	0.190798	0.105119	1.755826
TCGA-EW-A6S9-01	0.414169	1.372896	-0.612499	1.242934	-0.919206	0.151780	0.140217	2.813241	0.157762	-0.157718	1.842720	0.066500	-0.480724	-1.837678	0.050846	-0.213607	-0.804287	-0.860556	-0.465922	0.263837	0.453523	-0.378158	-0.551619	-0.658351	-0.325737	0.582328	1.308372	-1.581476	-0.128756	-0.862424	-0.442854	0.402377
TCGA-EW-A6SA-01	0.289410	0.249874	0.463614	0.667367	0.072923	-0.796102	-1.172095	0.805879	1.660787	1.715468	2.116611	0.279364	-1.362781	-0.525505	0.001183	-1.705342	0.399357	-0.047785	-1.709695	0.474237	0.702596	-1.175233	0.258767	-0.675926	-2.358096	-0.625587	-0.587756	0.234214	-1.319732	1.421653	0.433988	1.573212
TCGA-EW-A6SB-01	0.750057	0.242382	0.042190	-1.812070	-1.368257	0.244978	0.045126	2.570763	0.136353	-1.062713	0.609116	-0.389879	-0.862407	0.343200	-1.355753	-0.303814	1.610545	1.355177	1.285959	-0.335611	-0.731018	0.689292	-0.372028	0.704572	-0.222443	-1.242202	-1.496099	1.001190	1.726804	-0.751758	-0.439079	-0.799113
TCGA-EW-A6SC-01	1.166491	0.110000	0.274695	-0.952734	0.969288	-2.188130	-1.114029	-0.217347	0.382465	-0.064172	0.230119	-0.299291	0.445886	-0.607121	-0.270439	1.104019	-0.121216	0.262842	-1.056941	0.375818	-0.258802	-0.668525	-0.744018	-0.327666	0.549517	1.139797	0.830938	-0.724180	-1.290862	1.819756	-0.313091	1.406388
TCGA-EW-A6SD-01	1.293147	0.857913	-0.539268	0.113731	-0.138766	0.024679	2.896745	0.469400	-0.238151	0.731094	-0.072123	-0.858431	0.335849	-0.870936	-1.109008	-1.149108	-0.122790	0.726470	0.805819	-0.381375	-0.211153	0.941916	0.436715	0.719029	-1.870734	0.965535	1.123433	-1.280926	-0.198173	-1.787581	-0.542615	-1.235444
TCGA-GI-A2C8-01	0.284151	-0.465679	-0.323901	0.705059	-1.228054	-0.673094	0.722017	1.808958	-0.563240	0.818906	0.717750	-0.196628	-0.278720	-1.120656	0.743637	-0.795076	1.052365	0.083135	0.721074	0.617409	-1.289265	-0.126055	-0.447978	0.065278	-1.759632	1.360506	-0.115835	-1.120756	-1.361981	1.143454	0.433195	0.546707
TCGA-GI-A2C9-01	1.078096	1.009862	0.012901	-2.154661	-1.695963	0.775243	1.331777	1.444232	-0.703961	-0.845637	0.722444	0.538963	-1.181178	1.659828	-0.471354	-0.131075	-0.278817	0.630150	0.669191	-0.864969	1.053941	-0.448967	-0.438907	0.773171	-0.398670	-0.946723	-2.721201	1.424171	1.572019	-0.445029	-0.232116	-0.905564
TCGA-GM-A2D9-01	0.134755	-0.910953	0.156462	0.787047	-0.985729	-0.320282	-0.364664	-0.253000	-0.696691	1.034679	1.258884	-0.868897	0.235960	-1.009528	1.170699	0.397121	0.593023	-0.855790	0.160943	-1.264019	0.210794	0.991309	-2.536233	0.648630	0.675210	0.943961	0.045974	-0.831516	-0.472049	1.643565	1.279966	-0.932398
TCGA-GM-A2DA-01	0.726718	-0.758679	1.409047	0.200783	-0.797860	-1.721241	-0.660626	-0.880156	-1.324539	-0.148808	0.780101	0.788770	-0.728415	-1.869584	-1.418499	0.964748	0.126668	0.528863	-0.292061	0.496012	0.986548	0.534140	-0.646148	0.956011	0.902420	1.290751	0.126231	-0.532546	-0.900813	1.256428	0.102828	0.265577
TCGA-GM-A2DB-01	0.626583	0.001785	-1.568584	-0.045627	0.372892	-2.443117	2.347351	-1.017409	0.170749	0.988782	-1.074041	-0.348364	-0.254126	-1.154526	-1.234812	0.931677	0.960577	1.406196	0.467114	-0.242746	1.005316	1.344031	0.101713	0.386063	-1.416884	-0.348627	0.744906	1.046764	0.536363	-1.074057	-0.228701	-1.167955
TCGA-GM-A2DC-01	0.385455	0.574494	0.047250	0.107599	0.720471	-1.386409	-1.168547	0.872663	0.157794	0.510009	1.219768	0.692143	-0.011546	-0.421610	0.541130	-0.607880	-0.495424	0.912820	-0.783851	0.214534	0.628658	0.250633	-0.906579	-2.097577	-1.104378	0.272055	-0.111545	-0.731617	-1.562907	0.994187	0.085558	2.177308
TCGA-GM-A2DD-01	2.550899	-0.392708	-0.098299	-0.658202	0.015289	-2.466711	0.051872	-0.332956	0.839958	0.942770	-0.190476	-1.099142	-1.081683	-0.689387	-1.274495	-0.362727	1.027246	-0.002261	1.676000	0.431943	0.663950	1.265680	-0.333783	-0.608630	-1.173405	0.625205	1.103012	0.340490	-0.012350	-1.217663	0.648034	-0.443688
TCGA-GM-A2DF-01	1.065665	1.239937	-1.656356	-1.543382	-0.288906	-0.183215	0.346008	0.892158	0.579148	-0.695006	-0.680544	-0.941658	0.246709	0.579381	-0.917225	0.059605	-0.075823	1.403135	1.281445	-0.038547	-0.327535	0.250285	-2.336151	1.377007	0.093418	-1.341577	-1.321651	0.706740	0.856189	-0.049692	1.398103	-0.104065
TCGA-GM-A2DH-01	1.003733	1.960409	-1.647012	0.654697	0.381136	-0.522307	0.671950	-0.099451	-0.534102	0.098005	-0.649302	-1.497766	-1.179074	-1.169657	-1.017752	-0.326062	1.127253	-0.154367	0.974173	-0.661001	0.234998	1.970452	-0.328424	1.051421	0.213104	-0.008656	0.035453	0.890445	-1.074518	-0.671824	0.144796	0.155128
TCGA-GM-A2DI-01	-0.153536	0.184837	0.117054	-0.160329	0.032208	-0.066098	-0.223823	0.631481	-2.302750	-0.424765	1.627008	-1.120135	-0.438667	-1.467520	-1.049410	0.999823	-0.362559	1.519533	0.854920	0.667878	-0.719005	0.863766	-1.693477	1.164957	0.918317	0.882970	0.920072	-0.295526	0.075190	-0.052417	-0.703943	-0.265999
TCGA-GM-A2DK-01	-0.077497	0.547973	-0.452695	0.211389	0.172244	-1.107226	0.566657	0.126025	-1.026913	0.472948	0.943544	0.025777	0.931082	-0.690649	-1.662005	1.409034	0.508464	1.762963	-0.536044	0.496105	-0.243081	0.748499	-2.287406	-0.192430	-0.621511	1.261543	0.262052	-0.318378	-0.991450	-0.482801	-0.018744	0.179356
TCGA-GM-A2DL-01	0.286005	-0.011197	0.955731	0.314084	-0.397764	-0.039981	0.347669	0.521648	-1.312970	1.770625	0.065739	-0.693629	0.175794	-1.283797	-1.141592	-1.814138	0.886316	-0.153203	-0.344466	-0.198623	-0.123288	1.295982	-1.602040	0.578968	-1.484231	1.118027	0.487050	-0.315972	-0.954679	0.643926	0.942357	1.439136
TCGA-GM-A2DM-01	0.266681	0.994702	0.915768	0.205675	0.228769	1.781602	-0.714334	1.236202	-2.742505	-0.147999	1.111508	0.147162	-0.884804	-1.079312	0.223555	1.061636	-0.238872	-0.125007	-0.700799	-0.249027	-1.017246	-1.601663	1.646640	0.048951	-0.978842	1.195135	0.170806	-0.687995	0.224190	0.309564	-0.120423	-0.519358
TCGA-GM-A2DN-01	-0.166671	-0.620782	-0.730074	-0.112739	-0.333406	0.010856	0.021948	0.359219	-1.225606	-0.078427	0.351076	-0.606840	-0.727220	-0.457629	0.073801	0.996489	0.512567	-0.154202	0.935833	-0.804487	-1.684281	2.217281	-0.022102	0.649940	1.655502	0.669452	-0.751609	0.254230	-0.191013	0.432372	-0.112632	-0.278112
TCGA-GM-A2DO-01	0.856913	0.738968	0.137273	0.608625	1.373716	-0.837940	-1.382143	1.847299	-1.265642	-1.335159	0.621017	-0.301661	-0.439418	-1.510407	-0.891771	0.183103	0.807547	1.321094	1.023014	1.221222	-0.207404	1.007176	-0.709541	-0.760892	-0.169778	-0.756577	-0.206655	-0.942454	-0.850129	0.484172	-0.553458	0.812085
TCGA-GM-A3NW-01	0.380490	-0.366913	-0.147201	0.718823	-0.017489	-1.556057	-2.196473	1.491438	-0.771618	1.845732	0.101005	0.078799	-0.646137	1.135444	-0.852253	0.463091	-0.296912	-0.318547	0.127416	0.466820	0.281759	0.786907	-1.549445	0.010115	0.060117	0.809677	-0.396749	-0.116822	-1.906069	0.274974	0.658517	1.424045
TCGA-GM-A3NY-01	-0.826786	-1.640523	0.276776	0.928897	-0.230163	0.888800	0.138998	-0.334120	-0.558158	1.072131	-0.853393	0.212144	-0.803090	0.132085	1.071054	0.906138	0.126150	-1.002449	-0.348154	-0.861929	0.690675	0.364108	-1.279998	0.697989	1.046976	-0.411325	1.230145	-0.032466	-1.212127	0.559911	1.047225	-0.904209
TCGA-GM-A3XG-01	0.589603	-0.469009	-0.648793	0.671813	0.060800	-0.353370	-0.062432	0.211569	-0.276597	0.341613	-0.543910	-0.662832	-0.796931	1.202827	-1.334623	1.702319	-1.667834	0.124832	-0.117114	0.101479	-1.639060	1.176437	-1.005782	0.768589	1.834504	1.394609	-0.084969	-0.071758	0.085725	-1.380431	0.125887	0.710230
TCGA-GM-A3XL-01	0.904350	1.654616	-0.480418	-0.751911	-0.744218	0.947063	0.816991	1.631290	-0.466156	-1.232388	0.016090	-0.999529	1.151668	1.218424	-1.679455	-1.999497	0.871306	-0.512159	0.854487	-0.160449	-0.145711	0.410379	0.394813	-0.117295	-0.035406	-1.130264	-0.178686	1.954897	1.196421	-1.429977	-1.363706	-0.762581
TCGA-GM-A3XN-01	-0.148742	-0.953822	-0.243638	-0.308864	-0.033090	0.782012	-0.318495	1.138956	-0.886994	0.889166	-0.654917	-1.693007	0.170798	0.012296	-0.772137	1.551668	-1.094449	-0.420524	0.807376	0.630943	-0.982544	1.379333	-0.514537	0.815941	0.175225	0.726052	0.675409	0.297511	-1.552953	0.195770	0.164235	0.113982
TCGA-GM-A4E0-01	-0.012381	-0.969844	0.705045	0.126543	0.613247	-0.542014	-0.200622	-0.509383	-0.569229	1.686364	-1.238333	0.051699	0.460606	0.799088	-1.373635	0.191705	0.038191	-0.758206	1.259293	-0.726250	-0.350617	1.054989	-1.623369	0.990921	0.341324	1.095925	0.222158	0.613861	-0.869779	-0.472573	1.245766	-1.375986
TCGA-GM-A5PV-01	0.938110	-1.408617	1.344532	-0.132590	0.546036	-1.539746	-0.891380	-0.029583	0.305257	0.633885	-0.057004	-0.023246	-0.733621	0.754162	-0.873645	1.623036	-1.633330	1.026751	-0.359913	0.295771	-0.293563	0.982538	-0.877671	-0.974182	1.033395	1.525534	0.627795	-0.760944	-0.945147	-0.055313	-0.189978	-0.034533
TCGA-GM-A5PX-01	1.236392	-0.392188	1.327200	-0.040594	-0.772958	-0.293433	0.267655	0.311758	-0.318770	1.506888	0.091758	-1.622471	-0.557891	0.005004	0.331813	1.379497	-1.423151	0.559219	-0.946686	-0.105309	-0.906368	0.870283	-1.252747	-0.554763	0.879101	0.696189	0.568835	-1.324501	-1.136520	0.318574	0.622507	0.601244
TCGA-HN-A2NL-01	1.058256	0.672326	-0.009476	-0.868343	-0.263933	0.153316	0.235662	2.725870	-0.987267	-0.517351	-0.327317	-1.189529	-1.465415	0.288446	-1.295155	-0.670372	0.901403	1.535022	-0.970203	0.675137	-0.867322	0.172342	0.132198	2.368533	-0.173519	-1.552248	-1.679348	-0.064859	0.906586	0.576322	-0.620415	0.924877
TCGA-HN-A2OB-01	0.503581	-1.484922	0.627475	0.452935	-1.071842	-0.774983	0.290753	1.054054	-0.695322	1.740954	0.359044	-0.200406	0.553634	0.448453	-0.125033	0.371872	-0.696810	0.560861	0.252255	0.250635	-1.047377	0.499344	-1.578897	0.045320	0.940785	1.385483	0.315197	-1.765254	-1.045524	0.564674	-0.616176	-0.183553
TCGA-JL-A3YW-01	2.352196	-0.784971	-0.772724	-0.255067	-0.634568	-1.258633	0.960375	0.606131	1.892393	0.528570	-0.290326	-1.381646	-0.948840	-0.493589	-0.480239	-0.640777	1.316812	-0.407644	2.071988	-1.225034	-0.113632	0.547551	-0.398268	-0.212286	-1.662371	0.345563	0.439821	0.437246	1.583909	-0.504472	0.090961	-0.824662
TCGA-JL-A3YX-01	0.796078	-1.632975	-0.237015	0.110865	-0.700279	-0.393706	0.723021	0.836587	0.856046	0.730389	0.065747	-0.774023	0.594403	-1.287194	0.947360	1.051517	-0.243149	-0.021335	0.167964	-0.719187	-0.491977	1.396020	-2.020209	-0.598629	0.130528	0.695321	1.280650	-0.741013	-1.093908	1.721754	-0.334013	-0.818197
TCGA-LD-A66U-01	0.827752	-0.968393	0.838945	0.520209	-1.358368	-0.265827	-0.620958	0.366020	-0.579575	1.376004	0.753956	-0.508902	-1.231475	-0.039264	0.136034	1.871349	0.018816	0.822833	-0.084851	-0.178483	-0.946932	0.728537	-1.907979	-0.583581	1.432456	0.301637	0.586727	-1.002219	-0.829592	0.435206	-0.143540	0.245993
TCGA-LD-A74U-01	-0.819569	-1.361526	-0.030293	0.979302	-0.961995	-0.668823	0.059376	0.540518	0.078626	1.475999	0.603275	-0.557132	-1.075643	0.056726	-0.536553	1.035125	-0.330385	0.064253	-0.432772	-0.063403	0.622872	1.017644	-1.458156	1.833290	0.064533	0.570460	1.012013	0.199209	-0.723537	-1.371517	0.320155	-0.208468
TCGA-LD-A7W5-01	0.692690	0.525399	-0.851698	0.428654	0.252508	-1.465381	-0.822144	-0.205070	0.201032	0.329796	1.212847	-0.962346	-1.959076	-0.297341	-0.846522	-0.038799	0.446826	0.892924	-0.373087	1.046480	-0.209577	1.607026	-1.869389	0.846434	-0.065173	0.284099	-0.278562	0.946610	-1.652179	0.449082	0.162618	1.464364
TCGA-LD-A7W6-01	0.198321	-1.325420	1.202883	0.396910	-0.425079	-0.709937	-1.466434	0.855294	-0.645497	0.652840	0.505083	-0.348162	-0.397154	1.140423	-0.372324	2.283899	-0.415979	-0.129775	0.474554	0.057034	-0.722645	0.876177	-1.110323	-1.187806	0.822247	1.089015	-0.298567	-0.826493	-0.587802	0.614051	0.679335	-0.961059
TCGA-LD-A9QF-01	-0.720941	-0.613694	-0.033897	-0.349899	0.298831	-0.839453	0.614281	-0.222321	-1.367885	0.591592	0.842578	-0.367629	0.357752	0.469580	-1.328130	-0.671516	0.281134	1.078583	2.054168	-0.812461	-1.045906	1.654720	-0.346838	1.259615	0.159742	0.276864	0.075496	0.516264	1.016743	-0.480424	-0.580294	-1.870741
TCGA-LL-A440-01	0.053719	-0.531677	0.199386	-0.085532	0.055011	-1.117755	-0.366403	-0.122761	-0.989772	1.273926	0.144949	-0.637096	0.005152	1.633646	-2.235823	0.557921	-1.012700	0.552611	0.415554	0.424860	-0.913291	1.521085	-0.556270	0.293278	0.820100	1.941114	-0.460712	-0.006610	-0.756648	-0.859399	0.043292	0.590338
TCGA-LL-A441-01	0.098815	0.828995	-0.651931	-0.956375	0.351177	0.431202	-0.603602	-0.070806	-0.448126	-0.659167	-1.005521	-0.880958	0.547004	1.839980	-2.086412	0.098670	0.053183	0.634818	0.400555	0.292646	-1.073757	1.326107	-0.757398	0.896883	0.778711	-0.742209	-0.827035	1.941686	0.603829	-0.187083	-0.015779	-0.328658
TCGA-LL-A442-01	-0.798918	0.606483	1.620757	0.646308	1.681887	0.424353	0.014251	0.437536	-0.337564	0.733763	-0.175815	0.586150	0.173494	-0.795645	0.416331	-0.567221	-1.075477	0.936744	-2.563448	-1.163905	-0.214301	-0.777609	2.244641	-1.855085	-0.282813	0.714416	-0.724570	-1.129810	0.979524	-0.482619	-0.113092	0.792819
TCGA-LL-A50Y-01	0.402307	-1.673929	0.952612	1.736420	-0.496363	0.854088	-1.118666	-0.123282	-0.170675	1.374853	0.371933	-1.585808	-1.816250	0.377307	1.559232	0.802900	0.936272	-0.474113	-0.472382	-0.870279	0.825093	0.582667	-1.208499	-0.530748	0.379649	-0.578759	0.102971	-0.269067	0.470498	-0.126632	0.516146	-0.645668
TCGA-LL-A5YL-01	0.061197	-1.533873	-1.242015	1.354928	-2.031171	-0.019852	-0.278149	-0.358456	-1.563570	1.718508	-1.449148	1.646983	-1.020464	0.223884	-0.819058	0.260351	0.584794	-0.553959	1.424149	-1.560953	0.847492	1.320279	-0.064826	0.743233	0.401186	-0.608749	0.633175	0.759747	-0.112513	0.912656	0.077034	0.374380
TCGA-LL-A5YM-01	0.501839	0.244938	-0.962008	0.086602	-0.446707	0.172045	-2.033280	-0.321958	-0.517146	2.193420	1.517666	0.264795	-0.185255	-0.065507	0.145075	-1.350098	1.032498	-0.872974	-0.894907	-0.307246	1.211036	-0.166109	-0.637572	-0.090077	-2.745727	0.479562	0.032789	0.677085	-0.807663	1.019287	1.656413	1.119365
TCGA-LL-A5YN-01	0.111455	-0.156673	-0.126960	-1.140321	0.857604	-0.764347	-0.529990	-1.842145	0.110972	0.208056	0.565005	-0.745513	-0.171273	-0.024621	-0.272863	1.954611	0.123804	-0.048705	-0.173951	-0.395180	0.714033	2.596520	0.478155	0.063484	1.523382	-0.931580	-0.341993	0.233811	-1.692674	-0.009369	-0.089655	-0.206348
TCGA-LL-A5YO-01	1.907199	0.465731	-0.547335	1.144117	-0.266638	-0.241032	1.034569	-0.752209	-0.952580	-0.019430	-0.593307	-1.812438	0.508206	-0.175306	-2.142830	-0.400662	0.840516	0.636452	1.465985	-0.512755	0.090332	0.588118	-0.281927	0.493641	-0.346430	-0.176212	1.490980	1.111770	1.280998	-1.057580	-1.086973	-1.854782
TCGA-LL-A5YP-01	1.151037	1.722593	-0.099837	-1.287987	-1.219198	-0.763136	1.931446	0.917663	-0.626531	-0.241699	-0.348932	0.374884	0.597509	1.465715	-2.491388	-0.234205	-0.323250	1.337520	-0.528103	0.548727	0.333410	-0.862057	0.418836	2.021053	-0.353726	-0.999200	-1.469828	0.823811	0.658895	-1.378191	-1.164979	-0.306611
TCGA-LL-A6FP-01	0.472268	-1.255439	1.248322	-0.050326	-0.737287	-1.193165	-1.081359	-1.323197	1.604264	0.979374	1.307045	-0.091459	-1.074785	-0.748881	0.955353	0.738106	-0.221949	-0.301301	-1.653716	-1.156445	1.501401	0.606942	0.371744	0.171735	0.498099	1.065126	-1.328341	-1.242887	-0.584961	1.056544	0.609910	0.696981
TCGA-LL-A6FQ-01	1.333465	-1.203407	1.006496	0.136018	-1.022463	-0.517748	-0.553966	-0.129589	1.094667	1.447772	1.932108	-0.623585	-0.456881	-0.570937	0.404912	0.039048	-0.414143	-0.180431	-2.413859	0.466641	0.357319	-0.065124	-0.077286	-1.438866	-0.772611	0.044826	0.815132	-0.794704	-0.515070	1.349982	0.817786	0.235200
TCGA-LL-A6FR-01	1.225268	0.343307	0.157788	-1.256395	-1.955643	0.144708	2.403359	1.097129	1.322987	-0.773364	0.523434	0.781151	-0.361211	1.489481	-0.458983	0.311428	-1.407529	0.541643	0.263181	-0.693180	0.025718	-0.351945	-1.218307	1.069731	0.690945	-0.730145	-1.893278	-0.951672	1.405967	-1.118914	-0.036417	-0.816781
TCGA-LL-A73Y-01	0.816793	1.758031	-1.216472	-0.568151	-0.812222	0.681275	0.327652	0.316533	-1.581614	-1.225632	-1.763557	0.696526	-0.655267	0.679754	-1.435539	0.440935	-1.360927	1.083605	-0.321479	0.665209	1.722906	-1.574079	-1.075502	0.926470	0.392188	-0.371689	-0.670752	1.773535	2.123917	-0.473709	0.078036	0.506274
TCGA-LL-A73Z-01	0.536403	-1.322564	-0.186288	1.441980	-1.763231	-1.340686	-0.176522	-0.666008	-1.318207	0.494725	0.248242	0.025071	-0.420444	1.649924	-1.692205	0.605493	0.923193	0.441583	1.286687	-0.760834	0.216020	0.600274	-1.305776	0.967422	0.484883	0.212649	1.198041	0.892878	0.152943	-0.773186	-0.164927	-0.524100
TCGA-LL-A740-01	0.670636	-0.964370	-0.126101	0.419719	-1.015874	-1.082214	0.321290	0.303082	2.638427	0.973312	0.148977	-1.308370	-1.478360	-0.801622	-0.583271	-1.146825	1.542822	-1.061454	1.331061	0.193272	0.085963	1.167099	-0.351945	-0.044482	-1.525941	0.938185	0.786004	0.493805	0.658327	-1.258943	0.049140	-0.155105
TCGA-LL-A7SZ-01	1.518075	-0.499655	0.643816	0.103308	0.390956	0.102612	-0.192300	0.299932	-1.133004	-0.503899	-0.115519	0.129865	-1.176827	-0.020992	-0.214053	-1.505996	0.036702	0.692910	-0.634601	0.898254	-0.122005	1.202908	-1.137855	0.184384	0.481604	0.920760	-0.409348	-1.017952	-1.192264	0.103683	-0.239646	2.383879
TCGA-LL-A7T0-01	0.874592	0.121075	-0.821494	0.488106	0.232011	-0.766760	-1.443016	1.393447	0.102773	-0.131061	1.024415	0.733196	-1.217018	0.171638	0.386742	-0.990396	0.289708	0.244788	-0.368591	0.677875	0.965821	0.845358	-1.968734	0.296663	-0.097555	0.100898	-0.147973	-0.219217	-2.275242	0.298337	-0.560298	1.767021
TCGA-LL-A8F5-01	1.946365	2.291983	-0.535385	-1.068857	-1.231893	-0.987072	1.409614	1.485271	0.019497	-0.706076	0.082832	-0.121448	-0.992544	0.259743	-1.745424	-1.269138	0.523329	0.529996	-0.291552	0.141403	0.324543	-1.514715	0.551578	-0.618147	0.666843	-0.834405	-0.277871	0.305171	1.830649	1.168742	-1.943391	0.381045
TCGA-LL-A9Q3-01	0.929878	-0.028175	-0.468295	0.308770	-1.681965	0.666266	0.223396	-0.351984	0.321111	0.663677	1.074533	0.085930	0.447235	-1.812486	1.483360	-0.583729	0.810438	0.383617	-0.842941	-0.333286	0.088999	-0.011204	-2.247765	0.153890	0.336920	0.370219	0.851095	-1.655876	-0.890416	1.224751	0.107498	0.391746
TCGA-LQ-A4E4-01	-0.430677	-0.937809	-0.082265	0.331617	-0.116947	0.267442	-0.249692	-1.277548	2.153241	1.822915	-0.079255	-0.420598	-1.010817	-0.444556	0.154416	0.477055	0.613267	-1.310345	-1.852358	-0.772267	1.725602	1.155056	-1.423095	0.486458	-0.774436	0.732812	-0.530437	-0.726716	0.223109	0.993668	1.002987	0.227689
TCGA-MS-A51U-01	0.407289	-1.220175	0.814635	0.091863	0.066204	-0.096884	0.168613	-0.756281	0.217905	0.343452	0.018014	-1.303500	0.551853	0.708326	-0.042774	1.661826	-0.904554	-0.119789	-0.185916	0.716709	-1.604251	0.353179	-0.781404	-0.031727	1.576216	1.080100	-0.184649	-0.421448	-0.283661	-0.092038	-0.296714	-0.615509
TCGA-OK-A5Q2-01	0.694077	-0.171543	-0.980333	1.722518	-0.249007	-0.634808	-0.196748	-0.104569	-0.900136	1.351805	-0.827857	-0.538579	-0.640506	0.780526	-0.011697	0.101604	0.823140	-0.468384	0.829880	-1.209066	0.622928	1.796991	-2.189944	0.476107	1.440715	-1.055382	0.665554	0.299243	-0.712186	-0.199164	0.424184	-0.806700
TCGA-OL-A5D6-01	0.639463	-0.967295	-0.391459	0.887071	-0.773197	-0.174084	1.683002	-0.472455	1.433835	1.742163	-0.862750	-1.365014	-0.585942	-0.160888	-0.644287	-0.880269	1.449146	-0.364031	0.488240	-0.436286	-0.023519	1.420084	-0.469291	0.633480	-0.567019	0.854464	0.927315	0.154146	1.005362	-2.302460	-0.655478	-1.336108
TCGA-OL-A5D7-01	0.095677	0.461508	-0.911075	-0.957294	-1.363423	0.976084	-0.419414	1.441011	0.391951	-0.221327	-0.385698	-1.550335	0.176366	1.186654	-0.406954	0.142394	2.068278	1.590350	-0.234611	0.418670	0.048316	-0.394073	-0.221062	1.993072	0.099440	-2.435427	-2.285988	0.039607	1.466223	-0.294478	-0.714575	0.028490
TCGA-OL-A5D8-01	0.296007	0.023597	-0.994747	1.567896	-0.873833	-0.091242	-0.935074	1.519616	1.256956	1.579091	0.423335	-1.012536	-0.639506	-0.715349	1.397556	-0.103169	1.090328	-1.100687	-1.032272	0.490138	0.952895	0.127782	-1.058279	-0.793035	-0.194019	-0.844690	1.112396	-0.529364	-1.083689	0.316266	-0.127058	-0.031779
TCGA-OL-A5DA-01	-0.123557	-0.463792	-0.124519	1.463360	-0.765492	0.401895	-0.200413	1.308965	-0.444623	0.153417	0.797319	0.022227	-0.637969	0.309265	-0.214865	1.043819	-1.312601	0.910523	0.635782	0.311765	-0.292879	0.828370	-1.425639	-0.067627	0.560529	0.443677	0.554782	-2.075339	-1.596663	-0.293090	-1.217139	1.597234
TCGA-OL-A5RU-01	-0.294064	0.210565	-0.340821	-0.374999	0.369295	-0.921058	0.135671	-1.453482	-1.172667	1.926492	0.641184	-0.457726	0.114076	-0.780701	-1.482065	0.639541	-0.376736	0.490636	0.186081	0.491575	-1.100444	1.352791	0.602300	-0.360606	0.615115	1.272911	-0.764952	-0.101256	-0.149121	-0.260191	1.017699	0.176632
TCGA-OL-A5RV-01	0.341415	-1.091039	0.748600	0.710094	0.287895	-0.895071	0.362616	-0.142355	-0.456127	0.995506	-0.432497	-0.033726	-0.363851	0.074195	-0.618133	1.811508	-1.329250	0.265283	-0.291828	-0.128325	-1.281203	1.186057	-1.625490	0.253265	1.993957	1.017030	0.452413	-0.697532	-0.364432	-0.169265	0.420272	-1.086559
TCGA-OL-A5RW-01	0.819470	1.244023	-0.062899	-0.438385	-1.842450	0.586179	2.398211	0.703463	-0.056057	-0.920372	-0.675951	0.930083	0.745903	1.398018	-1.964505	0.184997	-1.075002	-0.619675	0.029984	-0.771374	1.413205	-0.805954	-0.198146	-0.171771	0.338375	-1.384865	-0.042595	0.948979	2.431512	-0.811081	-1.736877	-0.789410
TCGA-OL-A5RX-01	0.187731	-1.246330	-0.494449	0.696500	0.643497	-0.259668	0.652707	0.932014	-0.866498	1.450298	-0.709884	-0.528250	-0.365479	1.311336	-0.893169	1.437876	-0.320364	-0.599763	-0.487601	-0.308094	-0.908314	1.788001	-1.168593	0.214653	0.971104	0.222403	0.602884	-0.088950	-0.494515	-0.653627	0.045230	-0.731412
TCGA-OL-A5RY-01	0.419442	0.297807	-1.647476	0.060917	-0.118780	-0.713097	-0.291998	-0.090109	-0.809442	0.716345	0.222802	-0.383108	0.446728	-0.153723	-1.579901	0.149099	0.618226	0.855754	1.609318	-0.112200	-1.535523	1.469761	-0.668570	1.313590	0.609006	0.402091	-0.104260	0.854194	0.527686	-1.318444	0.182976	-1.334718
TCGA-OL-A5RZ-01	1.149205	0.767650	-0.339865	0.796397	-0.748624	-1.805120	1.082413	-1.345406	1.372065	1.473352	-1.179020	1.438078	-0.970813	-2.053910	-0.165772	-1.415320	-1.642185	1.772479	-1.218329	-0.130904	0.139710	-0.424599	-0.046079	1.060596	0.900413	0.336599	0.349463	0.042134	-0.217466	0.182931	-0.407250	1.009483
TCGA-OL-A5S0-01	0.436250	1.754379	-1.230402	-2.123509	-0.573485	0.127175	1.371862	0.815558	0.461651	-0.920837	-0.065131	-0.639639	0.883042	0.469898	-2.153562	0.154485	-0.625155	1.017071	0.527752	0.739666	-0.622240	0.304426	-1.573466	1.166658	-0.064348	-0.245868	-1.521149	0.700980	1.700714	-0.150368	-0.326544	-0.051355
TCGA-OL-A66H-01	0.129001	-0.110145	-0.017240	0.643573	1.092766	-0.298576	-1.389823	-0.172842	-1.122769	0.126506	1.841122	1.322808	-0.198504	-1.268496	-0.726510	-0.102372	0.260526	-0.048341	-1.859294	0.337592	-0.720897	-0.545397	0.934459	0.103694	-0.564924	1.736214	0.211766	-0.214242	-0.658614	1.233915	0.266238	-0.400542
TCGA-OL-A66I-01	0.590075	1.191623	-1.713529	-0.769248	-1.780745	0.829395	-0.533201	1.680954	0.621043	-0.503886	0.199690	-1.667211	0.269516	0.318926	-1.071177	0.157613	0.989385	0.868155	0.824669	0.694650	0.336799	0.574092	-1.259682	0.369302	-0.592871	-0.859805	-2.069553	1.590057	1.770193	-0.161990	-0.213925	-0.874035
TCGA-OL-A66J-01	0.272759	0.065521	-0.131772	-1.278435	1.169984	-2.112595	-1.815699	0.438852	-0.156092	1.417485	-0.141399	0.530605	0.746945	0.856169	-0.036435	-0.438618	-0.656855	-0.147871	0.403525	0.494540	0.124579	0.117008	-1.003750	-0.728458	-1.283564	1.042809	-0.954189	0.681506	-1.324535	1.614925	0.630184	1.472846
TCGA-OL-A66K-01	-0.100177	-0.652268	0.117797	0.925959	-1.442144	-0.188568	-0.389531	0.773468	0.229414	2.069983	0.583860	-1.429977	-0.807290	0.398009	1.314358	1.026341	-0.076353	-1.554771	-0.661462	-0.354631	-0.583875	0.635370	-0.925235	-0.178481	0.741890	0.247631	-1.032542	-0.278381	-0.768013	0.994551	-0.019449	1.456902
TCGA-OL-A66L-01	-0.026280	-1.388154	1.800252	-0.247375	-1.111953	-0.409379	-0.223945	-0.192485	-1.115394	1.753236	0.164832	-0.438646	-0.862720	1.325654	-0.036449	0.521219	0.224527	-0.571548	0.045217	-0.800239	0.549568	1.746979	-1.577410	-1.102305	0.042653	0.427688	-0.200867	0.827306	-1.283903	-0.176692	1.579767	0.776374
TCGA-OL-A66N-01	0.358011	-1.142433	-0.641393	2.553839	-2.164138	0.121925	0.054259	0.449530	-1.711046	1.422373	-0.369355	0.927252	-0.730609	0.615023	-0.622416	-0.445552	0.550448	-1.037371	-0.273395	-0.877036	0.509558	1.248664	-1.070267	0.620848	-0.148242	0.528257	0.622036	0.268944	-0.718222	0.310538	0.925854	-0.060636
TCGA-OL-A66O-01	-0.602889	-0.220823	0.266599	1.043949	-0.606833	-1.888170	-1.655043	0.823791	1.392305	0.506367	1.336779	1.467208	0.151293	-0.467482	0.877738	-0.084031	-0.186241	0.021805	-0.612183	-0.013748	0.167929	0.446370	-0.447927	-2.930795	-0.706295	0.231110	-0.237402	-0.213412	-0.502170	0.680261	0.229775	1.681693
TCGA-OL-A66P-01	1.755779	0.353712	-0.806066	1.007723	-0.201112	-2.323227	0.454957	-1.430583	0.666204	1.126806	-1.734141	-1.131876	-0.566347	0.611133	-1.857222	-0.394129	1.427610	0.208645	1.274405	-0.015144	1.701988	-0.234885	0.955428	0.153209	-1.131289	0.017851	1.164672	0.702445	0.256964	-1.221592	-0.282479	-0.755070
TCGA-OL-A6VO-01	0.245671	2.093529	-1.242963	-1.086236	-0.438441	0.963949	1.899274	0.737169	0.753226	0.091226	-0.585115	-0.526731	1.212397	0.537674	-0.956343	-0.997514	0.022213	1.895501	-0.406026	0.803445	-0.370689	-1.108616	-1.385352	0.828458	-0.619393	-1.774679	-1.513047	0.541989	1.634486	-0.159216	-0.248711	-1.119760
TCGA-OL-A6VQ-01	0.792754	-1.536738	1.585980	0.007842	-0.426383	-1.339935	-1.038842	0.192643	-0.385080	1.707392	0.614314	-0.318894	-0.361764	-0.145945	-0.752378	1.532671	-0.736714	0.309893	0.173952	0.007833	-0.717905	0.848789	-1.241773	-0.108573	1.787656	1.052538	0.698097	-1.118021	-0.403424	-0.113259	0.017313	-0.743033
TCGA-OL-A6VR-01	0.551796	-0.453414	0.292693	1.724290	0.175896	0.062924	-0.686718	1.227998	-0.932633	-0.047920	-0.059724	-1.159066	0.223290	0.510933	-0.826545	0.813944	-1.197961	-0.082445	0.178778	0.275959	-0.887813	0.687328	-0.828667	-0.302561	0.652250	2.160538	0.539912	-1.331955	-0.780522	-0.421365	-0.994018	0.951599
TCGA-OL-A97C-01	0.579505	1.069870	-1.124605	1.083181	1.394428	-0.404492	1.883662	1.645718	-1.081387	-1.152177	-0.076402	-0.481473	-1.078755	0.398782	-1.837277	0.387127	-1.213336	-0.300577	-1.679274	1.360909	-0.494797	-0.720758	0.245037	-0.072776	0.386024	0.455981	0.293788	-0.461574	0.934036	-0.521001	-0.825464	1.347854
TCGA-PE-A5DC-01	-0.060494	-0.199789	-0.353363	0.157333	-0.291866	-1.461591	-0.083841	-0.142290	0.219703	2.131596	0.803060	0.785729	-0.623594	0.248220	-0.564103	-0.249349	0.057543	-0.510251	-0.737606	1.987081	0.175439	0.524443	-0.329837	-0.340421	0.955251	-0.659766	0.039013	-0.708323	-1.124705	-0.605927	0.462075	0.262284
TCGA-PE-A5DD-01	-0.077907	-0.328822	0.343240	1.196685	-1.131262	1.219382	-1.756663	-0.012614	0.626367	1.442772	0.632027	-1.807626	-1.592513	-0.086764	0.491139	0.199906	0.999217	-1.058525	-0.890023	-0.403185	2.470071	1.489237	-1.219736	-0.180332	-0.350089	0.078516	-0.103114	-0.820092	-0.877618	0.626930	0.179844	0.740810
TCGA-PE-A5DE-01	-0.025282	-0.603176	0.740746	-0.185208	0.852968	-0.048375	-2.380569	-1.033242	0.185026	0.669267	0.511248	0.022575	-0.495678	0.067287	-0.340734	1.855043	0.211007	-0.137986	0.865603	-1.144938	-0.241671	0.389198	-0.132605	-0.076497	1.298978	0.381818	-0.011241	-1.122621	0.446018	0.828628	0.930123	-2.390107
TCGA-PL-A8LV-01	-0.312595	1.148118	-1.071536	-1.227279	-1.286216	0.938727	0.171956	1.031188	1.241443	-0.994198	0.133952	0.233379	0.950996	1.103441	-0.888062	-0.078354	-0.657895	0.837387	0.709471	1.235685	-0.254142	-0.744452	-1.514678	0.979981	0.937810	-0.928868	-0.747274	-0.059425	1.797089	-0.561745	-1.396498	-0.979385
TCGA-PL-A8LX-01	0.165323	1.391923	-0.123939	0.912431	1.529504	0.858970	-2.003371	0.676294	-1.447083	0.592578	1.593556	0.727547	-0.717103	-0.595843	-0.088237	-1.094966	-0.201304	0.697984	-2.022183	-0.985308	0.079125	-1.459116	2.121249	0.278076	-1.368846	0.403889	-1.135845	-0.133864	-0.613075	0.964808	0.509738	0.413320
TCGA-PL-A8LY-01	-0.124193	0.443745	-0.433938	1.078557	0.510478	-0.676341	0.068574	0.603420	-1.168759	-0.103058	-0.250709	-0.700863	-0.322786	1.567010	-1.873536	1.168455	-1.183580	0.879119	0.284700	0.279910	-1.769412	0.881580	-0.777372	0.795785	1.072392	0.795079	-0.113511	0.886536	-0.129296	-1.861647	-0.245785	0.377823
TCGA-PL-A8LZ-01	0.361023	1.681261	-0.552371	-1.561193	0.931764	-0.375305	-0.230879	1.287740	-0.575897	-0.141450	0.008741	-0.643791	1.714591	0.166153	-2.283128	-0.042877	-0.102648	1.517964	0.848131	-0.238697	0.140837	-0.042153	0.713647	2.139228	-1.931375	-0.508735	-1.202498	0.837216	0.048715	-1.267167	-0.029276	-0.991030
TCGA-S3-A6ZF-01	-0.653475	-0.398059	-0.593823	-0.404417	-1.304002	0.836188	-0.015348	0.699840	-0.446663	-0.130078	1.719825	0.517524	0.285731	-1.088585	0.884038	0.197453	-0.240187	0.244211	-0.525941	0.643941	0.561290	1.501228	-0.871247	-0.166831	-0.337349	-1.036931	1.478037	-0.761249	-1.799557	1.627756	-0.809552	0.337747
TCGA-S3-A6ZG-01	-1.805542	-0.369005	-0.352495	0.707078	-1.217726	0.489388	-1.425082	1.764392	0.592242	1.686320	1.411366	0.234975	-1.502073	-0.036934	-0.120752	0.618243	-0.108472	0.113073	1.026049	-0.502334	1.243616	0.852480	-0.997718	-0.593374	-1.172026	-0.384113	1.090690	-0.901079	-1.169712	0.635158	-0.324111	0.598773
TCGA-S3-A6ZH-01	1.165345	-1.765731	-0.011390	-0.145802	0.591223	-1.720422	-1.073113	0.824525	-0.623191	0.247648	1.387546	1.398928	0.335824	0.108726	-0.056203	-1.225334	-0.575065	0.576304	-1.366669	-0.101384	-0.072175	1.087144	0.143134	-0.499949	0.087095	0.082659	0.327256	-1.352094	-0.267718	1.463116	-0.095005	1.003785
TCGA-S3-AA0Z-01	0.646978	0.321707	-1.537984	-1.314580	0.010384	-0.054766	0.564915	2.375780	0.242091	-0.318398	-0.290299	-0.018415	1.392370	-0.198368	-0.976254	-0.854306	0.076002	0.490126	0.582230	0.664156	-0.372097	-0.025022	-0.636763	0.909978	-0.505334	-0.467006	-0.864124	0.628904	2.622606	-0.707138	-1.036357	-1.590047
TCGA-S3-AA10-01	0.831492	1.186686	-0.470265	-1.297888	-1.041380	1.035262	-0.444562	1.379886	0.136082	-1.241517	-0.070546	0.106116	-0.249620	-0.223295	-1.177326	0.403549	-0.519988	1.873100	-0.266073	1.243212	0.136942	-1.084034	-0.774919	0.827258	1.004445	-1.072444	-1.175468	0.047073	2.612164	-0.031958	-1.206262	-0.764930
TCGA-S3-AA11-01	0.681380	-0.835202	0.349579	-0.948534	-0.978141	-0.872825	-0.655451	-0.031352	1.193249	1.010642	1.747533	-0.772453	-1.252931	-0.075625	1.478451	1.136717	-0.404579	0.103490	0.478049	-1.131881	0.101271	1.025865	-0.633364	-1.457155	-0.367522	0.344168	0.214652	0.197819	-1.048902	1.406206	-0.457331	0.437031
TCGA-S3-AA12-01	0.626617	0.356390	1.212456	0.418046	0.946759	-1.184338	-1.335065	0.472025	1.787393	-0.308813	0.969735	0.949489	0.088255	-0.851552	0.347392	-1.054558	-0.801903	1.064794	-1.214303	-0.357945	0.733879	-1.609929	1.840348	-1.607347	-1.534629	-0.390417	-0.133023	-1.272174	-1.421246	1.168756	-0.049420	1.913239
TCGA-S3-AA14-01	0.842647	-0.648926	0.783874	0.582117	0.417045	-0.839474	-1.208123	1.192390	0.963689	0.979405	-0.703539	-0.837411	-0.045769	-0.100888	0.150935	0.470721	-1.708656	0.406562	0.401404	0.285052	0.595853	-0.143417	-1.188811	0.192183	0.656318	1.381620	0.969180	-1.610685	-0.510398	-0.820179	-0.223896	-0.834243
TCGA-S3-AA15-01	-0.050431	1.008979	-1.060142	-1.379310	0.866475	-0.138334	-1.050173	1.300870	-0.302625	-0.144718	-0.549259	-1.035879	0.746677	1.107087	-2.012766	0.255112	-0.210967	0.826803	1.001851	0.586408	-1.592655	0.470013	-0.309818	1.506248	0.766429	0.223563	-0.648389	0.912356	0.729143	-0.431891	-1.250012	-0.310178
TCGA-S3-AA17-01	1.035537	0.789944	-1.023183	1.627637	-0.801586	1.330506	-1.712825	0.625767	-1.032452	-0.295244	1.444056	-1.438563	-0.599768	-0.062896	0.376655	-1.274670	1.176448	-0.179244	-0.961383	-0.445641	0.331549	0.563905	-0.497638	-0.011723	0.247105	-1.518940	0.654506	-0.158252	-0.479809	1.124351	0.760237	0.463354
TCGA-UL-AAZ6-01	1.794473	0.551868	-0.637269	1.409198	-0.906766	-1.658089	-0.435572	-0.008198	0.748534	-0.169097	0.379782	1.305686	-1.870929	-1.324503	-0.339685	0.412971	0.492242	-0.587704	-1.065159	0.109095	2.218595	-0.857963	-0.559530	-0.939690	-0.249188	0.320719	0.503639	-0.480679	-0.100628	1.236078	-0.718916	1.337220
TCGA-UU-A93S-01	0.844759	-1.211524	0.247763	-0.350349	0.170420	-2.020905	0.910167	-1.877002	1.530453	1.804093	0.249798	-0.665566	0.395735	1.053780	-0.428274	-1.030190	1.447121	1.547480	-0.329105	-0.601151	0.205281	1.184679	0.950222	0.345556	-1.527567	-0.622316	-0.624407	0.358263	-0.897184	-0.071942	-1.446523	0.179880
TCGA-V7-A7HQ-01	0.467254	0.284498	0.754521	0.769631	-0.099609	0.887192	0.833162	0.358613	-0.786744	0.231790	-0.235105	0.532784	-0.623591	-0.206458	1.393977	0.706544	-1.552734	0.436148	0.174211	-1.380587	0.432457	0.149338	-1.569587	-1.476534	0.763575	-0.556610	1.529725	-0.728454	-0.639855	-1.091751	0.235932	0.172184
TCGA-W8-A86G-01	0.509296	-1.289092	1.222289	0.395646	-0.485971	0.194798	-0.655073	1.120152	-0.470077	0.719621	0.028568	-1.143485	-0.739341	1.144330	-0.141526	1.305747	-1.677864	-0.961865	0.084911	-1.277018	-0.176501	0.983675	-1.521076	0.388180	2.112222	0.648049	0.082991	-0.072805	-0.550477	0.080014	-0.183077	0.387942
TCGA-WT-AB41-01	0.488429	1.090609	-2.026088	0.553160	0.929728	-0.052782	-1.027722	-0.095348	-1.154272	-0.490102	-0.037714	-1.077507	-0.957375	0.253628	-1.108262	-0.946539	0.786103	-0.293920	-0.710446	0.283223	0.603094	1.414719	-0.531105	0.546605	0.168703	0.241973	0.449313	0.693078	-0.412477	0.958142	-0.460852	2.006984
TCGA-WT-AB44-01	0.614873	-1.025590	-0.152912	2.272954	-0.653102	-0.217576	0.517315	-0.429290	0.202123	1.940122	-1.717589	-1.105393	-0.462682	0.216341	-0.107596	-0.745089	-0.835952	-0.960050	-0.037210	-1.110274	0.182515	2.039833	-0.519456	0.291697	1.089404	0.458959	0.067817	-0.477596	-0.429020	0.560560	-0.684023	1.300825
TCGA-XX-A899-01	0.632757	-1.019824	0.428715	0.952686	-0.500549	0.120364	-0.711326	0.401179	-1.500992	1.083182	-0.177565	-0.899347	0.459222	1.482284	-1.495882	0.063335	0.674184	0.364191	0.456140	-0.072715	-1.123040	1.832876	-1.854015	-0.245997	0.514788	-0.017288	0.762689	-0.250432	-1.043884	-0.121926	0.849174	-0.052465
TCGA-XX-A89A-01	0.220624	-1.565623	1.496483	-0.971546	1.205612	-1.021284	-0.594421	-0.236001	-0.916065	0.428651	-0.017904	0.152087	0.801565	-1.063093	-1.065197	0.814325	-0.002280	0.545874	-1.120997	-0.009213	0.502028	0.787270	-0.151510	1.400920	-0.101549	1.171755	-0.237350	1.196885	0.147060	0.559435	-0.496823	-2.200027
TCGA-Z7-A8R5-01	0.491379	-0.952899	-0.231565	0.397832	-0.431406	-0.816200	-0.618281	0.043358	-0.548863	0.017554	-0.420286	-0.396268	-0.952087	0.235144	0.066710	1.465965	-0.145633	-0.185299	0.974129	-0.083899	-0.928662	1.836133	-1.197090	0.095409	2.246532	1.244365	-0.793091	0.649171	-0.006115	-1.513293	0.237283	0.268132
TCGA-Z7-A8R6-01	0.686499	-1.351181	-0.072270	-0.804065	0.735550	0.131919	-0.744149	0.649472	0.703900	0.420961	0.960291	-1.029498	0.231500	-1.068385	0.996102	1.574445	-1.770209	0.346549	-0.122646	-0.208732	0.210491	0.114970	-0.052835	0.162753	0.459500	-0.272057	1.423955	-0.841638	-1.046905	1.608096	-1.454347	-0.695150
